# ************************************************************
# Sequel Pro SQL dump
# Version 4096
#
# http://www.sequelpro.com/
# http://code.google.com/p/sequel-pro/
#
# Host: localhost (MySQL 5.6.26)
# Database: coop_produce
# Generation Time: 2015-09-14 00:48:57 +0000
# ************************************************************


/*!40101 SET @OLD_CHARACTER_SET_CLIENT=@@CHARACTER_SET_CLIENT */;
/*!40101 SET @OLD_CHARACTER_SET_RESULTS=@@CHARACTER_SET_RESULTS */;
/*!40101 SET @OLD_COLLATION_CONNECTION=@@COLLATION_CONNECTION */;
/*!40101 SET NAMES utf8 */;
/*!40014 SET @OLD_FOREIGN_KEY_CHECKS=@@FOREIGN_KEY_CHECKS, FOREIGN_KEY_CHECKS=0 */;
/*!40101 SET @OLD_SQL_MODE=@@SQL_MODE, SQL_MODE='NO_AUTO_VALUE_ON_ZERO' */;
/*!40111 SET @OLD_SQL_NOTES=@@SQL_NOTES, SQL_NOTES=0 */;


# Dump of table category
# ------------------------------------------------------------

DROP TABLE IF EXISTS `category`;

CREATE TABLE `category` (
  `CATCODE` char(4) NOT NULL,
  `CATDESC` varchar(30) DEFAULT NULL,
  `CATCNT` int(11) DEFAULT NULL,
  `JUNK_SEQ` int(11) DEFAULT NULL,
  `CATACNT` int(11) DEFAULT NULL,
  `CATINS` varchar(79) DEFAULT NULL,
  `CATGLOC1` varchar(40) DEFAULT NULL,
  `CATGLOC2` varchar(40) DEFAULT NULL,
  `CATGLOC3` varchar(40) DEFAULT NULL,
  `CATGLOC4` varchar(40) DEFAULT NULL,
  `CATGLOC5` varchar(40) DEFAULT NULL,
  `CATBLOC1` varchar(40) DEFAULT NULL,
  `CATBLOC2` varchar(40) DEFAULT NULL,
  `CATBLOC3` varchar(40) DEFAULT NULL,
  `CATBLOC4` varchar(40) DEFAULT NULL,
  `CATBLOC5` varchar(40) DEFAULT NULL,
  `CATSORT1` int(11) DEFAULT NULL,
  `CATSORT2` int(11) DEFAULT NULL,
  `CATSORT3` int(11) DEFAULT NULL,
  PRIMARY KEY (`CATCODE`),
  KEY `CATCODE_IDX` (`CATCODE`)
) ENGINE=InnoDB DEFAULT CHARSET=utf8 COMMENT='Produce Category table';

LOCK TABLES `category` WRITE;
/*!40000 ALTER TABLE `category` DISABLE KEYS */;

INSERT INTO `category` (`CATCODE`, `CATDESC`, `CATCNT`, `JUNK_SEQ`, `CATACNT`, `CATINS`, `CATGLOC1`, `CATGLOC2`, `CATGLOC3`, `CATGLOC4`, `CATGLOC5`, `CATBLOC1`, `CATBLOC2`, `CATBLOC3`, `CATBLOC4`, `CATBLOC5`, `CATSORT1`, `CATSORT2`, `CATSORT3`)
VALUES
	('BAG','PLASTIC BAGS',2,77,-1,'','','','','','','','','','','',0,0,0),
	('FLO','FLOWERS',9,81,3,'','','','','','','','','','','',0,0,0),
	('FRA','FRUIT - APPLES',43,79,9,'','','','','','','','','','','',0,0,0),
	('FRC','FRUIT - CITRUS',44,75,9,'','','','','','','','','','','',0,0,0),
	('FRO','FRUIT - OTHER',230,76,134,'','','','','','','','','','','',0,0,0),
	('NUT','NUTS IN THE SHELL',9,78,1,'','','','','','','','','','','',0,0,0),
	('PLA','POTTED PLANTS',15,82,1,'','','','','','','','','','','',0,0,0),
	('VEG','VEGETABLES',582,74,442,'','','','','','','','','','','',0,0,0),
	('ZZZ','non produce',27,80,1,'','','','','','','','','','','',0,0,0);

/*!40000 ALTER TABLE `category` ENABLE KEYS */;
UNLOCK TABLES;


# Dump of table class
# ------------------------------------------------------------

DROP TABLE IF EXISTS `class`;

CREATE TABLE `class` (
  `CLACODE` varchar(8) NOT NULL,
  `CLADESC` varchar(30) DEFAULT NULL,
  `CLAFACT` decimal(8,4) DEFAULT NULL,
  `JUNK_SEQ` int(11) DEFAULT NULL,
  PRIMARY KEY (`CLACODE`),
  KEY `CLACODE_IDX` (`CLACODE`)
) ENGINE=InnoDB DEFAULT CHARSET=utf8 COMMENT='fi_class - Produce class/factor table';

LOCK TABLES `class` WRITE;
/*!40000 ALTER TABLE `class` DISABLE KEYS */;

INSERT INTO `class` (`CLACODE`, `CLADESC`, `CLAFACT`, `JUNK_SEQ`)
VALUES
	('N','NO,  SET MARKUP TO 0%',1.0000,25),
	('SP02','.02 PER POUND ADDITIVE',0.0200,26),
	('SP04','SPOILAGE ADDITIVE .04',0.0400,27),
	('SP10','SPOILAGE .10 ORGANIC',0.1000,32),
	('SP110','SPOILAGE 1.10 ORGANIC',1.1000,12),
	('SP150','SPOILAGE 1.50',1.5000,15),
	('SP200','ADD 2.00 PER CASE',2.0000,33),
	('SP22','SPOILAGE .22 ORGANIC',0.2200,31),
	('SP25','SPOILAGE .25 NON-0RGANIC',0.2500,30),
	('SP250','SPOILAGE2.50',2.5000,16),
	('SP50','SPOILAGE .50 NON-0RGANIC',0.5000,11),
	('UNIT01','UNIT ADDITIVE .01',0.0100,19),
	('UNIT02','UNIT ADDITIVE .02',0.0200,17),
	('UNIT03','UNIT ADDITIVE .03',0.0300,18),
	('UNIT05','UNIT ADDITIVE .05',0.0500,23),
	('UNIT11','UNIT ADDITIVE .11',0.1100,22),
	('UNIT14','ADD .14 TO EACH UNIT',0.1400,28),
	('UNIT20','UNIT ADDITIVE .20',0.2000,20),
	('UNIT30','UNIT ADDITIVE .30',0.3000,21),
	('UNIT50','UNIT ADDITIVE .50',0.5000,29),
	('Y','YES, USE STANDARD COOP MARKUP',1.2100,24);

/*!40000 ALTER TABLE `class` ENABLE KEYS */;
UNLOCK TABLES;


# Dump of table country
# ------------------------------------------------------------

DROP TABLE IF EXISTS `country`;

CREATE TABLE `country` (
  `CCODE` varchar(8) NOT NULL,
  `CNAME` varchar(40) DEFAULT NULL,
  PRIMARY KEY (`CCODE`),
  KEY `CCODE_IDX` (`CCODE`)
) ENGINE=InnoDB DEFAULT CHARSET=utf8 COMMENT='fi_country - produce country location of origin';

LOCK TABLES `country` WRITE;
/*!40000 ALTER TABLE `country` DISABLE KEYS */;

INSERT INTO `country` (`CCODE`, `CNAME`)
VALUES
	('ACP','Argentina, Chile, Peru'),
	('ARC','Argentina or Chile'),
	('ARG','Argentina'),
	('ARM','Argentina or Mexico'),
	('ARN','Argentina or New Zealand'),
	('ARP','Argentina or Peru'),
	('ARS','Argentina or Spain'),
	('ARU','Argentina or United States'),
	('ARW','Argentina=light, Washington=dark'),
	('AUS','Australia'),
	('AZ','Arizona'),
	('BAH','Bahamas'),
	('BEH','Belgium or Holland'),
	('BEL','Belgium'),
	('BEM','Belize or Mexico'),
	('BES','Brazil or El Salvador'),
	('BK','Brooklyn, NY'),
	('BLM','Blue Moon Acres, NJ/PA'),
	('BLU','Blue Heron Farm, New York'),
	('BLZ','Belize'),
	('BRA','Brazil'),
	('BRE','Brazil or Ecuador'),
	('BRM','Brazil or Mexico'),
	('BUL','Bulgaria'),
	('CA','California'),
	('CAD','Canada or Dominican Republic'),
	('CAH','Canada or Holland'),
	('CAM','Canada or Mexico'),
	('CAN','Canada'),
	('CAP','Canada-Peru'),
	('CAS','Canada or Spain'),
	('CAT','California or Texas'),
	('CAU','Canada or USA (read label)'),
	('CEM','COSTA RICA, EQUADOR OR MEXICO'),
	('CEP','Chile, Ecuador, Peru'),
	('CEQ','Columbia or Ecuador'),
	('CGU','Columbia or Guatemala'),
	('CHE','Chile or Ecuador'),
	('CHI','Chile'),
	('CHM','Chile or Mexico'),
	('CHN','China'),
	('CHO','Colombia or Honduras'),
	('CHP','Chile or Peru'),
	('CHS','Chile or South Africa'),
	('CHU','Chile or USA-read label'),
	('CIP','Colombia, Israel, or Palestine'),
	('CIS','Colombia or Israel'),
	('CLG','Colombia or Guatemala'),
	('CME','Colombia, Ecuador or Mexico'),
	('CMP','Costa Rica, Mexic or Peru'),
	('CMU','Canada, Mexico, USA (read label)'),
	('CMX','Colombia/Mexico'),
	('CNC','Canada or North Carolina (see label)'),
	('CNZ','Chile or New zealand'),
	('CO','Colorado'),
	('COC','Colombia or Costa Rica'),
	('COE','Costa Rica or Ecuador'),
	('COG','Costa Rica or Guatemala'),
	('COH','Costa Rica or Honduras'),
	('COI','Colombia or Israel'),
	('COL','Colombia'),
	('COM','Costa Rica or Mexico'),
	('COP','Colombia or Peru'),
	('COS','Costa Rica'),
	('CPA','Colombia or Palestine'),
	('CPP','Colombia, Palestine or Peru'),
	('CSP','Canada or Spain'),
	('CT','Connecticutt'),
	('DE','Delaware'),
	('DEE','Deep Root Coop-local (Canada)'),
	('DEH','Ecuador Honduras Dominican'),
	('DEM','Dominican Republic, Ecuador, Mexico'),
	('DHI','Dominican Republic Holland Israel'),
	('DIM','Dominican Republic, Israel or Mexico'),
	('DMM','Dominican Republic or Mexico'),
	('DNJ','NJ or Driscoll, CA'),
	('DOE','Dominican Republic or Ecuador'),
	('DOH','Dominican Republic or Holland'),
	('DOI','Dominican Republic or Israel'),
	('DOM','Dominican Republic'),
	('DOS','Dominican Republic or Spain'),
	('DUS','Dominican Republic or USA'),
	('ECA','Ecuador or USA-read label'),
	('ECC','Ecuador or Costa Rica'),
	('ECM','Ecuador or Mexico'),
	('ECP','Ecuador or Peru'),
	('ECU','Ecuador'),
	('ELM','Elm Tree Organics, Mount Joy, PA'),
	('ELS','El Salvador'),
	('EMP','Ecuador Mexico Peru DR'),
	('EOG','Ecuador or Guatemala'),
	('ESP','El Salvador or Spain'),
	('FIJ','Fiji'),
	('FIN','Fino Farms, Milton, NY'),
	('FL','Florida'),
	('FLI','Florida or Israel-read the box'),
	('FLO','Finger Lakes Organic Growers Coop NY'),
	('FRA','France'),
	('FRE','Fresh Meadow Farm, NY'),
	('FRH','France or Holland'),
	('GA','Georgia'),
	('GB','Wisconsin'),
	('GOR','Gorzynski Farm, New York'),
	('GRE','Greece'),
	('GRI','Grindstone Farm-Pulaski, NY'),
	('GSC','Georgia or South Carolina'),
	('GUA','Guatemala'),
	('GUC','Guatemala or Costa Rica'),
	('GUH','Guatemala or Honduras'),
	('GUM','Guatemala or Mexico'),
	('GUP','Guatemala or Peru'),
	('GUY','Guyana'),
	('HAI','Haiti'),
	('HAM','Haiti or Mexico'),
	('HAP','Hawaii or Peru'),
	('HAW','Hawaii'),
	('HEF','Hepworth Farm PLU# 7708'),
	('HEP','Hepworth Farms, NY'),
	('HES','Hepworth Farm PLU#7792'),
	('HIS','Holland Israel or Spain'),
	('HME','Holland or Mexico'),
	('HMP','Haiti, Mexico, or Peru'),
	('HOB','Holland or Belgium'),
	('HOC','Honduras or Canada'),
	('HOF','Holland or France'),
	('HOG','Honduras or Guatemala'),
	('HOI','Holland or Israel'),
	('HOL','Holland'),
	('HOM','Holland or Mexico'),
	('HON','Honduras'),
	('HOU','Holland or USA'),
	('HSP','Holland or Spain'),
	('ICH','Italy or Chile'),
	('ID','Idaho'),
	('IL','Illinois'),
	('IMO','Israel or Morocco'),
	('IMU','Israel, Mexico, USA- read box'),
	('IND','Indonesia'),
	('ISM','Israel or Mexico'),
	('ISP','Israel or Palestine'),
	('ISR','Israel'),
	('ISS','Israel or Spain'),
	('ISU','Israel/USA see label'),
	('ITA','Italy'),
	('ITK','Italy or Korea'),
	('ITS','Italy or Spain'),
	('JAM','Jamaica'),
	('JP','Japan'),
	('KEN','Kent Family Growers Lisbon, NY'),
	('KOR','Korea'),
	('LAD','Lady Moon Farm, Pennsylvania'),
	('LAN','Lancaster County, PA'),
	('LCA','Local or California-read the box'),
	('LI','Long Island, New York'),
	('LIT','Little Seed Gardens, Chatham, NY'),
	('LMF','Lady Moon Farm, Florida'),
	('LOC','Locally grown within 500 miles'),
	('LUC','Lucky Dog Farm, New York'),
	('MA','Massachusetts'),
	('MAC','Macedonia'),
	('MAL','Malaysia'),
	('MAR','Markristo Farm-Hillsdale, New York'),
	('MCU','Mexico, Columbia or USA'),
	('MD','Maryland'),
	('ME','Maine'),
	('MEH','Honduras or Mexico'),
	('MEN','Mexico or Nicaragua'),
	('MEP','Mexico or Peru'),
	('MES','Mexico or Spain'),
	('MEU','Mexico or USA-read box/label'),
	('MEX','Mexico'),
	('MI','Michigan'),
	('MID','Mid-Atlantic states'),
	('MIG','Migliorelli Farm, Tivoli, NY'),
	('MIL','Farm at Miller\'s Crossing, Hudson, NY'),
	('MIU','Mexico, Israel or USA- read box'),
	('MO','Missouri'),
	('MOI','Morocco or Israel'),
	('MOR','Morocco'),
	('MOS','Morocco or Spain'),
	('MOU','Morocco or USA'),
	('MS','Mississippi'),
	('MU','Mexico(black label) USA(white label)'),
	('NC','North Carolina'),
	('ND','North Dakota'),
	('NE','New England'),
	('NES','New Zealand or South Africa'),
	('NEW','New Zealand'),
	('NH','New Hampshire'),
	('NIC','Nicaragua'),
	('NIH','Nicaragua or Honduras'),
	('NJ','New Jersey'),
	('NJP','New Jersey or Peru'),
	('NJY','New Jersey or New York'),
	('NM','New Mexico'),
	('NOS','Nostrano Vineyards, New York'),
	('NY','New York'),
	('NZ','New Zealand'),
	('OH','Ohio'),
	('OLD','Old Friends Farm, Amherst MA'),
	('OR','Oregon'),
	('PA','Pennsylvania'),
	('PAC','Pacific Northwest'),
	('PAN','Panama'),
	('PAR','Paradise Farm, PA'),
	('PER','Peru'),
	('PEU','Peru or United States'),
	('PHI','Philippines'),
	('PIN','Pine Knot Farm, North Carolina'),
	('PUE','Puerto Rico'),
	('REA','Read label'),
	('RED','Red Jacket Orchards, NY'),
	('REM','Remembrance Farm Trumansburg, NY'),
	('RI','Rhode Island'),
	('RIC','Ricker Hill Orchards, Maine'),
	('RVF','Rose Valley Farm, Rose NY'),
	('SAU','Saunderskill Farm-Accord, NY'),
	('SC','South Carolina'),
	('SD','South Dakota'),
	('SEU','Southeastern USA'),
	('SIC','Sicily'),
	('SMU','Spain, Morocco, or USA'),
	('SOR','Sorbello Farm NY'),
	('SOU','South Africa'),
	('SPA','Spain'),
	('SPU','Spain or USA'),
	('STN','Stone Ridge Orchards, New York'),
	('STO','Stoneledge Farm, South Cairo, NY'),
	('TAI','Taiwan'),
	('THA','Thailand'),
	('THR','Three Swallows Farm-Ithaca, NY'),
	('TN','Tennessee'),
	('TRI','Trinidad'),
	('TUR','Turkey'),
	('TX','Texas'),
	('URU','Uruguay'),
	('USA','USA'),
	('USC','USA OR Chile'),
	('VA','Virginia'),
	('VEN','Venezuela'),
	('VT','Vermont'),
	('WA','Washington'),
	('WI','Wisconsin'),
	('WIN','Windy Ridge Farm, NY');

/*!40000 ALTER TABLE `country` ENABLE KEYS */;
UNLOCK TABLES;


# Dump of table items
# ------------------------------------------------------------

DROP TABLE IF EXISTS `items`;

CREATE TABLE `items` (
  `INVUPC` varchar(16) DEFAULT NULL,
  `INVSKU` int(11) NOT NULL,
  `INVDESC` varchar(40) DEFAULT NULL,
  `INVNAME` varchar(20) DEFAULT NULL,
  `INVPACK` decimal(8,1) DEFAULT NULL,
  `INVSIZE` varchar(8) DEFAULT NULL,
  `INVKEY` varchar(28) DEFAULT NULL,
  `INVCAT` char(4) DEFAULT NULL,
  `JUNK_SEQ` int(11) DEFAULT NULL,
  `INVOINFO` varchar(40) DEFAULT NULL,
  `INVHEAL` varchar(40) DEFAULT NULL,
  `INVPUOVER` decimal(8,3) DEFAULT NULL,
  `INVDATE` date DEFAULT NULL,
  `INVPFOVER` decimal(8,2) DEFAULT NULL,
  `INVPCAS` decimal(8,3) DEFAULT NULL,
  `INVPUNI` decimal(8,3) DEFAULT NULL,
  `INVPCLAS` decimal(8,3) DEFAULT NULL,
  `INVPMUL` decimal(8,3) DEFAULT NULL,
  `INVPADD` decimal(8,3) DEFAULT NULL,
  `INVPTAX` decimal(8,3) DEFAULT NULL,
  `INVPFIN` decimal(8,2) DEFAULT NULL,
  `INVCLAS` varchar(8) DEFAULT NULL,
  `INVCMUL` varchar(8) DEFAULT NULL,
  `INVCADD` varchar(8) DEFAULT NULL,
  `INVCTAX` varchar(8) DEFAULT NULL,
  `INVTOTVAL` decimal(8,2) DEFAULT NULL,
  `INVPLU` int(11) DEFAULT NULL,
  `INVONNHB` decimal(8,1) DEFAULT NULL,
  `INVONHG` decimal(8,1) DEFAULT NULL,
  `INVVONH` decimal(8,1) DEFAULT NULL,
  `INVPROM` tinyint(1) DEFAULT NULL,
  `INVACTV` tinyint(1) DEFAULT NULL,
  `INVSEL` tinyint(1) DEFAULT NULL,
  `INVORG` tinyint(1) DEFAULT NULL,
  `INVCCODE` varchar(8) DEFAULT NULL,
  `INVWAX` char(2) DEFAULT NULL,
  `INVADATE` date DEFAULT NULL,
  `INVPADD2` decimal(8,3) DEFAULT NULL,
  `INVCADD2` varchar(8) DEFAULT NULL,
  `INVFLAG1` tinyint(1) DEFAULT NULL,
  `INVFLAG2` tinyint(1) DEFAULT NULL,
  `INVFLAG3` tinyint(1) DEFAULT NULL,
  `INVLOSS` decimal(8,1) DEFAULT NULL,
  `INVPVEN` decimal(8,3) DEFAULT NULL,
  `INVVCODE` varchar(6) DEFAULT NULL,
  `INVCASE_ADJ` decimal(8,3) DEFAULT NULL,
  `INVMENU` varchar(17) DEFAULT NULL,
  `INVLABELNOTES` varchar(35) DEFAULT NULL,
  KEY `INVUPC_IDX` (`INVUPC`),
  KEY `INVSKU_IDX` (`INVSKU`),
  KEY `INVNAME_IDX` (`INVNAME`),
  KEY `INVKEY_IDX` (`INVKEY`),
  KEY `INVCAT_IDX` (`INVCAT`),
  KEY `INVCLAS_IDX` (`INVCLAS`),
  KEY `INVCMUL_IDX` (`INVCMUL`),
  KEY `INVCADD_IDX` (`INVCADD`),
  KEY `INVCTAX_IDX` (`INVCTAX`),
  KEY `INVCCODE_IDX` (`INVCCODE`),
  KEY `INVCADD2_IDX` (`INVCADD2`),
  KEY `INVVCODE_IDX` (`INVVCODE`),
  KEY `INVFLAG1_IDX` (`INVFLAG1`),
  KEY `VENDOR_IDX` (`INVVCODE`),
  KEY `COUNTY_CODE_IDX` (`INVCCODE`),
  KEY `CLASS_CODE_IDX` (`INVCLAS`),
  KEY `CAT_CODE_IDX` (`INVCAT`),
  CONSTRAINT `CAT_CODE_KEY` FOREIGN KEY (`INVCAT`) REFERENCES `category` (`CATCODE`) ON DELETE NO ACTION ON UPDATE NO ACTION,
  CONSTRAINT `CLASS_CODE_KEY` FOREIGN KEY (`INVCLAS`) REFERENCES `class` (`CLACODE`) ON DELETE NO ACTION ON UPDATE NO ACTION,
  CONSTRAINT `COUNTY_CODE_KEY` FOREIGN KEY (`INVCCODE`) REFERENCES `country` (`CCODE`) ON DELETE NO ACTION ON UPDATE NO ACTION,
  CONSTRAINT `VENDOR_KEY` FOREIGN KEY (`INVVCODE`) REFERENCES `suppliers` (`VENCODE`) ON DELETE NO ACTION ON UPDATE NO ACTION
) ENGINE=InnoDB DEFAULT CHARSET=utf8 COMMENT='Produce system inventory items table';

LOCK TABLES `items` WRITE;
/*!40000 ALTER TABLE `items` DISABLE KEYS */;

INSERT INTO `items` (`INVUPC`, `INVSKU`, `INVDESC`, `INVNAME`, `INVPACK`, `INVSIZE`, `INVKEY`, `INVCAT`, `JUNK_SEQ`, `INVOINFO`, `INVHEAL`, `INVPUOVER`, `INVDATE`, `INVPFOVER`, `INVPCAS`, `INVPUNI`, `INVPCLAS`, `INVPMUL`, `INVPADD`, `INVPTAX`, `INVPFIN`, `INVCLAS`, `INVCMUL`, `INVCADD`, `INVCTAX`, `INVTOTVAL`, `INVPLU`, `INVONNHB`, `INVONHG`, `INVVONH`, `INVPROM`, `INVACTV`, `INVSEL`, `INVORG`, `INVCCODE`, `INVWAX`, `INVADATE`, `INVPADD2`, `INVCADD2`, `INVFLAG1`, `INVFLAG2`, `INVFLAG3`, `INVLOSS`, `INVPVEN`, `INVVCODE`, `INVCASE_ADJ`, `INVMENU`, `INVLABELNOTES`)
VALUES
	('',1,'Aloe-organic','ALOE-ORGANIC',3.0,'ea','ALOE-ORGANICUSA','VEG',4428,'','',0.000,'2015-07-08',0.00,8.500,2.833,3.000,3.000,3.000,3.630,3.63,'SP50','','','Y',44.20,0,4.0,1.2,5.2,0,1,0,1,'USA','O','2015-01-06',3.000,'',1,1,0,0.0,2.833,'FOR000',8.500,'',''),
	('',3,'Fennel-organic twisties','FENNEL-ORGANIC TWIST',12.0,'ea','FENNEL-ORGANIC TWISTLAN','VEG',4430,'organic twisties','',0.000,'2015-07-08',0.00,26.000,2.167,2.259,2.259,2.259,2.733,2.73,'SP110','','','Y',312.00,0,10.0,2.0,12.0,0,1,0,1,'LAN','O','2014-04-21',2.259,'',1,1,0,0.0,2.167,'LAN000',26.000,'','BULBS FACE OUT'),
	('',4,'Fennel.','FENNEL.',24.0,'ea','FENNEL.USA','VEG',4431,'','',0.000,'2015-07-07',0.00,25.000,1.042,1.213,1.213,1.213,1.468,1.47,'SP50','','','Y',171.60,0,5.0,1.0,6.0,0,1,0,0,'USA','R','2015-06-08',1.213,'',1,1,0,0.0,1.192,'JED360',28.600,'','BULBS FACE OUT'),
	('',5,'Artichokes-organic','ARTICHOKES-ORGANIC',24.0,'ea','ARTICHOKES-ORGANICCA','VEG',4432,'','',0.000,'2015-05-29',0.00,50.000,2.083,2.129,2.129,2.129,2.576,2.58,'SP110','','','Y',0.00,0,0.0,0.0,0.0,0,0,0,1,'CA','O','2015-04-27',2.129,'',1,0,0,0.0,2.083,'ALB000',50.000,'','SMALL SPOT'),
	('',6,'Artichokes.','ARTICHOKES.',24.0,'ea','ARTICHOKES.USA','VEG',4433,'','',0.000,'2015-07-07',0.00,20.000,0.833,1.004,1.004,1.004,1.215,1.22,'SP50','','','Y',306.80,0,11.0,2.0,13.0,0,1,0,0,'USA','R','2015-06-24',1.004,'',1,1,0,0.0,0.983,'JED360',23.600,'',''),
	('',7,'Arugula-bunched, organic','ARUGULA-BUNCHED, ORG',24.0,'bu','ARUGULA-BUNCHED, ORGLOC','VEG',4434,'org twisties','',0.000,'2015-07-08',0.00,24.000,1.000,1.046,1.046,1.046,1.266,1.27,'SP110','','','Y',50.40,0,2.0,0.1,2.1,0,1,0,1,'LOC','O','2015-07-06',1.046,'',0,1,0,0.0,1.000,'HEP000',24.000,'','2 WIDE'),
	('',8,'Arugula. bunched','ARUGULA. BUNCHED',24.0,'bu','ARUGULA. BUNCHEDNJ','VEG',4435,'','',0.000,'2015-07-08',0.00,10.000,0.417,0.588,0.588,0.588,0.711,0.71,'SP50','','','Y',40.80,0,2.5,0.5,3.0,0,1,0,0,'NJ','R','2015-05-13',0.588,'',1,1,0,0.0,0.567,'JED360',13.600,'',''),
	('',9,'Asparagus-bunched twisties organic','ASPARAGUS-BUNCHED TW',28.0,'lb','ASPARAGUS-BUNCHED TWLOC','VEG',4436,'organic twisties','',0.000,'2015-07-07',0.00,112.000,4.000,4.039,4.039,4.039,4.887,4.89,'SP110','','','Y',0.00,0,0.0,0.0,0.0,0,0,0,1,'LOC','O','2015-07-07',4.039,'',0,0,0,0.0,4.000,'GRI000',112.000,'','3 WIDE'),
	('',10,'Asparagus. bunched','ASPARAGUS. BUNCHED',11.0,'lb','ASPARAGUS. BUNCHEDPER','VEG',4437,'','',0.000,'2015-07-08',0.00,25.000,2.273,2.645,2.645,2.645,3.200,3.20,'SP50','','','Y',972.40,0,32.0,2.0,34.0,0,1,0,0,'PER','R','2015-06-29',2.645,'',0,1,0,0.0,2.600,'JED360',28.600,'','3 WIDE'),
	('',11,'Basil-purple, organic','BASIL-PURPLE, ORGANI',24.0,'bu','BASIL-PURPLE, ORGANIHEP','VEG',4438,'whole case in one bag','',0.000,'2015-07-08',0.00,24.000,1.000,1.046,1.066,1.066,1.290,1.29,'SP110','UNIT02','','Y',98.40,0,4.1,0.0,4.1,0,1,0,1,'HEP','O','2015-07-06',1.066,'',1,1,0,0.0,1.000,'HEP000',24.000,'','DISPLAY IN BAG'),
	('',12,'Basil.','BASIL.',15.0,'bu','BASIL.NJ','VEG',4439,'','',0.000,'2015-07-07',0.00,18.000,1.200,1.473,1.473,1.473,1.782,1.78,'SP50','','','Y',196.56,0,9.0,0.1,9.1,0,1,0,0,'NJ','R','2015-01-21',1.473,'',1,1,0,0.0,1.440,'JED360',21.600,'','ROOTS FACE OUT'),
	('',14,'Purslane-wild, organic','PURSLANE-WILD, ORGAN',8.0,'lb','PURSLANE-WILD, ORGANFRE','VEG',4441,'','',0.000,'2015-07-08',0.00,8.000,1.000,1.138,1.138,1.138,1.377,1.38,'SP110','','','Y',8.80,0,1.0,0.1,1.1,0,1,0,1,'FRE','O','2015-07-07',1.138,'',0,1,0,0.0,1.000,'FRE000',8.000,'',''),
	('',15,'Beans-green organic','BEANS-GREEN ORGANIC',25.0,'lb','BEANS-GREEN ORGANICLOC','VEG',4442,'','',0.000,'2015-07-07',0.00,55.000,2.200,2.244,2.244,2.244,2.715,2.72,'SP110','','','Y',1210.00,0,21.0,1.0,22.0,0,1,0,1,'LOC','O','2015-07-03',2.244,'',0,1,0,0.0,2.200,'HEP000',55.000,'',''),
	('',16,'Beans-green. round.','BEANS-GREEN. ROUND.',27.0,'lb','BEANS-GREEN. ROUND.NC','VEG',4443,'','',0.000,'2015-06-23',0.00,24.000,0.889,1.041,1.041,1.041,1.260,1.26,'SP50','','','Y',0.00,0,0.0,0.0,0.0,0,0,0,0,'NC','R','2015-06-23',1.041,'',0,0,0,0.0,1.022,'JED360',27.600,'',''),
	('',18,'Beans-lima, organic','BEANS-LIMA, ORGANIC',10.0,'lb','BEANS-LIMA, ORGANICLAN','VEG',4445,'','',0.000,'2014-10-24',0.00,40.000,4.000,4.110,4.110,4.110,4.973,4.97,'SP110','','','Y',0.00,0,0.0,0.0,0.0,0,0,0,1,'LAN','O','2014-10-24',4.110,'',0,0,0,0.0,4.000,'LAN000',40.000,'',''),
	('',20,'Beets-chioggia, loose, organic','BEETS-CHIOGGIA, LOOS',40.0,'lb','BEETS-CHIOGGIA, LOOSLAN','VEG',4447,'','',0.000,'2015-07-08',0.00,38.000,0.950,0.978,0.978,0.978,1.183,1.18,'SP110','','','Y',79.80,0,2.0,0.1,2.1,0,1,0,1,'LAN','O','2015-07-02',0.978,'',0,1,0,0.0,0.950,'LAN000',38.000,'',''),
	('',21,'Beets-gold, loose, organic','BEETS-GOLD, LOOSE, O',40.0,'lb','BEETS-GOLD, LOOSE, OUSA','VEG',4448,'','',0.000,'2015-07-06',0.00,38.000,0.950,0.978,0.978,0.978,1.183,1.18,'SP110','','','Y',133.00,0,2.0,1.5,3.5,0,1,0,1,'USA','O','2013-10-21',0.978,'',0,1,0,0.0,0.950,'LAN000',38.000,'',''),
	('',22,'Beets-red, loose, organic','BEETS-RED, LOOSE, OR',40.0,'lb','BEETS-RED, LOOSE, ORLOC','VEG',4449,'','',0.000,'2015-07-08',0.00,35.000,0.875,0.903,0.903,0.903,1.093,1.09,'SP110','','','Y',525.00,0,13.0,2.0,15.0,0,1,0,1,'LOC','O','2013-06-27',0.903,'',0,1,0,0.0,0.875,'LAN000',35.000,'',''),
	('',24,'Beets- bunch, various, organic','BEETS- BUNCH, VARIOU',14.0,'bu','BEETS- BUNCH, VARIOULOC','VEG',4451,'','',0.000,'2015-07-08',0.00,24.000,1.714,1.793,1.793,1.793,2.170,2.17,'SP110','','','Y',160.80,0,5.7,1.0,6.7,0,1,0,1,'LOC','O','2013-10-21',1.793,'',1,1,0,0.0,1.714,'HEP000',24.000,'','BEETS FACE OUT'),
	('',26,'Bok Choy-organic','BOK CHOY-ORGANIC',35.0,'lb','BOK CHOY-ORGANICUSA','VEG',4453,'','',0.000,'2015-07-06',0.00,47.000,1.343,1.374,1.374,1.374,1.663,1.66,'SP110','','','Y',103.40,0,2.0,0.2,2.2,0,1,0,1,'USA','O','2015-03-13',1.374,'',0,1,0,0.0,1.343,'FOR000',47.000,'','1 WIDE'),
	('',27,'Greens-bok choy baby loose leaves organi','GREENS-BOK CHOY BABY',4.0,'lb','GREENS-BOK CHOY BABYHEP','VEG',4454,'','',0.000,'2015-06-09',0.00,26.000,6.500,6.775,6.775,6.775,8.198,8.20,'SP110','','','Y',0.00,0,0.0,0.0,0.0,0,0,0,0,'HEP','O','2015-06-09',6.775,'',0,0,0,0.0,6.500,'HEP000',26.000,'',''),
	('',28,'Broccoli-bunched, organic','BROCCOLI-BUNCHED, OR',14.0,'bu','BROCCOLI-BUNCHED, ORUSA','VEG',4455,'','',0.000,'2015-06-08',0.00,38.000,2.714,2.793,2.793,2.793,3.380,3.38,'SP110','','','Y',0.00,0,0.0,0.0,0.0,0,0,0,1,'USA','O','2015-06-08',2.793,'',1,0,0,0.0,2.714,'FOR000',38.000,'',''),
	('',29,'Broccoli-loose organic','BROCCOLI-LOOSE ORGAN',20.0,'lb','BROCCOLI-LOOSE ORGANLOC','VEG',4456,'','',0.000,'2015-07-08',0.00,34.000,1.700,1.755,1.755,1.755,2.124,2.12,'SP110','','','Y',1734.00,0,48.0,3.0,51.0,0,1,0,1,'LOC','O','2015-06-05',1.755,'',0,1,0,0.0,1.700,'HEP000',34.000,'',''),
	('',30,'Bok Choy-mini dwarf, organic','BOK CHOY-MINI DWARF,',6.0,'ea','BOK CHOY-MINI DWARF,USA','VEG',4457,'organic white label','',0.000,'2014-08-21',0.00,16.000,2.667,2.850,2.850,2.850,3.449,3.45,'SP110','','','Y',0.00,0,0.0,0.0,0.0,0,0,0,0,'USA','O','2012-11-01',2.850,'',1,0,0,0.0,2.667,'LAN000',16.000,'',''),
	('',31,'Broccoli. rabe organic','BROCCOLI. RABE ORGAN',24.0,'bu','BROCCOLI. RABE ORGANMIL','VEG',4458,'','',0.000,'2015-07-07',0.00,34.000,1.417,1.463,1.483,1.483,1.794,1.79,'SP110','UNIT02','','Y',68.00,0,2.0,0.0,2.0,0,1,0,1,'MIL','O','2015-07-07',1.483,'',0,1,0,0.0,1.417,'ANG000',34.000,'','SMALL SPOT'),
	('',32,'Broccoli.rabe.. (rapini)','BROCCOLI.RABE.. (RA',20.0,'bu','BROCCOLI.RABE.. (RAUSA','VEG',4459,'','',0.000,'2015-07-08',0.00,35.000,1.750,1.955,1.955,1.955,2.366,2.37,'SP50','','','Y',231.60,0,4.0,2.0,6.0,0,1,0,0,'USA','R','2015-06-29',1.955,'',1,1,0,0.0,1.930,'JED360',38.600,'','2 WIDE'),
	('',33,'Brussels sprouts-loose','BRUSSELS SPROUTS-LOO',25.0,'lb','BRUSSELS SPROUTS-LOOMEX','VEG',4460,'','',0.000,'2015-04-27',0.00,38.000,1.520,1.684,1.684,1.684,2.038,2.04,'SP50','','','Y',0.00,0,0.0,0.0,0.0,0,0,0,0,'MEX','R','2015-04-27',1.684,'',0,0,0,0.0,1.664,'JED360',41.600,'',''),
	('',34,'Brussels sprouts-stalks, organic','BRUSSELS SPROUTS-STA',10.0,'ea','BRUSSELS SPROUTS-STAHEP','VEG',4461,'','',0.000,'2014-11-21',0.00,35.000,3.500,3.610,3.610,3.610,4.368,4.37,'SP110','','','Y',0.00,0,0.0,0.0,0.0,0,0,0,1,'HEP','O','2014-11-10',3.610,'',1,0,0,0.0,3.500,'HEP000',35.000,'',''),
	('',35,'Burdock Root (Gobo)-organic','BURDOCK ROOT (GOBO)-',10.0,'lb','BURDOCK ROOT (GOBO)-USA','VEG',4462,'','',0.000,'2015-07-05',0.00,40.000,4.000,4.110,4.110,4.110,4.973,4.97,'SP110','','','Y',80.00,0,1.0,1.0,2.0,0,1,0,1,'USA','O','2013-07-19',4.110,'',0,1,0,0.0,4.000,'RVF000',40.000,'','DISPLAY IN BAG'),
	('',36,'Cabbage-green, organic','CABBAGE-GREEN, ORGAN',45.0,'lb','CABBAGE-GREEN, ORGANLOC','VEG',4463,'','',0.000,'2015-07-08',0.00,45.000,1.000,1.024,1.024,1.024,1.239,1.24,'SP110','','','Y',562.50,0,11.0,1.5,12.5,0,1,0,1,'LOC','O','2014-02-03',1.024,'',0,1,0,0.0,1.000,'HEP000',45.000,'',''),
	('',37,'Tatsoi-rosettes, organic','TATSOI-ROSETTES, ORG',20.0,'lb','TATSOI-ROSETTES, ORGHEP','VEG',4464,'','',0.000,'2014-05-30',0.00,40.000,2.000,2.055,2.055,2.055,2.487,2.49,'SP110','','','Y',0.00,0,0.0,0.0,0.0,0,0,0,0,'HEP','O','2014-05-30',2.055,'',0,0,0,0.0,2.000,'HEP000',40.000,'',''),
	('',38,'Cabbage-red, organic','CABBAGE-RED, ORGANIC',45.0,'lb','CABBAGE-RED, ORGANICLOC','VEG',4465,'','',0.000,'2015-07-08',0.00,45.000,1.000,1.024,1.024,1.024,1.239,1.24,'SP110','','','Y',225.00,0,4.0,1.0,5.0,0,1,0,1,'LOC','O','2014-11-03',1.024,'',0,1,0,0.0,1.000,'HEP000',45.000,'',''),
	('',39,'Greens-lamb\'s quarters baby organic','GREENS-LAMB\'S QUARTE',4.0,'lb','GREENS-LAMB\'S QUARTEHEP','VEG',4466,'','',0.000,'2015-05-27',0.00,26.000,6.500,6.775,6.775,6.775,8.198,8.20,'SP110','','','Y',0.00,0,0.0,0.0,0.0,0,0,0,0,'HEP','O','2015-05-27',6.775,'',0,0,0,0.0,6.500,'HEP000',26.000,'','ORGANIC'),
	('',40,'Cabbage-savoy, organic','CABBAGE-SAVOY, ORGAN',20.0,'lb','CABBAGE-SAVOY, ORGANHEP','VEG',4467,'','',0.000,'2015-07-08',0.00,24.000,1.200,1.255,1.255,1.255,1.519,1.52,'SP110','','','Y',180.00,0,6.0,1.5,7.5,0,1,0,1,'HEP','O','2015-06-23',1.255,'',0,1,0,0.0,1.200,'HEP000',24.000,'','SMALL SPOT'),
	('',41,'Cabbage-savoy.','CABBAGE-SAVOY.',45.0,'lb','CABBAGE-SAVOY.USA','VEG',4468,'','',0.000,'2004-07-08',0.00,8.000,0.178,0.269,0.269,0.269,0.325,0.33,'SP50','','','Y',0.00,0,0.0,0.0,0.0,0,0,0,0,'USA','R','2004-07-08',0.269,'',0,0,0,0.0,0.258,'JED360',11.600,'',''),
	('',42,'Carrots- bunch orange, organic','CARROTS- BUNCH ORANG',24.0,'bu','CARROTS- BUNCH ORANGLOC','VEG',4469,'','',0.000,'2015-07-08',0.00,40.000,1.667,1.713,1.713,1.713,2.073,2.07,'SP110','','','Y',320.00,0,7.0,1.0,8.0,0,1,0,1,'LOC','O','2014-10-20',1.713,'',1,1,0,0.0,1.667,'LAN000',40.000,'','CARROTS FACE OUT'),
	('',44,'Carrots-baby organic 1# bags','CARROTS-BABY ORGANIC',30.0,'ea','CARROTS-BABY ORGANICUSA','VEG',4471,'','',0.000,'2015-07-06',0.00,35.000,1.167,1.204,1.204,1.204,1.457,1.46,'SP110','','','Y',595.00,0,14.0,3.0,17.0,0,1,0,1,'USA','O','2010-05-20',1.204,'',0,1,0,0.0,1.167,'ALB000',35.000,'','2 WIDE'),
	('',45,'Carrots-baby. 1# bags','CARROTS-BABY. 1# BAG',30.0,'ea','CARROTS-BABY. 1# BAGUSA','VEG',4472,'','',0.000,'2015-07-07',0.00,22.000,0.733,0.870,0.870,0.870,1.053,1.05,'SP50','','','Y',256.00,0,8.0,2.0,10.0,0,1,0,0,'USA','R','2014-07-28',0.870,'',0,1,0,0.0,0.853,'JED360',25.600,'','1 WIDE'),
	('',46,'Carrots-1# bags, organic','CARROTS-1# BAGS, ORG',48.0,'ea','CARROTS-1# BAGS, ORGUSA','VEG',4473,'','',0.000,'2015-07-06',0.00,40.000,0.833,0.856,0.856,0.856,1.036,1.04,'SP110','','','Y',500.00,0,11.0,1.5,12.5,0,1,0,1,'USA','O','2013-01-14',0.856,'',0,1,0,0.0,0.833,'ALB000',40.000,'','2 WIDE'),
	('',47,'Carrots-1# bags, regular','CARROTS-1# BAGS, REG',48.0,'ea','CARROTS-1# BAGS, REGCAU','VEG',4474,'','',0.000,'2015-07-05',0.00,18.000,0.375,0.460,0.460,0.460,0.557,0.56,'SP50','','','Y',64.80,0,2.0,1.0,3.0,0,1,0,0,'CAU','R','2014-12-08',0.460,'',0,1,0,0.0,0.450,'JED360',21.600,'','1 WIDE'),
	('',48,'Carrots-25# bags, organic','CARROTS-25# BAGS, OR',1.0,'ea','CARROTS-25# BAGS, ORUSA','VEG',4475,'','',0.000,'2015-07-06',0.00,25.000,25.000,25.000,25.000,25.000,30.250,30.25,'','','','Y',2.50,0,0.0,0.1,0.1,0,1,0,1,'USA','O','2013-02-04',25.000,'',1,1,0,0.0,25.000,'ALB000',25.000,'',''),
	('',49,'Carrots-loose purple organic','CARROTS-LOOSE PURPLE',20.0,'lb','CARROTS-LOOSE PURPLELOC','VEG',4476,'','',0.000,'2015-03-09',0.00,39.000,1.950,2.005,2.005,2.005,2.426,2.43,'SP110','','','Y',0.00,0,0.0,0.0,0.0,0,0,0,1,'LOC','O','2015-03-09',2.005,'',1,0,0,0.0,1.950,'LAN000',39.000,'',''),
	('',50,'Carrots-loose orange, organic','CARROTS-LOOSE ORANGE',25.0,'lb','CARROTS-LOOSE ORANGEUSA','VEG',4477,'','',0.000,'2015-07-08',0.00,23.150,0.926,0.970,0.970,0.970,1.174,1.17,'SP110','','','Y',439.85,0,16.0,3.0,19.0,0,1,0,1,'USA','O','2015-01-28',0.970,'',0,1,0,0.0,0.926,'LAN000',23.150,'',''),
	('',52,'Cauliflower-orange organic','CAULIFLOWER-ORANGE O',16.0,'ea','CAULIFLOWER-ORANGE OUSA','VEG',4479,'','',0.000,'2015-06-30',0.00,41.000,2.563,2.632,2.632,2.632,3.185,3.19,'SP110','','','Y',0.00,0,0.0,0.0,0.0,0,0,0,0,'USA','O','2015-06-30',2.632,'',0,0,0,0.0,2.563,'FOR000',41.000,'',''),
	('',53,'Cauliflower.-purple.','CAULIFLOWER.-PURPLE.',12.0,'ea','CAULIFLOWER.-PURPLE.LOC','VEG',4480,'','',0.000,'2000-11-17',0.00,10.000,0.833,1.175,1.175,1.175,1.422,1.42,'SP50','','','Y',0.00,0,0.0,0.0,0.0,0,0,0,0,'LOC','R','1997-11-07',1.175,'',1,0,0,0.0,1.133,'JED360',13.600,'',''),
	('',54,'Cauliflower-unwrapped organic','CAULIFLOWER-UNWRAPPE',10.0,'ea','CAULIFLOWER-UNWRAPPELOC','VEG',4481,'','',0.000,'2014-06-25',0.00,33.000,3.300,3.410,3.410,3.410,4.126,4.13,'SP110','','','Y',0.00,0,0.0,0.0,0.0,0,0,0,1,'LOC','O','2014-06-25',3.410,'',1,0,0,0.0,3.300,'ALB000',33.000,'',''),
	('',55,'Cauliflower.-white','CAULIFLOWER.-WHITE',12.0,'ea','CAULIFLOWER.-WHITEUSA','VEG',4482,'','',0.000,'2015-01-28',0.00,33.500,2.792,2.834,2.834,2.834,3.429,3.43,'SP50','','','Y',0.00,0,0.0,0.0,0.0,0,0,0,0,'USA','R','2013-04-29',2.834,'',1,0,0,0.0,2.792,'BAL000',33.500,'',''),
	('',56,'Celery Root  (Celeriac)-organic','CELERY ROOT  (CELERI',20.0,'lb','CELERY ROOT  (CELERIKEN','VEG',4483,'','',0.000,'2015-06-01',0.00,30.000,1.500,1.555,1.555,1.555,1.882,1.88,'SP110','','','Y',0.00,0,0.0,0.0,0.0,0,0,0,1,'KEN','O','2015-06-01',1.555,'',0,0,0,0.0,1.500,'KEN000',30.000,'','ROOTS FACE OUT'),
	('',59,'Celery-organic','CELERY-ORGANIC',50.0,'lb','CELERY-ORGANICUSA','VEG',4486,'','',0.000,'2015-07-08',0.00,45.500,0.910,0.932,0.932,0.932,1.128,1.13,'SP110','','','Y',1046.50,0,21.0,2.0,23.0,0,1,0,0,'USA','O','2014-11-03',0.932,'',1,1,0,0.0,0.910,'FOR000',45.500,'','2 WIDE'),
	('',60,'Chicory-organic','CHICORY-ORGANIC',30.0,'lb','CHICORY-ORGANICHEP','VEG',4487,'','',0.000,'2015-07-07',0.00,24.000,0.800,0.837,0.837,0.837,1.013,1.01,'SP110','','','Y',26.40,0,1.0,0.1,1.1,0,1,0,0,'HEP','O','2015-07-06',0.837,'',0,1,0,0.0,0.800,'HEP000',24.000,'','SMALL SPOT'),
	('',61,'Cabbage-nappa, organic','CABBAGE-NAPPA, ORGAN',35.0,'lb','CABBAGE-NAPPA, ORGANMD','VEG',4488,'','',0.000,'2015-07-07',0.00,52.000,1.486,1.517,1.517,1.517,1.836,1.84,'SP110','','','Y',213.20,0,4.0,0.1,4.1,0,1,0,1,'MD','O','2015-06-16',1.517,'',0,1,0,0.0,1.486,'ALB000',52.000,'','2 WIDE'),
	('',63,'Cilantro-organic','CILANTRO-ORGANIC',30.0,'bu','CILANTRO-ORGANICHEP','VEG',4490,'','',0.000,'2015-07-08',0.00,28.000,0.933,0.970,0.970,0.970,1.174,1.17,'SP110','','','Y',756.00,0,24.0,3.0,27.0,0,1,0,1,'HEP','O','2014-12-01',0.970,'',1,1,0,0.0,0.933,'HEP000',28.000,'',''),
	('',66,'Collards-bunch organic','COLLARDS-BUNCH ORGAN',24.0,'bu','COLLARDS-BUNCH ORGANLOC','VEG',4493,'','',0.000,'2015-07-08',0.00,25.000,1.042,1.088,1.088,1.088,1.316,1.32,'SP110','','','Y',200.00,0,6.5,1.5,8.0,0,1,0,1,'LOC','O','2012-09-17',1.088,'',1,1,0,0.0,1.042,'HEP000',25.000,'','1 WIDE'),
	('',68,'Corn-banded organic','CORN-BANDED ORGANIC',48.0,'ea','CORN-BANDED ORGANICLAN','VEG',4495,'do not trim!-seal husk with band','',0.000,'2015-07-08',0.00,40.000,0.833,0.856,0.856,0.856,1.036,1.04,'SP110','','','Y',804.00,0,20.0,0.1,20.1,0,1,0,1,'LAN','O','2015-07-07',0.856,'',1,1,0,0.0,0.833,'LAN000',40.000,'','1 WIDE'),
	('',69,'Clementines- loose, organic','CLEMENTINES- LOOSE,',5.0,'lb','CLEMENTINES- LOOSE,ITA','FRC',4496,'','',0.000,'2014-12-29',0.00,9.500,1.900,2.120,2.120,2.120,2.565,2.57,'SP110','','','Y',0.00,0,0.0,0.0,0.0,0,0,0,1,'ITA','O','2010-01-25',2.120,'',0,0,0,0.0,1.900,'FOR000',9.500,'',''),
	('',71,'Corn-integrated pest management','CORN-INTEGRATED PEST',48.0,'ea','CORN-INTEGRATED PESTSAU','VEG',4498,'','',0.000,'2015-07-08',0.00,22.000,0.458,0.468,0.468,0.468,0.566,0.57,'SP50','','','Y',882.20,0,40.1,0.0,40.1,0,1,0,0,'SAU','I','2015-07-06',0.468,'',1,1,0,0.0,0.458,'HEP000',22.000,'',''),
	('',72,'Cucumber-kirby organic','CUCUMBER-KIRBY ORGAN',20.0,'lb','CUCUMBER-KIRBY ORGANLOC','VEG',4499,'','',0.000,'2015-07-08',0.00,28.000,1.400,1.455,1.455,1.455,1.761,1.76,'SP110','','','Y',532.00,0,18.0,1.0,19.0,0,1,0,1,'LOC','O','2015-06-23',1.455,'',0,1,0,0.0,1.400,'LAN000',28.000,'',''),
	('',73,'Cucumber-Kirby.','CUCUMBER-KIRBY.',50.0,'lb','CUCUMBER-KIRBY.FL','VEG',4500,'','',0.000,'2015-06-17',0.00,26.000,0.520,0.642,0.642,0.642,0.777,0.78,'SP250','','','Y',0.00,0,0.0,0.0,0.0,0,0,0,0,'FL','R','2015-06-17',0.642,'',0,0,0,0.0,0.592,'JED360',29.600,'','3 WIDE'),
	('',74,'Cucumber-long seedless','CUCUMBER-LONG SEEDLE',12.0,'ea','CUCUMBER-LONG SEEDLECAN','VEG',4501,'','',0.000,'2015-07-07',0.00,7.000,0.583,0.925,0.925,0.925,1.119,1.12,'SP50','','','Y',169.60,0,14.0,2.0,16.0,0,1,0,0,'CAN','R','2015-03-02',0.925,'',1,1,0,0.0,0.883,'JED360',10.600,'','1 WIDE'),
	('',75,'Cucumber-regular, organic','CUCUMBER-REGULAR, OR',20.0,'lb','CUCUMBER-REGULAR, ORLOC','VEG',4502,'','',0.000,'2015-07-08',0.00,36.000,1.800,1.855,1.855,1.855,2.245,2.25,'SP110','','','Y',828.00,0,22.0,1.0,23.0,0,1,0,1,'LOC','O','2015-01-05',1.855,'',0,1,0,0.0,1.800,'LAN000',36.000,'','3 WIDE'),
	('',76,'Cucumber-suyo jade or Armenian, organic','CUCUMBER-SUYO JADE O',10.0,'lb','CUCUMBER-SUYO JADE OLAN','VEG',4503,'','',0.000,'2015-07-05',0.00,20.000,2.000,2.110,2.110,2.110,2.553,2.55,'SP110','','','Y',40.00,0,0.0,2.0,2.0,0,1,0,0,'LAN','O','2015-06-18',2.110,'',0,1,0,0.0,2.000,'LAN000',20.000,'',''),
	('',77,'Daikon-organic','DAIKON-ORGANIC',45.0,'lb','DAIKON-ORGANICUSA','VEG',4504,'unbunch, remove twisties and rubberbands','',0.000,'2015-07-06',0.00,38.000,0.844,0.868,0.868,0.868,1.050,1.05,'SP110','','','Y',114.00,0,2.0,1.0,3.0,0,1,0,1,'USA','O','2015-01-27',0.868,'',0,1,0,0.0,0.844,'FOR000',38.000,'','1 WIDE'),
	('',78,'Kumquats.','KUMQUATS.',12.0,'ea','KUMQUATS.FL','FRC',4505,'','',0.000,'2014-12-29',0.00,29.000,2.417,2.459,2.459,2.459,2.975,2.98,'SP50','','','Y',0.00,0,0.0,0.0,0.0,0,0,0,0,'FL','R','2014-12-29',2.459,'',0,0,0,0.0,2.417,'BAL000',29.000,'',''),
	('',79,'Dandelions-green or red organic','DANDELIONS-GREEN OR',24.0,'bu','DANDELIONS-GREEN ORLOC','VEG',4506,'','',0.000,'2015-07-08',0.00,25.000,1.042,1.088,1.088,1.088,1.316,1.32,'SP110','','','Y',175.00,0,6.0,1.0,7.0,0,1,0,1,'LOC','O','2015-02-24',1.088,'',1,1,0,0.0,1.042,'HEP000',25.000,'','1 WIDE'),
	('',81,'Dill-organic','DILL-ORGANIC',24.0,'bu','DILL-ORGANICLOC','VEG',4508,'','',0.000,'2015-07-08',0.00,30.000,1.250,1.296,1.296,1.296,1.568,1.57,'SP110','','','Y',195.00,0,5.0,1.5,6.5,0,1,0,1,'LOC','O','2015-04-09',1.296,'',1,1,0,0.0,1.250,'HEP000',30.000,'','1 WIDE'),
	('',82,'Dill.','DILL.',24.0,'bu','DILL.NJ','VEG',4509,'','',0.000,'2011-05-13',0.00,22.000,0.917,1.130,1.130,1.130,1.367,1.37,'SP150','','','Y',0.00,0,0.0,0.0,0.0,0,0,0,0,'NJ','R','2011-05-13',1.130,'',1,0,0,0.0,1.067,'JED360',25.600,'',''),
	('',83,'Eggplant-organic','EGGPLANT-ORGANIC',24.0,'lb','EGGPLANT-ORGANICGA','VEG',4510,'','',0.000,'2015-07-08',0.00,42.000,1.750,1.796,1.796,1.796,2.173,2.17,'SP110','','','Y',798.00,0,17.0,2.0,19.0,0,1,0,1,'GA','O','2015-04-23',1.796,'',0,1,0,0.0,1.750,'LAN000',42.000,'',''),
	('',84,'Eggplant-regular.','EGGPLANT-REGULAR.',22.0,'lb','EGGPLANT-REGULAR.MEX','VEG',4511,'','',0.000,'2015-05-04',0.00,24.500,1.114,1.137,1.137,1.137,1.376,1.38,'SP50','','','Y',0.00,0,0.0,0.0,0.0,0,0,0,0,'MEX','R','2015-05-04',1.137,'',0,0,0,0.0,1.114,'FOR000',24.500,'',''),
	('',86,'Eggplant.-Italian','EGGPLANT.-ITALIAN',14.0,'lb','EGGPLANT.-ITALIANNJ','VEG',4513,'','',0.000,'2000-08-30',0.00,10.000,0.714,1.007,1.007,1.007,1.218,1.22,'SP50','','','Y',0.00,0,0.0,0.0,0.0,0,0,0,0,'NJ','R','2000-08-30',1.007,'',0,0,0,0.0,0.971,'JED360',13.600,'',''),
	('',88,'Eggplant.-Japanese.','EGGPLANT.-JAPANESE.',30.0,'lb','EGGPLANT.-JAPANESE.DOM','VEG',4515,'','',0.000,'2005-03-17',0.00,42.000,1.400,1.537,1.537,1.537,1.860,1.86,'SP50','','','Y',0.00,0,0.0,0.0,0.0,0,0,0,0,'DOM','R','2005-03-17',1.537,'',0,0,0,0.0,1.520,'JED360',45.600,'',''),
	('',89,'Eggplant-various organic','EGGPLANT-VARIOUS ORG',24.0,'lb','EGGPLANT-VARIOUS ORGLOC','VEG',4516,'','',0.000,'2014-11-14',0.00,30.000,1.250,1.296,1.296,1.296,1.568,1.57,'SP110','','','Y',0.00,0,0.0,0.0,0.0,0,0,0,0,'LOC','O','2014-11-14',1.296,'',0,0,0,0.0,1.250,'HEP000',30.000,'',''),
	('',90,'Endive-Belgian','ENDIVE-BELGIAN',10.0,'lb','ENDIVE-BELGIANBEH','VEG',4517,'','',0.000,'2015-07-07',0.00,12.000,1.200,1.610,1.610,1.610,1.948,1.95,'SP50','','','Y',62.40,0,2.0,2.0,4.0,0,1,0,0,'BEH','R','2015-01-05',1.610,'',0,1,0,0.0,1.560,'JED360',15.600,'','DISPLAY IN BOX'),
	('',91,'Escarole-organic','ESCAROLE-ORGANIC',22.0,'lb','ESCAROLE-ORGANICHEP','VEG',4518,'','',0.000,'2015-07-08',0.00,24.000,1.091,1.141,1.141,1.141,1.381,1.38,'SP110','','','Y',50.40,0,2.1,0.0,2.1,0,1,0,1,'HEP','O','2015-07-06',1.141,'',0,1,0,0.0,1.091,'HEP000',24.000,'','SMALL SPOT'),
	('',92,'Escarole.','ESCAROLE.',35.0,'lb','ESCAROLE.HOU','VEG',4519,'','',0.000,'2012-10-05',0.00,13.000,0.371,0.488,0.488,0.488,0.590,0.59,'SP50','','','Y',0.00,0,0.0,0.0,0.0,0,0,0,0,'HOU','R','2007-05-29',0.488,'',0,0,0,0.0,0.474,'JED360',16.600,'',''),
	('',93,'Frisee-organic','FRISEE-ORGANIC',24.0,'ea','FRISEE-ORGANICFL','VEG',4520,'','',0.000,'2015-03-17',0.00,34.000,1.417,1.463,1.463,1.463,1.770,1.77,'SP110','','','Y',0.00,0,0.0,0.0,0.0,0,0,0,1,'FL','O','2015-03-17',1.463,'',1,0,0,0.0,1.417,'FOR000',34.000,'','SMALL SPOT'),
	('',95,'Garlic Scapes-organic','GARLIC SCAPES-ORGANI',20.0,'lb','GARLIC SCAPES-ORGANILOC','VEG',4522,'','',0.000,'2015-07-05',0.00,40.000,2.000,2.055,2.055,2.055,2.487,2.49,'SP110','','','Y',480.00,0,10.0,2.0,12.0,0,1,0,1,'LOC','O','2015-06-04',2.055,'',0,1,0,0.0,2.000,'WIN000',40.000,'',''),
	('',96,'Garlic-label, organic','GARLIC-LABEL, ORGANI',30.0,'lb','GARLIC-LABEL, ORGANIMEX','VEG',4523,'org white label','',0.000,'2015-07-07',0.00,84.900,2.830,2.867,2.917,2.917,3.530,3.53,'SP110','UNIT05','','Y',1027.29,0,12.0,0.1,12.1,0,1,0,1,'MEX','O','2014-09-29',2.917,'',0,1,0,0.0,2.830,'ALB000',84.900,'','2 BOXES'),
	('',97,'Garlic.','GARLIC.',30.0,'lb','GARLIC.ARM','VEG',4524,'','',0.000,'2015-07-07',0.00,80.000,2.667,2.870,2.870,2.870,3.473,3.47,'SP250','','','Y',752.40,0,8.0,1.0,9.0,0,1,0,0,'ARM','R','2013-08-05',2.870,'',0,1,0,0.0,2.787,'JED360',83.600,'',''),
	('',99,'Ginger-organic','GINGER-ORGANIC',30.0,'lb','GINGER-ORGANICPER','VEG',4526,'','',0.000,'2015-07-06',0.00,90.000,3.000,3.037,3.037,3.037,3.675,3.68,'SP110','','','Y',405.00,0,4.0,0.5,4.5,0,1,0,0,'PER','O','2013-09-16',3.037,'',0,1,0,0.0,3.000,'FOR000',90.000,'',''),
	('',100,'Gourds-ornamental, organic','GOURDS-ORNAMENTAL, O',28.0,'lb','GOURDS-ORNAMENTAL, OLOC','VEG',4527,'','',0.000,'2014-12-01',0.00,40.000,1.429,1.468,1.468,1.468,1.776,1.78,'SP110','','','Y',0.00,0,0.0,0.0,0.0,0,0,0,1,'LOC','O','2014-12-01',1.468,'',1,0,0,0.0,1.429,'HEP000',40.000,'',''),
	('',102,'Herbs-Happy Valley plants, organic','HERBS-HAPPY VALLEY P',15.0,'ea','HERBS-HAPPY VALLEY PMA','PLA',4529,'','',0.000,'2015-06-09',0.00,27.000,1.800,1.873,1.873,1.873,2.266,2.27,'SP110','','','Y',0.00,0,0.0,0.0,0.0,0,0,0,1,'MA','O','2015-06-09',1.873,'',0,0,0,0.0,1.800,'ALB000',27.000,'',''),
	('',103,'Herbs-bag.','HERBS-BAG.',12.0,'ea','HERBS-BAG.CIS','VEG',4530,'','',0.000,'2015-01-29',0.00,12.000,1.000,1.042,1.042,1.042,1.261,1.26,'SP50','','','Y',0.00,0,0.0,0.0,0.0,0,0,0,0,'CIS','R','2015-01-29',1.042,'',0,0,0,0.0,1.000,'FOR000',12.000,'',''),
	('',104,'Horseradish. untrimmed','HORSERADISH. UNTRIMM',50.0,'lb','HORSERADISH. UNTRIMMIL','VEG',4531,'','',0.000,'2015-04-13',0.00,110.000,2.200,2.282,2.282,2.282,2.761,2.76,'SP50','','','Y',0.00,0,0.0,0.0,0.0,0,0,0,0,'IL','R','2015-04-13',2.282,'',0,0,0,0.0,2.272,'JED360',113.600,'',''),
	('',105,'Jerusalem Artichokes-organic','JERUSALEM ARTICHOKES',25.0,'lb','JERUSALEM ARTICHOKESLOC','VEG',4532,'','',0.000,'2015-06-12',0.00,56.250,2.250,2.294,2.294,2.294,2.776,2.78,'SP110','','','Y',0.00,0,0.0,0.0,0.0,0,0,0,1,'LOC','O','2015-06-12',2.294,'',0,0,0,0.0,2.250,'GRI000',56.250,'','SMALL SPOT'),
	('',106,'Jicama.','JICAMA.',35.0,'lb','JICAMA.MEX','VEG',4533,'','',0.000,'2015-07-07',0.00,26.000,0.743,0.860,0.860,0.860,1.041,1.04,'SP50','','','Y',68.08,0,2.0,0.3,2.3,0,1,0,0,'MEX','R','2015-04-28',0.860,'',0,1,0,0.0,0.846,'JED360',29.600,'',''),
	('',107,'Kale-green loose organic','KALE-GREEN LOOSE ORG',10.0,'lb','KALE-GREEN LOOSE ORGHEP','VEG',4534,'','',0.000,'2015-05-15',0.00,23.000,2.300,2.410,2.410,2.410,2.916,2.92,'SP110','','','Y',0.00,0,0.0,0.0,0.0,0,0,0,1,'HEP','O','2015-05-15',2.410,'',1,0,0,0.0,2.300,'HEP000',23.000,'',''),
	('',108,'Kale-purple stem, organic','KALE-PURPLE STEM, OR',24.0,'bu','KALE-PURPLE STEM, ORLOC','VEG',4535,'','',0.000,'2015-07-08',0.00,34.000,1.417,1.463,1.463,1.463,1.770,1.77,'SP110','','','Y',425.00,0,11.0,1.5,12.5,0,1,0,1,'LOC','O','2015-05-25',1.463,'',1,1,0,0.0,1.417,'LAN000',34.000,'','2 WIDE'),
	('',110,'Peaches-yellow, minimally treated','PEACHES-YELLOW, MINI',25.0,'lb','PEACHES-YELLOW, MINIHEP','FRO',4537,'','',0.000,'2015-05-22',0.00,33.000,1.320,1.364,1.364,1.364,1.650,1.65,'SP110','','','Y',0.00,0,0.0,0.0,0.0,0,0,0,1,'HEP','M','2014-09-17',1.364,'',0,0,0,0.0,1.320,'HEP000',33.000,'','DO NOT STACK'),
	('',111,'Turmeric.','TURMERIC.',10.0,'lb','TURMERIC.FIJ','VEG',4538,'','',0.000,'2014-10-03',0.00,57.000,5.700,5.750,5.750,5.750,6.958,6.96,'SP50','','','Y',0.00,0,0.0,0.0,0.0,0,0,0,0,'FIJ','R','2014-04-29',5.750,'',1,0,0,0.0,5.700,'BAL000',57.000,'',''),
	('',112,'Kohlrabi-bunch, organic','KOHLRABI-BUNCH, ORGA',12.0,'bu','KOHLRABI-BUNCH, ORGALOC','VEG',4539,'','',0.000,'2015-07-08',0.00,28.000,2.333,2.425,2.425,2.425,2.934,2.93,'SP110','','','Y',182.00,0,5.0,1.5,6.5,0,1,0,1,'LOC','O','2015-05-11',2.425,'',1,1,0,0.0,2.333,'HEP000',28.000,'','BULBS FACE OUT'),
	('',114,'Leeks-organic','LEEKS-ORGANIC',20.0,'lb','LEEKS-ORGANICUSA','VEG',4541,'remove rubber bands','',0.000,'2015-07-08',0.00,32.000,1.600,1.655,1.655,1.655,2.003,2.00,'SP110','','','Y',259.20,0,8.0,0.1,8.1,0,1,0,1,'USA','O','2013-09-04',1.655,'',0,1,0,0.0,1.600,'FOR000',32.000,'','ROOTS FACE OUT'),
	('',115,'Ramps-(wild leeks)','RAMPS-(WILD LEEKS)',5.0,'lb','RAMPS-(WILD LEEKS)LOC','VEG',4542,'','',0.000,'2015-05-25',0.00,45.000,9.000,9.220,9.220,9.220,11.156,11.16,'SP110','','','Y',0.00,0,0.0,0.0,0.0,0,0,0,0,'LOC','O','2015-05-25',9.220,'',0,0,0,0.0,9.000,'REG000',45.000,'','DISPLAY IN BAG'),
	('',117,'Lemon Grass. loose','LEMON GRASS. LOOSE',5.0,'lb','LEMON GRASS. LOOSEMEX','VEG',4544,'','',0.000,'2015-07-07',0.00,15.000,3.000,3.460,3.460,3.460,4.187,4.19,'SP50','','','Y',50.40,0,2.0,1.0,3.0,0,1,0,0,'MEX','R','2015-02-09',3.460,'',0,1,0,0.0,3.360,'JED180',16.800,'','DISPLAY IN BAG'),
	('',118,'Lettuce-boston/butterhead, organic','LETTUCE-BOSTON/BUTTE',18.0,'lb','LETTUCE-BOSTON/BUTTELOC','VEG',4545,'','',0.000,'2015-07-08',0.00,28.000,1.556,1.617,1.617,1.617,1.957,1.96,'SP110','','','Y',196.00,0,6.0,1.0,7.0,0,1,0,1,'LOC','O','2014-12-05',1.617,'',1,1,0,0.0,1.556,'HEP000',28.000,'',''),
	('',119,'Brussels sprouts-bag organic','BRUSSELS SPROUTS-BAG',8.0,'ea','BRUSSELS SPROUTS-BAGMEX','VEG',4546,'','',0.000,'2015-03-04',0.00,32.900,4.113,4.251,4.251,4.251,5.144,5.14,'SP110','','','Y',0.00,0,0.0,0.0,0.0,0,0,0,0,'MEX','O','2015-03-04',4.251,'',1,0,0,0.0,4.113,'ALB000',32.900,'','5 WIDE'),
	('',120,'Lettuce-baby mix BMX, organic','LETTUCE-BABY MIX BMX',8.0,'lb','LETTUCE-BABY MIX BMXNY','VEG',4547,'','',0.000,'2015-06-29',0.00,17.000,2.125,2.263,2.263,2.263,2.738,2.74,'SP110','','','Y',0.00,0,0.0,0.0,0.0,0,0,0,1,'NY','O','2015-06-29',2.263,'',1,0,0,0.0,2.125,'FRE000',17.000,'',''),
	('',122,'Lettuce-green leaf, organic','LETTUCE-GREEN LEAF,',20.0,'lb','LETTUCE-GREEN LEAF,LOC','VEG',4549,'','',0.000,'2015-07-08',0.00,28.000,1.400,1.455,1.455,1.455,1.761,1.76,'SP110','','','Y',168.00,0,5.0,1.0,6.0,0,1,0,1,'LOC','O','2015-04-02',1.455,'',0,1,0,0.0,1.400,'HEP000',28.000,'','SMALL SPOT'),
	('',123,'Beets-baby bunch organic','BEETS-BABY BUNCH ORG',24.0,'ea','BEETS-BABY BUNCH ORGHEP','VEG',4550,'','',0.000,'2014-03-25',0.00,24.000,1.000,1.046,1.046,1.046,1.266,1.27,'SP110','','','Y',0.00,0,0.0,0.0,0.0,0,0,0,0,'HEP','O','2013-06-25',1.046,'',0,0,0,0.0,1.000,'HEP000',24.000,'',''),
	('',124,'Lettuce-iceberg, organic','LETTUCE-ICEBERG, ORG',20.0,'lb','LETTUCE-ICEBERG, ORGHEP','VEG',4551,'','',0.000,'2015-07-08',0.00,24.000,1.200,1.255,1.255,1.255,1.519,1.52,'SP110','','','Y',50.40,0,2.1,0.0,2.1,0,1,0,1,'HEP','O','2015-07-06',1.255,'',0,1,0,0.0,1.200,'HEP000',24.000,'',''),
	('',126,'Lettuce-red leaf, organic','LETTUCE-RED LEAF, OR',20.0,'lb','LETTUCE-RED LEAF, ORLOC','VEG',4553,'','',0.000,'2015-07-08',0.00,28.000,1.400,1.455,1.455,1.455,1.761,1.76,'SP110','','','Y',238.00,0,8.0,0.5,8.5,0,1,0,1,'LOC','O','2015-01-07',1.455,'',0,1,0,0.0,1.400,'LAN000',28.000,'',''),
	('',127,'Beans-dragon tongue, organic','BEANS-DRAGON TONGUE,',10.0,'lb','BEANS-DRAGON TONGUE,LOC','VEG',4554,'','',0.000,'2014-11-04',0.00,25.000,2.500,2.610,2.610,2.610,3.158,3.16,'SP110','','','Y',0.00,0,0.0,0.0,0.0,0,0,0,0,'LOC','O','2014-11-04',2.610,'',0,0,0,0.0,2.500,'LAN000',25.000,'',''),
	('',128,'Lettuce-baby leaves, organic','LETTUCE-BABY LEAVES,',4.0,'lb','LETTUCE-BABY LEAVES,HEP','VEG',4555,'','',0.000,'2014-12-09',0.00,26.000,6.500,6.775,6.775,6.775,8.198,8.20,'SP110','','','Y',0.00,0,0.0,0.0,0.0,0,0,0,1,'HEP','O','2014-12-09',6.775,'',0,0,0,0.0,6.500,'HEP000',26.000,'',''),
	('',129,'Lettuce-red romaine, organic','LETTUCE-RED ROMAINE,',16.0,'lb','LETTUCE-RED ROMAINE,BLU','VEG',4556,'','',0.000,'2015-07-07',0.00,30.000,1.875,1.944,1.944,1.944,2.352,2.35,'SP110','','','Y',0.00,0,0.0,0.0,0.0,0,0,0,1,'BLU','O','2015-07-07',1.944,'',1,0,0,0.0,1.875,'BLU000',30.000,'',''),
	('',130,'Lettuce-romaine, organic','LETTUCE-ROMAINE, ORG',30.0,'lb','LETTUCE-ROMAINE, ORGHEP','VEG',4557,'','',0.000,'2015-07-08',0.00,24.000,0.800,0.837,0.837,0.837,1.013,1.01,'SP110','','','Y',348.00,0,13.0,1.5,14.5,0,1,0,1,'HEP','O','2014-11-17',0.837,'',0,1,0,0.0,0.800,'HEP000',24.000,'','3 WIDE'),
	('',131,'Melons-crenshaw, organic','MELONS-CRENSHAW, ORG',20.0,'lb','MELONS-CRENSHAW, ORGMEX','FRO',4558,'','',0.000,'2012-05-23',0.00,31.000,1.550,1.605,1.605,1.605,1.942,1.94,'SP110','','','Y',0.00,0,0.0,0.0,0.0,0,0,0,0,'MEX','O','2012-05-23',1.605,'',1,0,0,0.0,1.550,'ALB000',31.000,'',''),
	('',132,'Lotus Root','LOTUS ROOT',10.0,'lb','LOTUS ROOTCHN','VEG',4559,'','',0.000,'2007-04-29',0.00,16.000,1.600,1.830,1.830,1.830,2.214,2.21,'SP50','','','Y',0.00,0,0.0,0.0,0.0,0,0,0,0,'CHN','R','2007-04-29',1.830,'',0,0,0,0.0,1.780,'JED180',17.800,'',''),
	('',134,'Mint.','MINT.',12.0,'bu','MINT.NJ','VEG',4561,'','',0.000,'2015-07-07',0.00,11.000,0.917,1.259,1.259,1.259,1.523,1.52,'SP50','','','Y',160.60,0,9.0,2.0,11.0,0,1,0,0,'NJ','R','2015-06-24',1.259,'',1,1,0,0.0,1.217,'JED360',14.600,'',''),
	('',138,'Mushrooms-cremini, organic','MUSHROOMS-CREMINI, O',5.0,'lb','MUSHROOMS-CREMINI, OPA','VEG',4565,'','',0.000,'2015-07-07',0.00,10.000,2.000,2.820,2.820,2.820,3.412,3.41,'SP50','','','Y',545.36,0,40.0,0.1,40.1,0,1,0,0,'PA','O','2012-10-31',2.820,'',0,1,0,0.0,2.720,'JED360',13.600,'','7 BOXES DO NOT STACK'),
	('',139,'Mushrooms-white, loose, organic','MUSHROOMS-WHITE, LOO',5.0,'lb','MUSHROOMS-WHITE, LOOPA','VEG',4566,'','',0.000,'2015-07-07',0.00,9.000,1.800,2.740,2.740,2.740,3.315,3.32,'SP110','','','Y',315.00,0,23.0,2.0,25.0,0,1,0,1,'PA','O','2014-02-03',2.740,'',0,1,0,0.0,2.520,'JED360',12.600,'','3 BOXES DO NOT STACK'),
	('',141,'Mushrooms-white, 8oz cups, organic','MUSHROOMS-WHITE, 8OZ',12.0,'ea','MUSHROOMS-WHITE, 8OZPA','VEG',4568,'','',0.000,'2015-07-07',0.00,14.500,1.208,1.450,1.450,1.450,1.755,1.76,'SP110','','','Y',179.30,0,10.0,1.0,11.0,0,1,0,0,'PA','O','2014-02-03',1.450,'',0,1,0,0.0,1.358,'JED180',16.300,'','3 WIDE 2 HIGH FACE UP'),
	('',142,'Mustards-green or red, organic','MUSTARDS-GREEN OR RE',24.0,'bu','MUSTARDS-GREEN OR RELOC','VEG',4569,'','',0.000,'2015-06-26',0.00,30.000,1.250,1.296,1.296,1.296,1.568,1.57,'SP110','','','Y',0.00,0,0.0,0.0,0.0,0,0,0,1,'LOC','O','2015-06-26',1.296,'',1,0,0,0.0,1.250,'LAN000',30.000,'','1 WIDE'),
	('',143,'Greens-mustard osaka baby organic','GREENS-MUSTARD OSAKA',4.0,'lb','GREENS-MUSTARD OSAKAHEP','VEG',4570,'','',0.000,'2015-05-20',0.00,26.000,6.500,6.775,6.775,6.775,8.198,8.20,'SP110','','','Y',0.00,0,0.0,0.0,0.0,0,0,0,1,'HEP','O','2015-05-20',6.775,'',0,0,0,0.0,6.500,'HEP000',26.000,'',''),
	('',144,'Brussels sprouts-8oz cup organic','BRUSSELS SPROUTS-8OZ',12.0,'ea','BRUSSELS SPROUTS-8OZHEP','VEG',4571,'','',0.000,'2014-12-02',0.00,30.000,2.500,2.592,2.592,2.592,3.136,3.14,'SP110','','','Y',0.00,0,0.0,0.0,0.0,0,0,0,0,'HEP','O','2014-12-02',2.592,'',1,0,0,0.0,2.500,'HEP000',30.000,'',''),
	('',145,'Okra. green','OKRA. GREEN',16.0,'lb','OKRA. GREENUSA','VEG',4572,'','',0.000,'2015-07-07',0.00,18.000,1.125,1.381,1.381,1.381,1.671,1.67,'SP50','','','Y',45.36,0,2.0,0.1,2.1,0,1,0,0,'USA','R','2015-07-06',1.381,'',1,1,0,0.0,1.350,'JED360',21.600,'','DISPLAY IN BOX'),
	('',146,'Onions- 3 lb bags.','ONIONS- 3 LB BAGS.',15.0,'ea','ONIONS- 3 LB BAGS.USA','VEG',4573,'','',0.000,'2015-07-07',0.00,22.000,1.467,1.740,1.740,1.740,2.105,2.11,'SP50','','','Y',588.80,0,21.0,2.0,23.0,0,1,0,1,'USA','R','2013-10-28',1.740,'',0,1,0,0.0,1.707,'JED360',25.600,'',''),
	('',148,'Onions-organic 94093 or no label','ONIONS-ORGANIC 94093',40.0,'lb','ONIONS-ORGANIC 94093USA','VEG',4575,'','',0.000,'2015-07-08',0.00,30.000,0.750,0.778,0.778,0.778,0.941,0.94,'SP110','','','Y',750.00,0,20.0,5.0,25.0,0,1,0,1,'USA','O','2012-10-15',0.778,'',0,1,0,0.0,0.750,'FOR000',30.000,'','2 CRATES HIGH'),
	('',149,'Onions-red, label, organic','ONIONS-RED, LABEL, O',25.0,'lb','ONIONS-RED, LABEL, OHEP','VEG',4576,'white organic label','',0.000,'2015-07-08',0.00,25.000,1.000,1.044,1.064,1.064,1.287,1.29,'SP110','UNIT02','','Y',875.00,0,33.0,2.0,35.0,0,1,0,1,'HEP','O','2015-05-01',1.064,'',0,1,0,0.0,1.000,'HEP000',25.000,'','2 DEEP CRATES HIGH'),
	('',150,'Onions-red.','ONIONS-RED.',25.0,'lb','ONIONS-RED.MEX','VEG',4577,'','',0.000,'2015-07-07',0.00,20.000,0.800,0.964,0.964,0.964,1.166,1.17,'SP50','','','Y',401.20,0,14.0,3.0,17.0,0,1,0,0,'MEX','R','2012-05-28',0.964,'',0,1,0,0.0,0.944,'JED360',23.600,'',''),
	('',151,'Okra-green or red organic','OKRA-GREEN OR RED OR',10.0,'lb','OKRA-GREEN OR RED ORLAN','VEG',4578,'','',0.000,'2015-07-08',0.00,30.000,3.000,3.110,3.110,3.110,3.763,3.76,'SP110','','','Y',3.00,0,0.0,0.1,0.1,0,1,1,0,'LAN','O','2015-07-08',3.110,'',0,0,0,0.0,3.000,'LAN000',30.000,'',''),
	('',152,'Shallots- cup, label, organic','SHALLOTS- CUP, LABEL',15.0,'ea','SHALLOTS- CUP, LABELUSA','VEG',4579,'small clam, org label','',0.000,'2014-03-04',0.00,40.000,2.667,2.740,2.790,2.790,3.376,3.38,'SP110','UNIT05','','Y',0.00,0,0.0,0.0,0.0,0,0,0,1,'USA','O','2014-03-04',2.790,'',1,0,0,0.0,2.667,'ALB000',40.000,'','DISPLAY IN BOX'),
	('',155,'Onions-pearl, loose organic','ONIONS-PEARL, LOOSE',10.0,'lb','ONIONS-PEARL, LOOSELAN','VEG',4582,'','',0.000,'2014-06-18',0.00,20.000,2.000,2.110,2.110,2.110,2.553,2.55,'SP110','','','Y',0.00,0,0.0,0.0,0.0,0,0,0,0,'LAN','O','2014-06-18',2.110,'',0,0,0,0.0,2.000,'LAN000',20.000,'',''),
	('',157,'Parsley-curly, organic twistie','PARSLEY-CURLY, ORGAN',24.0,'bu','PARSLEY-CURLY, ORGANHEP','VEG',4584,'organic twisties','',0.000,'2015-07-08',0.00,24.000,1.000,1.046,1.066,1.066,1.290,1.29,'SP110','UNIT02','','Y',74.40,0,3.0,0.1,3.1,0,1,0,1,'HEP','O','2015-03-05',1.066,'',1,1,0,0.0,1.000,'HEP000',24.000,'','SMALL SPOT'),
	('',158,'Parsley-plain, organic twistie','PARSLEY-PLAIN, ORGAN',24.0,'bu','PARSLEY-PLAIN, ORGANHEP','VEG',4585,'organic twisties','',0.000,'2015-07-08',0.00,24.000,1.000,1.046,1.066,1.066,1.290,1.29,'SP110','UNIT02','','Y',600.00,0,22.0,3.0,25.0,0,1,0,1,'HEP','O','2013-11-29',1.066,'',1,1,0,0.0,1.000,'HEP000',24.000,'',''),
	('',159,'Parsley.-plain.','PARSLEY.-PLAIN.',60.0,'bu','PARSLEY.-PLAIN.USA','VEG',4586,'','',0.000,'2015-07-05',0.00,30.000,0.500,0.585,0.585,0.585,0.708,0.71,'SP150','','','Y',67.20,0,1.0,1.0,2.0,0,1,0,0,'USA','R','2015-03-16',0.585,'',1,1,0,0.0,0.560,'JED360',33.600,'',''),
	('',160,'Parsley.-curly.','PARSLEY.-CURLY.',60.0,'bu','PARSLEY.-CURLY.USA','VEG',4587,'','',0.000,'2015-07-05',0.00,29.000,0.483,0.568,0.568,0.568,0.687,0.69,'SP150','','','Y',48.90,0,1.0,0.5,1.5,0,1,0,0,'USA','R','2014-04-02',0.568,'',1,1,0,0.0,0.543,'JED360',32.600,'',''),
	('',162,'Parsnips-organic','PARSNIPS-ORGANIC',15.0,'lb','PARSNIPS-ORGANICLOC','VEG',4589,'','',0.000,'2015-05-27',0.00,25.000,1.667,1.740,1.740,1.740,2.105,2.11,'SP110','','','Y',0.00,0,0.0,0.0,0.0,0,0,0,1,'LOC','O','2015-05-27',1.740,'',0,0,0,0.0,1.667,'LAN000',25.000,'',''),
	('',163,'Cardoons','CARDOONS',19.0,'lb','CARDOONSCA','VEG',4590,'','',0.000,'2013-10-22',0.00,31.500,1.658,1.684,1.684,1.684,2.038,2.04,'SP50','','','Y',0.00,0,0.0,0.0,0.0,0,0,0,0,'CA','R','2013-05-03',1.684,'',0,0,0,0.0,1.658,'BAL000',31.500,'',''),
	('',164,'Peas-snow, organic','PEAS-SNOW, ORGANIC',10.0,'lb','PEAS-SNOW, ORGANICLAN','VEG',4591,'','',0.000,'2015-06-30',0.00,30.000,3.000,3.110,3.110,3.110,3.763,3.76,'SP110','','','Y',0.00,0,0.0,0.0,0.0,0,0,0,1,'LAN','O','2015-06-30',3.110,'',0,0,0,0.0,3.000,'LAN000',30.000,'',''),
	('',165,'Peas-snow.','PEAS-SNOW.',10.0,'lb','PEAS-SNOW.GUA','VEG',4592,'','',0.000,'2015-07-08',0.00,28.000,2.800,3.210,3.210,3.210,3.884,3.88,'SP50','','','Y',3.16,0,0.1,0.0,0.1,0,1,1,0,'GUA','R','2015-07-08',3.210,'',0,1,0,0.0,3.160,'JED360',31.600,'','2 BOXES HIGH REMOVE LIDS'),
	('',167,'Peas-sugar snap.','PEAS-SUGAR SNAP.',10.0,'lb','PEAS-SUGAR SNAP.GUA','VEG',4594,'','',0.000,'2015-06-17',0.00,20.000,2.000,2.410,2.410,2.410,2.916,2.92,'SP50','','','Y',0.00,0,0.0,0.0,0.0,0,0,0,0,'GUA','R','2015-06-17',2.410,'',0,0,0,0.0,2.360,'JED360',23.600,'','2 BOXES HIGH REMOVE LID'),
	('',168,'Peas-in the pod, organic','PEAS-IN THE POD, ORG',10.0,'lb','PEAS-IN THE POD, ORGLOC','VEG',4595,'','',0.000,'2015-07-07',0.00,38.000,3.800,3.910,3.910,3.910,4.731,4.73,'SP110','','','Y',79.80,0,2.0,0.1,2.1,0,1,0,1,'LOC','O','2015-07-06',3.910,'',0,1,0,0.0,3.800,'ANG000',38.000,'',''),
	('',169,'Onion- sweet, organic label','ONION- SWEET, ORGANI',40.0,'lb','ONION- SWEET, ORGANIGA','VEG',4596,'org white label unless pre-label','',0.000,'2015-07-06',0.00,45.000,1.125,1.153,1.163,1.163,1.407,1.41,'SP110','UNIT01','','Y',540.00,0,10.0,2.0,12.0,0,1,0,0,'GA','O','2015-02-19',1.163,'',0,1,0,0.0,1.125,'FOR000',45.000,'','2 CRATES HIGH'),
	('',170,'Peppers-green, label organic','PEPPERS-GREEN, LABEL',20.0,'lb','PEPPERS-GREEN, LABELLAN','VEG',4597,'org white label','',0.000,'2015-07-08',0.00,42.000,2.100,2.155,2.165,2.165,2.620,2.62,'SP110','UNIT01','','Y',420.00,0,9.0,1.0,10.0,0,1,0,1,'LAN','O','2014-07-29',2.165,'',0,1,0,0.0,2.100,'LAN000',42.000,'','SMALL SPOT'),
	('',171,'Peppers-green.','PEPPERS-GREEN.',25.0,'lb','PEPPERS-GREEN.NJ','VEG',4598,'','',0.000,'2015-07-07',0.00,24.000,0.960,1.124,1.124,1.124,1.360,1.36,'SP50','','','Y',151.80,0,5.0,0.5,5.5,0,1,0,0,'NJ','R','2015-01-05',1.124,'',0,1,0,0.0,1.104,'JED360',27.600,'','SMALL SPOT'),
	('',172,'Peppers-orange.','PEPPERS-ORANGE.',11.0,'lb','PEPPERS-ORANGE.HOL','VEG',4599,'','',0.000,'2015-07-05',0.00,22.000,2.000,2.372,2.372,2.372,2.870,2.87,'SP50','','','Y',102.40,0,3.0,1.0,4.0,0,1,0,1,'HOL','R','2015-04-01',2.372,'',0,1,0,0.0,2.327,'JED360',25.600,'','SMALL SPOT'),
	('',173,'Peppers-jalapeno, organic','PEPPERS-JALAPENO, OR',10.0,'lb','PEPPERS-JALAPENO, ORLAN','VEG',4600,'','',0.000,'2015-07-08',0.00,20.000,2.000,2.110,2.110,2.110,2.553,2.55,'SP110','','','Y',102.00,0,5.0,0.1,5.1,0,1,0,1,'LAN','O','2015-07-07',2.110,'',0,1,0,0.0,2.000,'LAN000',20.000,'',''),
	('',174,'Peppers-jalapeno.','PEPPERS-JALAPENO.',30.0,'lb','PEPPERS-JALAPENO.USA','VEG',4601,'','',0.000,'2015-07-07',0.00,22.000,0.733,0.870,0.870,0.870,1.053,1.05,'SP50','','','Y',0.00,0,0.0,0.0,0.0,0,0,0,0,'USA','RW','2015-07-07',0.870,'',0,0,0,0.0,0.853,'JED360',25.600,'','DISPLAY IN BOX'),
	('',175,'Peppers-hot mix, organic','PEPPERS-HOT MIX, ORG',10.0,'lb','PEPPERS-HOT MIX, ORGLAN','VEG',4602,'','',0.000,'2015-07-08',0.00,35.000,3.500,3.610,3.610,3.610,4.368,4.37,'SP110','','','Y',367.50,0,9.5,1.0,10.5,0,1,0,0,'LAN','O','2015-06-30',3.610,'',0,1,0,0.0,3.500,'LAN000',35.000,'',''),
	('',176,'Peppers-frying, sweet, organic','PEPPERS-FRYING, SWEE',20.0,'lb','PEPPERS-FRYING, SWEEHEP','VEG',4603,'','',0.000,'2014-11-11',0.00,25.000,1.250,1.305,1.305,1.305,1.579,1.58,'SP110','','','Y',0.00,0,0.0,0.0,0.0,0,0,0,0,'HEP','O','2014-11-11',1.305,'',0,0,0,0.0,1.250,'HEP000',25.000,'',''),
	('',177,'Peppers-poblano.','PEPPERS-POBLANO.',24.0,'lb','PEPPERS-POBLANO.USA','VEG',4604,'','',0.000,'2015-07-08',0.00,22.000,0.917,1.088,1.088,1.088,1.316,1.32,'SP50','','','Y',0.00,0,0.0,0.0,0.0,0,0,0,0,'USA','R','2015-07-08',1.088,'',0,0,0,0.0,1.067,'JED360',25.600,'','DISPLAY IN BOX'),
	('',178,'Peppers-red, label organic','PEPPERS-RED, LABEL O',11.0,'lb','PEPPERS-RED, LABEL OHOL','VEG',4605,'org white label unless pre-label','',0.000,'2015-07-08',0.00,47.000,4.273,4.373,4.393,4.393,5.316,5.32,'SP110','UNIT02','','Y',1457.00,0,29.0,2.0,31.0,0,1,0,1,'HOL','O','2015-03-10',4.393,'',0,1,0,0.0,4.273,'FOR000',47.000,'',''),
	('',179,'Peppers-red.','PEPPERS-RED.',25.0,'lb','PEPPERS-RED.HOM','VEG',4606,'','',0.000,'2015-07-07',0.00,38.000,1.520,1.684,1.684,1.684,2.038,2.04,'SP50','','','Y',582.40,0,12.0,2.0,14.0,0,1,0,0,'HOM','RW','2015-02-09',1.684,'',0,1,0,0.0,1.664,'JED360',41.600,'',''),
	('',182,'Peppers-yellow, label organic','PEPPERS-YELLOW, LABE',11.0,'lb','PEPPERS-YELLOW, LABEHOL','VEG',4609,'org white label unless pre-label','',0.000,'2015-07-08',0.00,45.000,4.091,4.191,4.211,4.211,5.095,5.10,'SP110','UNIT02','','Y',405.00,0,8.0,1.0,9.0,0,1,0,1,'HOL','O','2014-02-05',4.211,'',0,1,0,0.0,4.091,'FOR000',45.000,'','SMALL SPOT'),
	('',183,'Peppers-yellow.','PEPPERS-YELLOW.',11.0,'lb','PEPPERS-YELLOW.HOL','VEG',4610,'','',0.000,'2015-07-07',0.00,18.000,1.636,2.008,2.008,2.008,2.430,2.43,'SP50','','','Y',108.00,0,4.0,1.0,5.0,0,1,0,0,'HOL','R','2015-06-01',2.008,'',0,1,0,0.0,1.963,'JED360',21.600,'','SMALL SPOT'),
	('',185,'Potato- 5lb bag russet, organic','POTATO- 5LB BAG RUSS',10.0,'ea','POTATO- 5LB BAG RUSSUSA','VEG',4612,'','',0.000,'2015-07-06',0.00,32.000,3.200,3.310,3.310,3.310,4.005,4.01,'SP110','','','Y',256.00,0,7.0,1.0,8.0,0,1,0,1,'USA','O','2014-11-07',3.310,'',0,1,0,0.0,3.200,'FOR000',32.000,'','2 CRATES'),
	('',186,'Potato-5.lb. bag round white (eastern)','POTATO-5.LB. BAG ROU',10.0,'ea','POTATO-5.LB. BAG ROULOC','VEG',4613,'','',0.000,'2013-08-29',0.00,18.000,1.800,1.850,1.850,1.850,2.239,2.24,'SP50','','','Y',0.00,0,0.0,0.0,0.0,0,0,0,0,'LOC','R','2006-04-04',1.850,'',0,0,0,0.0,1.800,'FOR000',18.000,'',''),
	('',187,'Potatoes-purple, organic','POTATOES-PURPLE, ORG',50.0,'lb','POTATOES-PURPLE, ORGNY','VEG',4614,'','',0.000,'2015-02-11',0.00,54.000,1.080,1.102,1.102,1.102,1.333,1.33,'SP110','','','Y',0.00,0,0.0,0.0,0.0,0,0,0,1,'NY','O','2015-02-11',1.102,'',0,0,0,0.0,1.080,'ANG000',54.000,'',''),
	('',188,'Potatoes- all red, label, organic','POTATOES- ALL RED, L',20.0,'lb','POTATOES- ALL RED, LUSA','VEG',4615,'org white label','',0.000,'2014-09-12',0.00,26.000,1.300,1.355,1.355,1.355,1.640,1.64,'SP110','','','Y',0.00,0,0.0,0.0,0.0,0,0,0,1,'USA','O','1999-07-18',1.355,'',0,0,0,0.0,1.300,'BLU000',26.000,'',''),
	('',189,'Pears-anjou, organic','PEARS-ANJOU, ORGANIC',44.0,'lb','PEARS-ANJOU, ORGANICUSA','FRO',4616,'','',0.000,'2015-02-23',0.00,60.000,1.364,1.389,1.389,1.389,1.681,1.68,'SP110','','','Y',0.00,0,0.0,0.0,0.0,0,0,0,1,'USA','O','2015-02-23',1.389,'',0,0,0,0.0,1.364,'FOR000',60.000,'',''),
	('',190,'Potatoes-red, organic','POTATOES-RED, ORGANI',50.0,'lb','POTATOES-RED, ORGANILAN','VEG',4617,'','',0.000,'2015-07-08',0.00,40.000,0.800,0.822,0.822,0.822,0.995,1.00,'SP110','','','Y',360.00,0,8.0,1.0,9.0,0,1,0,1,'LAN','O','2013-09-04',0.822,'',0,1,0,0.0,0.800,'LAN000',40.000,'','2 CRATES'),
	('',191,'Potatoes-russet, organic','POTATOES-RUSSET, ORG',50.0,'lb','POTATOES-RUSSET, ORGUSA','VEG',4618,'','',0.000,'2015-05-25',0.00,38.000,0.760,0.782,0.782,0.782,0.946,0.95,'SP110','','','Y',0.00,0,0.0,0.0,0.0,0,0,0,1,'USA','O','2015-05-25',0.782,'',0,0,0,0.0,0.760,'FOR000',38.000,'','2 CRATES'),
	('',193,'Potatoes-yukon gold, organic','POTATOES-YUKON GOLD,',50.0,'lb','POTATOES-YUKON GOLD,LAN','VEG',4620,'','',0.000,'2015-07-08',0.00,50.000,1.000,1.022,1.022,1.022,1.237,1.24,'SP110','','','Y',2000.00,0,34.0,6.0,40.0,0,1,0,1,'LAN','O','2013-05-07',1.022,'',0,1,0,0.0,1.000,'LAN000',50.000,'','5 CRATES'),
	('',194,'Potatoes.-long white','POTATOES.-LONG WHITE',50.0,'lb','POTATOES.-LONG WHITEUSA','VEG',4621,'','',0.000,'2001-07-24',0.00,16.000,0.320,0.402,0.402,0.402,0.486,0.49,'SP50','','','Y',0.00,0,0.0,0.0,0.0,0,0,0,0,'USA','R','2001-07-24',0.402,'',0,0,0,0.0,0.392,'JED360',19.600,'',''),
	('',195,'Potatoes.-red, blank label','POTATOES.-RED, BLANK',50.0,'lb','POTATOES.-RED, BLANKUSA','VEG',4622,'blank label','',0.000,'2008-01-08',0.00,19.000,0.380,0.390,0.400,0.400,0.484,0.48,'SP50','UNIT01','','Y',0.00,0,0.0,0.0,0.0,0,0,0,0,'USA','R','2007-08-02',0.400,'',0,0,0,0.0,0.380,'FOR000',19.000,'',''),
	('',197,'Mamoncillo (Quenepas)','MAMONCILLO',20.0,'lb','MAMONCILLODOM','FRO',4624,'','',0.000,'2015-07-07',0.00,28.000,1.400,1.605,1.605,1.605,1.942,1.94,'SP50','','','Y',135.88,0,4.0,0.3,4.3,0,1,0,0,'DOM','R','2015-06-29',1.605,'',0,1,0,0.0,1.580,'JED360',31.600,'',''),
	('',198,'Pumpkins-cheese type, organic','PUMPKINS-CHEESE TYPE',45.0,'lb','PUMPKINS-CHEESE TYPEHEP','VEG',4625,'','',0.000,'2015-01-19',0.00,17.000,0.378,0.402,0.402,0.402,0.486,0.49,'SP110','','','Y',0.00,0,0.0,0.0,0.0,0,0,0,1,'HEP','O','2015-01-19',0.402,'',0,0,0,0.0,0.378,'HEP000',17.000,'',''),
	('',199,'Pumpkins-for cooking, organic','PUMPKINS-FOR COOKING',30.0,'lb','PUMPKINS-FOR COOKINGLOC','VEG',4626,'','',0.000,'2014-12-24',0.00,28.000,0.933,0.970,0.970,0.970,1.174,1.17,'SP110','','','Y',0.00,0,0.0,0.0,0.0,0,0,0,1,'LOC','O','2014-12-24',0.970,'',1,0,0,0.0,0.933,'FLO000',28.000,'',''),
	('',200,'Pumpkin-jackbelittle organic','PUMPKIN-JACKBELITTLE',40.0,'lb','PUMPKIN-JACKBELITTLENY','VEG',4627,'','',0.000,'2014-09-01',0.00,30.500,0.763,0.791,0.791,0.791,0.957,0.96,'SP110','','','Y',0.00,0,0.0,0.0,0.0,0,0,0,1,'NY','O','2012-11-20',0.791,'',1,0,0,0.0,0.763,'GRI000',30.500,'',''),
	('',202,'Radicchio.','RADICCHIO.',4.5,'lb','RADICCHIO.USA','VEG',4629,'','',0.000,'2013-06-10',0.00,13.500,3.000,3.111,3.111,3.111,3.764,3.76,'SP50','','','Y',0.00,0,0.0,0.0,0.0,0,0,0,0,'USA','R','2013-06-10',3.111,'',0,0,0,0.0,3.000,'BAL000',13.500,'','DISPLAY IN BOX'),
	('',203,'Cucumber-mini snacker, organic','CUCUMBER-MINI SNACKE',14.0,'lb','CUCUMBER-MINI SNACKEHEP','VEG',4630,'','',0.000,'2014-07-24',0.00,18.000,1.286,1.365,1.365,1.365,1.652,1.65,'SP110','','','Y',0.00,0,0.0,0.0,0.0,0,0,0,1,'HEP','O','2014-07-24',1.365,'',0,0,0,0.0,1.286,'HEP000',18.000,'',''),
	('',204,'Radishes-bunch, organic','RADISHES-BUNCH, ORGA',24.0,'bu','RADISHES-BUNCH, ORGALOC','VEG',4631,'','',0.000,'2015-07-08',0.00,24.000,1.000,1.046,1.046,1.046,1.266,1.27,'SP110','','','Y',552.00,0,22.0,1.0,23.0,0,1,0,1,'LOC','O','2015-01-09',1.046,'',1,1,0,0.0,1.000,'HEP000',24.000,'','RADISHES FACE OUT'),
	('',205,'Watercress-organic','WATERCRESS-ORGANIC',36.0,'ea','WATERCRESS-ORGANICBLU','VEG',4632,'','',0.000,'2014-10-22',0.00,60.000,1.667,1.698,1.698,1.698,2.055,2.06,'SP110','','','Y',0.00,0,0.0,0.0,0.0,0,0,0,1,'BLU','O','2014-10-22',1.698,'',1,0,0,0.0,1.667,'BLU000',60.000,'',''),
	('',206,'Radicchio- red organic','RADICCHIO- RED ORGAN',5.0,'lb','RADICCHIO- RED ORGANLAN','VEG',4633,'','',0.000,'2015-07-06',0.00,22.000,4.400,4.620,4.620,4.620,5.590,5.59,'SP110','','','Y',88.00,0,3.0,1.0,4.0,0,1,0,0,'LAN','O','2015-01-06',4.620,'',1,1,0,0.0,4.400,'LAN000',22.000,'','DISPLAY IN BOX'),
	('',207,'Peppers-frying, sweet IPM','PEPPERS-FRYING, SWEE',20.0,'lb','PEPPERS-FRYING, SWEEBK','VEG',4634,'','',0.000,'2014-11-24',0.00,30.000,1.500,1.555,1.555,1.555,1.882,1.88,'SP110','','','Y',0.00,0,0.0,0.0,0.0,0,0,0,0,'BK','I','2014-11-24',1.555,'',1,0,0,0.0,1.500,'BKG000',30.000,'',''),
	('',208,'Rhubarb-organic','RHUBARB-ORGANIC',20.0,'lb','RHUBARB-ORGANICLAN','VEG',4635,'','',0.000,'2015-07-05',0.00,50.000,2.500,2.555,2.555,2.555,3.092,3.09,'SP110','','','Y',550.00,0,10.0,1.0,11.0,0,1,0,1,'LAN','O','2015-06-26',2.555,'',0,1,0,0.0,2.500,'LAN000',50.000,'',''),
	('',209,'Rhubarb.','RHUBARB.',10.0,'lb','RHUBARB.USA','VEG',4636,'','',0.000,'2015-03-24',0.00,57.000,5.700,5.750,5.750,5.750,6.958,6.96,'SP50','','','Y',0.00,0,0.0,0.0,0.0,0,0,0,0,'USA','R','2015-03-24',5.750,'',0,0,0,0.0,5.700,'BAL000',57.000,'',''),
	('',210,'Rutabagas-organic','RUTABAGAS-ORGANIC',25.0,'lb','RUTABAGAS-ORGANICREM','VEG',4637,'','',0.000,'2015-05-12',0.00,25.000,1.000,1.044,1.044,1.044,1.263,1.26,'SP110','','','Y',0.00,0,0.0,0.0,0.0,0,0,0,1,'REM','O','2015-05-12',1.044,'',0,0,0,0.0,1.000,'REM000',25.000,'',''),
	('',212,'Salad Mix-loose, organic','SALAD MIX-LOOSE, ORG',3.0,'lb','SALAD MIX-LOOSE, ORGBLM','VEG',4639,'','',0.000,'2015-07-08',0.00,14.750,4.917,5.284,5.284,5.284,6.394,6.39,'SP110','','','Y',812.73,0,53.1,2.0,55.1,0,1,0,1,'BLM','O','2015-05-26',5.284,'',0,1,0,0.0,4.917,'BLM000',14.750,'','1 WIDE'),
	('',213,'Sorrel-cup organic','SORREL-CUP ORGANIC',12.0,'ea','SORREL-CUP ORGANICFRE','VEG',4640,'','',0.000,'2015-07-08',0.00,22.200,1.850,1.942,1.942,1.942,2.350,2.35,'SP110','','','Y',46.62,0,2.0,0.1,2.1,0,1,0,1,'FRE','O','2015-07-07',1.942,'',0,1,0,0.0,1.850,'FRE000',22.200,'','2 WIDE'),
	('',214,'NatbyNat Ricotta lite org','NATBYNAT RICOTTA LIT',12.0,'ea','NATBYNAT RICOTTA LITUSA','ZZZ',4641,'','',0.000,'2012-01-23',0.00,44.000,3.667,3.667,3.667,3.667,4.437,4.44,'','','','Y',0.00,0,0.0,0.0,0.0,0,0,0,1,'USA','O','2012-01-23',3.667,'',1,1,0,0.0,3.667,'ALB000',44.000,'',''),
	('',216,'Scallions-purple bulb, organic','SCALLIONS-PURPLE BUL',48.0,'bu','SCALLIONS-PURPLE BULLAN','VEG',4643,'','',0.000,'2015-07-01',0.00,48.000,1.000,1.023,1.023,1.023,1.238,1.24,'SP110','','','Y',0.00,0,0.0,0.0,0.0,0,0,0,1,'LAN','O','2015-07-01',1.023,'',1,0,0,0.0,1.000,'LAN000',48.000,'','1 WIDE'),
	('',217,'Scallions-organic','SCALLIONS-ORGANIC',24.0,'bu','SCALLIONS-ORGANICHEP','VEG',4644,'','',0.000,'2015-07-08',0.00,24.000,1.000,1.046,1.046,1.046,1.266,1.27,'SP110','','','Y',362.40,0,15.0,0.1,15.1,0,1,0,1,'HEP','O','2015-07-06',1.046,'',1,1,0,0.0,1.000,'HEP000',24.000,'','1 WIDE'),
	('',218,'Scallions.','SCALLIONS.',48.0,'bu','SCALLIONS.MEX','VEG',4645,'','',0.000,'2013-05-29',0.00,16.000,0.333,0.439,0.439,0.439,0.531,0.53,'SP150','','','Y',0.00,0,0.0,0.0,0.0,0,0,0,0,'MEX','R','2013-05-29',0.439,'',1,0,0,0.0,0.408,'JED360',19.600,'','1 WIDE'),
	('',219,'Shallots.','SHALLOTS.',10.0,'lb','SHALLOTS.HOF','VEG',4646,'','',0.000,'2015-07-07',0.00,7.000,0.700,0.840,0.840,0.840,1.016,1.02,'SP50','','','Y',110.60,0,12.0,2.0,14.0,0,1,0,0,'HOF','R','2015-02-09',0.840,'',0,1,0,0.0,0.790,'JED090',7.900,'',''),
	('',221,'Spinach- bunch, organic','SPINACH- BUNCH, ORGA',24.0,'bu','SPINACH- BUNCH, ORGALOC','VEG',4648,'','',0.000,'2015-07-07',0.00,28.000,1.167,1.213,1.213,1.213,1.468,1.47,'SP110','','','Y',308.00,0,10.0,1.0,11.0,0,1,0,1,'LOC','O','2015-05-07',1.213,'',1,1,0,0.0,1.167,'HEP000',28.000,'','4 WIDE'),
	('',222,'Corn-ornamental large bunch organic','CORN-ORNAMENTAL LARG',12.0,'bu','CORN-ORNAMENTAL LARGLOC','VEG',4649,'','',0.000,'2013-10-23',0.00,24.000,2.000,2.092,2.092,2.092,2.531,2.53,'SP110','','','Y',0.00,0,0.0,0.0,0.0,0,0,0,0,'LOC','O','2012-10-17',2.092,'',1,0,0,0.0,2.000,'LAN000',24.000,'',''),
	('',223,'Spinach baby loose leaves organic','SPINACH BABY LOOSE L',4.0,'lb','SPINACH BABY LOOSE LMEU','VEG',4650,'','',0.000,'2015-06-15',0.00,15.500,3.875,4.150,4.150,4.150,5.022,5.02,'SP110','','','Y',0.00,0,0.0,0.0,0.0,0,0,0,1,'MEU','O','2015-06-15',4.150,'',0,0,0,0.0,3.875,'ALB000',15.500,'','DISPLAY IN BAG'),
	('',224,'Sprouts-alfalfa, organic','SPROUTS-ALFALFA, ORG',12.0,'ea','SPROUTS-ALFALFA, ORGLOC','VEG',4651,'','',0.000,'2015-07-06',0.00,13.350,1.113,1.155,1.155,1.155,1.398,1.40,'SP50','','','Y',106.80,0,6.0,2.0,8.0,0,1,0,1,'LOC','O','2015-02-09',1.155,'',0,1,0,0.0,1.113,'FOR000',13.350,'','3 WIDE FACE FRONT'),
	('',226,'Sprouts-crunchy/mix bean organic','SPROUTS-CRUNCHY/MIX',12.0,'ea','SPROUTS-CRUNCHY/MIXLOC','VEG',4653,'rubber band to keep closed','',0.000,'2015-07-06',0.00,20.100,1.675,1.717,1.717,1.717,2.078,2.08,'SP50','','','Y',301.50,0,13.0,2.0,15.0,0,1,0,1,'LOC','O','2015-01-02',1.717,'',0,1,0,0.0,1.675,'FOR000',20.100,'','3 WIDE 2 HIGH FACE UP'),
	('',227,'Sprouts-garden pesticide free','SPROUTS-GARDEN PESTI',12.0,'ea','SPROUTS-GARDEN PESTILOC','VEG',4654,'','',0.000,'2014-09-03',0.00,19.000,1.583,1.625,1.625,1.625,1.966,1.97,'SP50','','','Y',0.00,0,0.0,0.0,0.0,0,0,0,1,'LOC','P','2014-09-03',1.625,'',0,0,0,0.0,1.583,'PAI000',19.000,'','3 WIDE FACE FRONT'),
	('',228,'Sprouts-bean (mung), organic','SPROUTS-BEAN (MUNG),',12.0,'ea','SPROUTS-BEAN (MUNG),LOC','VEG',4655,'','',0.000,'2015-07-06',0.00,17.400,1.450,1.492,1.492,1.492,1.805,1.81,'SP50','','','Y',121.80,0,6.0,1.0,7.0,0,1,0,1,'LOC','O','2015-06-16',1.492,'',0,1,0,0.0,1.450,'FOR000',17.400,'','3 WIDE FACE FRONT'),
	('',229,'Sprouts-spicy, organic','SPROUTS-SPICY, ORGAN',12.0,'ea','SPROUTS-SPICY, ORGANLOC','VEG',4656,'','',0.000,'2015-07-06',0.00,16.150,1.346,1.388,1.388,1.388,1.679,1.68,'SP50','','','Y',64.60,0,2.0,2.0,4.0,0,1,0,1,'LOC','O','2015-01-02',1.388,'',0,1,0,0.0,1.346,'FOR000',16.150,'','3 WIDE FACE FRONT'),
	('',230,'Sprouts-sunflower, 4oz organic','SPROUTS-SUNFLOWER, 4',1.0,'ea','SPROUTS-SUNFLOWER, 4NY','VEG',4657,'','',0.000,'2015-07-06',0.00,3.000,3.000,3.100,3.100,3.100,3.751,3.75,'SP10','','','Y',66.00,0,0.0,22.0,22.0,0,1,0,1,'NY','O','2015-04-21',3.100,'',0,1,0,0.0,3.000,'PER000',3.000,'','2 WIDE FACE FRONT'),
	('',231,'Squash-acorn, organic','SQUASH-ACORN, ORGANI',35.0,'lb','SQUASH-ACORN, ORGANIMEU','VEG',4658,'','',0.000,'2015-07-06',0.00,32.000,0.914,0.945,0.945,0.945,1.143,1.14,'SP110','','','Y',96.00,0,2.0,1.0,3.0,0,1,0,1,'MEU','O','2015-02-24',0.945,'',0,1,0,0.0,0.914,'ALB000',32.000,'',''),
	('',232,'Squash-roly poly mix, organic','SQUASH-ROLY POLY MIX',25.0,'lb','SQUASH-ROLY POLY MIXLOC','VEG',4659,'','',0.000,'2015-07-08',0.00,30.000,1.200,1.244,1.244,1.244,1.505,1.51,'SP110','','','Y',180.00,0,5.0,1.0,6.0,0,1,0,0,'LOC','O','2015-06-30',1.244,'',0,1,0,0.0,1.200,'LAN000',30.000,'','SMALL SPOT'),
	('',233,'Squash-hubbard, organic','SQUASH-HUBBARD, ORGA',35.0,'lb','SQUASH-HUBBARD, ORGALOC','VEG',4660,'','',0.000,'2014-11-25',0.00,30.000,0.857,0.888,0.888,0.888,1.074,1.07,'SP110','','','Y',0.00,0,0.0,0.0,0.0,0,0,0,1,'LOC','O','2014-11-25',0.888,'',0,0,0,0.0,0.857,'HEP000',30.000,'',''),
	('',234,'Squash-winter, any organic','SQUASH-WINTER, ANY O',35.0,'lb','SQUASH-WINTER, ANY OMEX','VEG',4661,'','',0.000,'2015-07-08',0.00,32.000,0.914,0.945,0.945,0.945,1.143,1.14,'SP110','','','Y',3.20,0,0.0,0.1,0.1,0,1,0,1,'MEX','O','2015-05-20',0.945,'',0,1,0,0.0,0.914,'ALB000',32.000,'',''),
	('',235,'Squash-butternut, organic','SQUASH-BUTTERNUT, OR',35.0,'lb','SQUASH-BUTTERNUT, ORMEX','VEG',4662,'','',0.000,'2015-07-06',0.00,32.000,0.914,0.945,0.945,0.945,1.143,1.14,'SP110','','','Y',256.00,0,7.0,1.0,8.0,0,1,0,1,'MEX','O','2015-02-09',0.945,'',0,1,0,0.0,0.914,'ALB000',32.000,'',''),
	('',236,'Squash-black futsu, organic','SQUASH-BLACK FUTSU,',35.0,'lb','SQUASH-BLACK FUTSU,RVF','VEG',4663,'','',0.000,'2013-12-12',0.00,36.000,1.029,1.060,1.060,1.060,1.283,1.28,'SP110','','','Y',0.00,0,0.0,0.0,0.0,0,0,0,0,'RVF','O','2013-12-12',1.060,'',0,0,0,0.0,1.029,'FLO000',36.000,'',''),
	('',237,'Squash-cousa or magda, organic','SQUASH-COUSA OR MAGD',25.0,'lb','SQUASH-COUSA OR MAGDHEP','VEG',4664,'','',0.000,'2015-07-08',0.00,30.000,1.200,1.244,1.244,1.244,1.505,1.51,'SP110','','','Y',63.00,0,2.0,0.1,2.1,0,1,0,1,'HEP','O','2015-07-07',1.244,'',0,1,0,0.0,1.200,'HEP000',30.000,'','1 WIDE'),
	('',238,'Squash-delicata, organic','SQUASH-DELICATA, ORG',35.0,'lb','SQUASH-DELICATA, ORGUSA','VEG',4665,'','',0.000,'2015-01-05',0.00,35.000,1.000,1.031,1.031,1.031,1.248,1.25,'SP110','','','Y',0.00,0,0.0,0.0,0.0,0,0,0,1,'USA','O','2015-01-05',1.031,'',0,0,0,0.0,1.000,'ALB000',35.000,'',''),
	('',239,'Squash-kabocha, organic','SQUASH-KABOCHA, ORGA',35.0,'lb','SQUASH-KABOCHA, ORGAMEX','VEG',4666,'','',0.000,'2015-06-17',0.00,37.000,1.057,1.088,1.088,1.088,1.316,1.32,'SP110','','','Y',0.00,0,0.0,0.0,0.0,0,0,0,1,'MEX','O','2015-06-17',1.088,'',0,0,0,0.0,1.057,'ALB000',37.000,'',''),
	('',240,'Squash-red kuri, organic','SQUASH-RED KURI, ORG',35.0,'lb','SQUASH-RED KURI, ORGLOC','VEG',4667,'','',0.000,'2014-12-29',0.00,35.000,1.000,1.031,1.031,1.031,1.248,1.25,'SP110','','','Y',0.00,0,0.0,0.0,0.0,0,0,0,1,'LOC','O','2014-12-29',1.031,'',0,0,0,0.0,1.000,'LAN000',35.000,'',''),
	('',241,'Squash-patty pan, organic','SQUASH-PATTY PAN, OR',25.0,'lb','SQUASH-PATTY PAN, ORLOC','VEG',4668,'','',0.000,'2015-07-08',0.00,30.000,1.200,1.244,1.244,1.244,1.505,1.51,'SP110','','','Y',327.00,0,9.4,1.5,10.9,0,1,0,1,'LOC','O','2015-06-12',1.244,'',0,1,0,0.0,1.200,'LAN000',30.000,'','1 BOX'),
	('',242,'Pepper-hot, organic braid','PEPPER-HOT, ORGANIC',10.0,'ea','PEPPER-HOT, ORGANICUSA','VEG',4669,'','',0.000,'2015-03-09',0.00,72.400,7.240,7.350,7.350,7.350,8.894,8.89,'SP110','','','Y',0.00,0,0.0,0.0,0.0,0,0,0,1,'USA','O','2003-03-11',7.350,'',1,0,0,0.0,7.240,'ALB000',72.400,'',''),
	('',243,'Squash-buttercup, organic','SQUASH-BUTTERCUP, OR',35.0,'lb','SQUASH-BUTTERCUP, ORLOC','VEG',4670,'','',0.000,'2015-01-06',0.00,35.000,1.000,1.031,1.031,1.031,1.248,1.25,'SP110','','','Y',0.00,0,0.0,0.0,0.0,0,0,0,1,'LOC','O','2015-01-05',1.031,'',0,0,0,0.0,1.000,'HEP000',35.000,'',''),
	('',244,'Squash blossoms-organic','SQUASH BLOSSOMS-ORGA',12.0,'ea','SQUASH BLOSSOMS-ORGAWIN','VEG',4671,'','',0.000,'2015-07-08',0.00,60.000,5.000,5.092,5.092,5.092,6.161,6.16,'SP110','','','Y',186.00,0,3.0,0.1,3.1,0,1,0,1,'WIN','O','2015-07-07',5.092,'',1,1,0,0.0,5.000,'WIN000',60.000,'','12 BLOSSOMS IN EACH CUP'),
	('',245,'Squash-spaghetti, organic','SQUASH-SPAGHETTI, OR',35.0,'lb','SQUASH-SPAGHETTI, ORMEX','VEG',4672,'','',0.000,'2015-07-06',0.00,32.000,0.914,0.945,0.945,0.945,1.143,1.14,'SP110','','','Y',208.00,0,5.0,1.5,6.5,0,1,0,1,'MEX','O','2015-05-22',0.945,'',0,1,0,0.0,0.914,'ALB000',32.000,'',''),
	('',246,'Squash-blue hokkaido, organic','SQUASH-BLUE HOKKAIDO',35.0,'lb','SQUASH-BLUE HOKKAIDOLAN','VEG',4673,'','',0.000,'2014-12-04',0.00,30.000,0.857,0.888,0.888,0.888,1.074,1.07,'SP110','','','Y',0.00,0,0.0,0.0,0.0,0,0,0,0,'LAN','O','2014-12-04',0.888,'',0,0,0,0.0,0.857,'LAN000',30.000,'',''),
	('',247,'Squash-carnival, organic','SQUASH-CARNIVAL, ORG',35.0,'lb','SQUASH-CARNIVAL, ORGLOC','VEG',4674,'','',0.000,'2015-01-30',0.00,35.000,1.000,1.031,1.031,1.031,1.248,1.25,'SP110','','','Y',0.00,0,0.0,0.0,0.0,0,0,0,1,'LOC','O','2015-01-30',1.031,'',0,0,0,0.0,1.000,'FLO000',35.000,'',''),
	('',248,'Squash-zucchini green stripe organic','SQUASH-ZUCCHINI GREE',25.0,'lb','SQUASH-ZUCCHINI GREEHEP','VEG',4675,'','',0.000,'2015-07-08',0.00,30.000,1.200,1.244,1.244,1.244,1.505,1.51,'SP110','','','Y',63.00,0,2.0,0.1,2.1,0,1,0,0,'HEP','O','2015-07-07',1.244,'',0,1,0,0.0,1.200,'HEP000',30.000,'','1 WIDE'),
	('',249,'Squash-turban, organic','SQUASH-TURBAN, ORGAN',35.0,'lb','SQUASH-TURBAN, ORGANLOC','VEG',4676,'','',0.000,'2014-11-19',0.00,30.000,0.857,0.888,0.888,0.888,1.074,1.07,'SP110','','','Y',0.00,0,0.0,0.0,0.0,0,0,0,1,'LOC','O','2014-11-19',0.888,'',0,0,0,0.0,0.857,'LAN000',30.000,'',''),
	('',250,'Squash-yellow zucchini, organic','SQUASH-YELLOW ZUCCHI',25.0,'lb','SQUASH-YELLOW ZUCCHILOC','VEG',4677,'','',0.000,'2015-07-08',0.00,30.000,1.200,1.244,1.244,1.244,1.505,1.51,'SP110','','','Y',420.00,0,12.0,2.0,14.0,0,1,0,1,'LOC','O','2015-06-09',1.244,'',0,1,0,0.0,1.200,'LAN000',30.000,'','2 WIDE'),
	('',251,'Squash-yellow organic','SQUASH-YELLOW ORGANI',25.0,'lb','SQUASH-YELLOW ORGANILOC','VEG',4678,'','',0.000,'2015-07-08',0.00,30.000,1.200,1.244,1.244,1.244,1.505,1.51,'SP110','','','Y',201.00,0,4.7,2.0,6.7,0,1,0,1,'LOC','O','2015-06-09',1.244,'',0,1,0,0.0,1.200,'HEP000',30.000,'','1 WIDE SMALL SPOT'),
	('',252,'Squash-zucchini zephyr, organic','SQUASH-ZUCCHINI ZEPH',25.0,'lb','SQUASH-ZUCCHINI ZEPHHEP','VEG',4679,'','',0.000,'2015-07-08',0.00,30.000,1.200,1.244,1.244,1.244,1.505,1.51,'SP110','','','Y',63.00,0,2.0,0.1,2.1,0,1,0,0,'HEP','O','2015-07-07',1.244,'',0,1,0,0.0,1.200,'HEP000',30.000,'','1 WIDE'),
	('',253,'Squash-zucchini, organic','SQUASH-ZUCCHINI, ORG',25.0,'lb','SQUASH-ZUCCHINI, ORGLOC','VEG',4680,'','',0.000,'2015-07-08',0.00,30.000,1.200,1.244,1.244,1.244,1.505,1.51,'SP110','','','Y',1137.00,0,35.9,2.0,37.9,0,1,0,1,'LOC','O','2014-03-26',1.244,'',0,1,0,0.0,1.200,'HEP000',30.000,'','3 WIDE'),
	('',254,'Squash-summer any organic','SQUASH-SUMMER ANY OR',25.0,'lb','SQUASH-SUMMER ANY ORLOC','VEG',4681,'','',0.000,'2015-07-06',0.00,30.000,1.200,1.244,1.244,1.244,1.505,1.51,'SP110','','','Y',3.00,0,0.0,0.1,0.1,0,1,0,0,'LOC','O','2015-07-03',1.244,'',0,1,0,0.0,1.200,'HEP000',30.000,'',''),
	('',255,'Sweet potato- Jewel, organic','SWEET POTATO- JEWEL',40.0,'lb','SWEET POTATO- JEWELUSA','VEG',4682,'','',0.000,'2015-07-06',0.00,53.000,1.325,1.353,1.353,1.353,1.637,1.64,'SP110','','','Y',477.00,0,7.0,2.0,9.0,0,1,0,1,'USA','O','2015-02-09',1.353,'',0,1,0,0.0,1.325,'FOR000',53.000,'','DISPLAY IN LID'),
	('',256,'Sweet potato- Red garnet, organic','SWEET POTATO- RED GA',40.0,'lb','SWEET POTATO- RED GAUSA','VEG',4683,'','',0.000,'2015-07-08',0.00,53.000,1.325,1.353,1.353,1.353,1.637,1.64,'SP110','','','Y',954.00,0,15.0,3.0,18.0,0,1,0,1,'USA','O','2014-07-18',1.353,'',0,1,0,0.0,1.325,'FOR000',53.000,'','DISPLAY IN LID'),
	('',257,'Sweet potato-purple, organic','SWEET POTATO-PURPLE,',40.0,'lb','SWEET POTATO-PURPLE,USA','VEG',4684,'','',0.000,'2015-05-12',0.00,63.000,1.575,1.603,1.603,1.603,1.940,1.94,'SP110','','','Y',0.00,0,0.0,0.0,0.0,0,0,0,0,'USA','O','2015-05-12',1.603,'',0,0,0,0.0,1.575,'ALB000',63.000,'','DISPLAY IN LID'),
	('',258,'Sweet potato-local various organic','SWEET POTATO-LOCAL V',40.0,'lb','SWEET POTATO-LOCAL VLOC','VEG',4685,'','',0.000,'2015-02-23',0.00,48.000,1.200,1.228,1.228,1.228,1.486,1.49,'SP110','','','Y',0.00,0,0.0,0.0,0.0,0,0,0,1,'LOC','O','2015-02-23',1.228,'',0,0,0,0.0,1.200,'FOR000',48.000,'',''),
	('',259,'Corn-ornamental, loose organic','CORN-ORNAMENTAL, LOO',30.0,'ea','CORN-ORNAMENTAL, LOOHEP','VEG',4686,'','',0.000,'2012-11-02',0.00,15.000,0.500,0.537,0.537,0.537,0.650,0.65,'SP110','','','Y',0.00,0,0.0,0.0,0.0,0,0,0,1,'HEP','O','2012-11-02',0.537,'',1,0,0,0.0,0.500,'HEP000',15.000,'',''),
	('',260,'Chard-various, organic','CHARD-VARIOUS, ORGAN',24.0,'bu','CHARD-VARIOUS, ORGANLOC','VEG',4687,'','',0.000,'2015-07-07',0.00,32.000,1.333,1.379,1.379,1.379,1.669,1.67,'SP110','','','Y',432.00,0,12.0,1.5,13.5,0,1,0,1,'LOC','O','2014-10-27',1.379,'',1,1,0,0.0,1.333,'WIN000',32.000,'','2 WIDE'),
	('',261,'Dates-medjool organic','DATES-MEDJOOL ORGANI',11.0,'lb','DATES-MEDJOOL ORGANIUSA','ZZZ',4688,'','',0.000,'2014-07-13',0.00,64.500,5.864,5.864,5.864,5.864,7.095,7.10,'','','','Y',0.00,0,0.0,0.0,0.0,0,0,0,0,'USA','O','2014-07-13',5.864,'',1,1,0,0.0,5.864,'FOR000',64.500,'',''),
	('',262,'Tomatillos-organic','TOMATILLOS-ORGANIC',30.0,'lb','TOMATILLOS-ORGANICLOC','VEG',4689,'','',0.000,'2015-07-08',0.00,30.000,1.000,1.037,1.037,1.037,1.255,1.26,'SP110','','','Y',0.00,0,0.0,0.0,0.0,0,0,0,1,'LOC','O','2014-12-02',1.037,'',0,0,0,0.0,1.000,'HEP000',30.000,'',''),
	('',263,'Tomatillos.','TOMATILLOS.',30.0,'lb','TOMATILLOS.MEX','VEG',4690,'','',0.000,'2015-07-08',0.00,26.000,0.867,1.004,1.004,1.004,1.215,1.22,'SP50','','','Y',0.00,0,0.0,0.0,0.0,0,0,0,0,'MEX','R','2015-07-08',1.004,'',0,0,0,0.0,0.987,'JED360',29.600,'','DISPLAY IN BOX'),
	('',264,'Tomatoes-heirloom, 5lb box organic','TOMATOES-HEIRLOOM, 5',1.0,'ea','TOMATOES-HEIRLOOM, 5HEP','VEG',4691,'','',0.000,'2014-09-16',0.00,5.000,5.000,5.220,5.220,5.220,6.316,6.32,'SP22','','','Y',0.00,0,0.0,0.0,0.0,0,0,0,1,'HEP','O','2014-09-16',5.220,'',0,0,0,0.0,5.000,'HEP000',5.000,'',''),
	('',266,'Herbs-cup, organic','HERBS-CUP, ORGANIC',6.0,'ea','HERBS-CUP, ORGANICMCU','VEG',4693,'','',0.000,'2015-02-02',0.00,10.800,1.800,1.883,1.883,1.883,2.278,2.28,'SP50','','','Y',0.00,0,0.0,0.0,0.0,0,0,0,1,'MCU','O','2015-02-02',1.883,'',0,0,0,0.0,1.800,'FOR000',10.800,'',''),
	('',267,'Tomatoes-mountain magic loose organic','TOMATOES-MOUNTAIN MA',17.0,'lb','TOMATOES-MOUNTAIN MAHEP','VEG',4694,'','',0.000,'2014-12-03',0.00,18.000,1.059,1.124,1.124,1.124,1.360,1.36,'SP110','','','Y',0.00,0,0.0,0.0,0.0,0,0,0,0,'HEP','O','2014-12-03',1.124,'',1,0,0,0.0,1.059,'HEP000',18.000,'',''),
	('',268,'Tomato cherry del cabo organic','TOMATO CHERRY DEL CA',12.0,'ea','TOMATO CHERRY DEL CAMEX','VEG',4695,'','',0.000,'2015-07-07',0.00,30.600,2.550,2.642,2.642,2.642,3.197,3.20,'SP110','','','Y',0.00,0,0.0,0.0,0.0,0,0,0,1,'MEX','O','2015-07-03',2.642,'',0,0,0,0.0,2.550,'ALB000',30.600,'','DISPLAY IN BOX'),
	('',270,'Tomatoes-green, organic','TOMATOES-GREEN, ORGA',10.0,'lb','TOMATOES-GREEN, ORGAHEP','VEG',4697,'','',0.000,'2015-06-16',0.00,22.000,2.200,2.310,2.310,2.310,2.795,2.80,'SP110','','','Y',0.00,0,0.0,0.0,0.0,0,0,0,0,'HEP','O','2015-06-16',2.310,'',0,0,0,0.0,2.200,'LAN000',22.000,'',''),
	('',271,'Tomatoes-plum, organic','TOMATOES-PLUM, ORGAN',25.0,'lb','TOMATOES-PLUM, ORGANMEX','VEG',4698,'','',0.000,'2015-07-08',0.00,38.000,1.520,1.564,1.564,1.564,1.892,1.89,'SP110','','','Y',684.00,0,15.0,3.0,18.0,0,1,0,1,'MEX','O','2010-11-29',1.564,'',0,1,0,0.0,1.520,'LAN000',38.000,'',''),
	('',272,'Tomatoes-mountain magic cups organic','TOMATOES-MOUNTAIN MA',12.0,'ea','TOMATOES-MOUNTAIN MANY','VEG',4699,'','',0.000,'2014-12-02',0.00,28.000,2.333,2.425,2.425,2.425,2.934,2.93,'SP110','','','Y',0.00,0,0.0,0.0,0.0,0,0,0,0,'NY','O','2014-12-02',2.425,'',0,0,0,0.0,2.333,'HEP000',28.000,'',''),
	('',273,'Tomatoes-yellow, organic','TOMATOES-YELLOW, ORG',25.0,'lb','TOMATOES-YELLOW, ORGHEP','VEG',4700,'','',0.000,'2014-10-23',0.00,25.000,1.000,1.044,1.044,1.044,1.263,1.26,'SP110','','','Y',0.00,0,0.0,0.0,0.0,0,0,0,1,'HEP','O','2014-10-23',1.044,'',0,0,0,0.0,1.000,'HEP000',25.000,'','1 BOX SMALL SPOT'),
	('',275,'Turnips-various, loose, organic','TURNIPS-VARIOUS, LOO',20.0,'lb','TURNIPS-VARIOUS, LOOMIL','VEG',4702,'','',0.000,'2015-07-07',0.00,25.000,1.250,1.305,1.305,1.305,1.579,1.58,'SP110','','','Y',2.50,0,0.0,0.1,0.1,0,1,0,1,'MIL','O','2015-06-16',1.305,'',0,1,0,0.0,1.250,'LAN000',25.000,'',''),
	('',278,'Turnips-Japanese, bunch organic','TURNIPS-JAPANESE, BU',12.0,'bu','TURNIPS-JAPANESE, BUMIL','VEG',4705,'','',0.000,'2015-07-07',0.00,26.000,2.167,2.259,2.259,2.259,2.733,2.73,'SP110','','','Y',143.00,0,4.5,1.0,5.5,0,1,0,0,'MIL','O','2015-06-16',2.259,'',1,1,0,0.0,2.167,'ANG000',26.000,'',''),
	('',279,'Greens-cress baby organic','GREENS-CRESS BABY OR',3.0,'lb','GREENS-CRESS BABY ORLAN','VEG',4706,'','',0.000,'2015-05-25',0.00,24.000,8.000,8.367,8.367,8.367,10.124,10.12,'SP110','','','Y',0.00,0,0.0,0.0,0.0,0,0,0,1,'LAN','O','2015-05-25',8.367,'',1,0,0,0.0,8.000,'LAN000',24.000,'',''),
	('',281,'Wheatgrass-1 lb bags, organic','WHEATGRASS-1 LB BAGS',1.0,'ea','WHEATGRASS-1 LB BAGSLOC','VEG',4708,'','',0.000,'2015-07-06',0.00,10.750,10.750,10.970,10.970,10.970,13.274,13.27,'SP22','','','Y',150.50,0,2.0,12.0,14.0,0,1,0,1,'LOC','O','2015-05-19',10.970,'',0,1,0,0.0,10.750,'PER000',10.750,'','1 WIDE FACE FRONT'),
	('',283,'Malanga- coco','MALANGA- COCO',45.0,'lb','MALANGA- COCOCOS','VEG',4710,'','',0.000,'2000-03-27',0.00,21.000,0.467,0.478,0.478,0.478,0.578,0.58,'SP50','','','Y',0.00,0,0.0,0.0,0.0,0,0,0,0,'COS','R','2000-03-27',0.478,'',0,0,0,0.0,0.467,'DAR000',21.000,'',''),
	('',284,'Yuca (manioc or cassava)','YUCA (MANIOC OR CASS',40.0,'lb','YUCA (MANIOC OR CASSCOS','VEG',4711,'','',0.000,'2015-07-07',0.00,16.000,0.400,0.503,0.503,0.503,0.609,0.61,'SP50','','','Y',29.40,0,1.0,0.5,1.5,0,1,0,0,'COS','RW','2015-01-19',0.503,'',0,1,0,0.0,0.490,'JED360',19.600,'',''),
	('',285,'Clementines. loose','CLEMENTINES. LOOSE',5.0,'lb','CLEMENTINES. LOOSEMOS','FRC',4712,'','',0.000,'2015-02-04',0.00,6.000,1.200,1.220,1.220,1.220,1.476,1.48,'SP10','','','Y',0.00,0,0.0,0.0,0.0,0,0,0,0,'MOS','RW','2015-02-04',1.220,'',1,0,0,0.0,1.200,'BAL000',6.000,'',''),
	('',286,'Tangerine-honey organic','TANGERINE-HONEY ORGA',20.0,'lb','TANGERINE-HONEY ORGAFL','FRC',4713,'','',0.000,'2014-03-27',0.00,38.000,1.900,1.955,1.955,1.955,2.366,2.37,'SP110','','','Y',0.00,0,0.0,0.0,0.0,0,0,0,1,'FL','OW','2014-03-26',1.955,'',0,0,0,0.0,1.900,'ALB000',38.000,'',''),
	('',288,'Grapefruit-organic','GRAPEFRUIT-ORGANIC',40.0,'lb','GRAPEFRUIT-ORGANICCA','FRC',4715,'','',0.000,'2015-07-07',0.00,24.000,0.600,0.853,0.853,0.853,1.032,1.03,'SP110','','','Y',1791.90,0,54.0,0.3,54.3,0,1,0,1,'CA','OW','2015-03-10',0.853,'',1,1,0,0.0,0.825,'SUN900',33.000,'',''),
	('',289,'Grapefruit-red.','GRAPEFRUIT-RED.',40.0,'lb','GRAPEFRUIT-RED.FL','FRC',4716,'','',0.000,'2015-05-14',0.00,20.000,0.500,0.603,0.603,0.603,0.730,0.73,'SP50','','','Y',0.00,0,0.0,0.0,0.0,0,0,0,0,'FL','RW','2015-05-14',0.603,'',1,0,0,0.0,0.590,'JED360',23.600,'',''),
	('',290,'Lemons-label, organic','LEMONS-LABEL, ORGANI',40.0,'lb','LEMONS-LABEL, ORGANICA','FRC',4717,'org white label unless pre-label','',0.000,'2015-07-07',0.00,72.000,1.800,2.053,2.063,2.063,2.496,2.50,'SP110','UNIT01','','Y',4779.00,0,58.0,1.0,59.0,0,1,0,1,'CA','OW','2015-01-12',2.063,'',1,1,0,0.0,2.025,'SUN900',81.000,'',''),
	('',291,'Lemons.','LEMONS.',40.0,'lb','LEMONS.USA','FRC',4718,'','',0.000,'2015-07-07',0.00,48.000,1.200,1.303,1.303,1.303,1.577,1.58,'SP50','','','Y',1754.40,0,33.0,1.0,34.0,0,1,0,0,'USA','RW','2015-01-12',1.303,'',1,1,0,0.0,1.290,'JED360',51.600,'',''),
	('',292,'Limes-label organic','LIMES-LABEL ORGANIC',38.0,'lb','LIMES-LABEL ORGANICMEX','FRC',4719,'org white label','',0.000,'2015-07-07',0.00,40.000,1.053,1.082,1.112,1.112,1.346,1.35,'SP110','UNIT03','','Y',284.00,0,7.0,0.1,7.1,0,1,0,1,'MEX','OW','2014-04-04',1.112,'',0,1,0,0.0,1.053,'FOR000',40.000,'',''),
	('',293,'Limes.','LIMES.',40.0,'lb','LIMES.MEX','FRC',4720,'','',0.000,'2015-07-07',0.00,14.000,0.350,0.478,0.478,0.478,0.578,0.58,'SP150','','','Y',212.96,0,12.0,0.1,12.1,0,1,0,0,'MEX','RW','2015-07-06',0.478,'',1,1,0,0.0,0.440,'JED360',17.600,'',''),
	('',294,'Oranges- blood #94381 label organic','ORANGES- BLOOD #9438',25.0,'lb','ORANGES- BLOOD #9438CA','FRC',4721,'','',0.000,'2015-05-04',0.00,43.000,1.720,2.124,2.124,2.124,2.570,2.57,'SP110','','','Y',0.00,0,0.0,0.0,0.0,0,0,0,1,'CA','OW','2015-05-04',2.124,'',0,0,0,0.0,2.080,'SUN900',52.000,'',''),
	('',296,'Oranges-navel, California organic','ORANGES-NAVEL, CALIF',40.0,'lb','ORANGES-NAVEL, CALIFCA','FRC',4723,'','',0.000,'2015-04-27',0.00,38.000,0.950,1.203,1.203,1.203,1.456,1.46,'SP110','','','Y',0.00,0,0.0,0.0,0.0,0,0,0,1,'CA','OW','2015-04-27',1.203,'',1,0,0,0.0,1.175,'SUN900',47.000,'',''),
	('',297,'Oranges-navel, Florida, organic','ORANGES-NAVEL, FLORI',40.0,'lb','ORANGES-NAVEL, FLORIFL','FRC',4724,'','',0.000,'2015-02-26',0.00,36.000,0.900,0.928,0.928,0.928,1.123,1.12,'SP110','','','Y',0.00,0,0.0,0.0,0.0,0,0,0,1,'FL','O','2015-02-26',0.928,'',0,0,0,0.0,0.900,'FOR000',36.000,'',''),
	('',298,'Oranges-navel, Sunkist or PLU 3107','ORANGES-NAVEL, SUNKI',40.0,'lb','ORANGES-NAVEL, SUNKICA','FRC',4725,'','',0.000,'2015-07-06',0.00,26.000,0.650,0.753,0.753,0.753,0.911,0.91,'SP50','','','Y',0.00,0,0.0,0.0,0.0,0,0,0,0,'CA','RW','2015-07-06',0.753,'',1,0,0,0.0,0.740,'JED360',29.600,'',''),
	('',300,'Oranges-valencia Florida, organic','ORANGES-VALENCIA FLO',38.0,'lb','ORANGES-VALENCIA FLOFL','FRC',4727,'','',0.000,'2015-05-27',0.00,41.300,1.087,1.116,1.116,1.116,1.350,1.35,'SP110','','','Y',0.00,0,0.0,0.0,0.0,0,0,0,1,'FL','OW','2015-05-27',1.116,'',0,0,0,0.0,1.087,'ALB000',41.300,'',''),
	('',301,'Oranges-hamlin, organic','ORANGES-HAMLIN, ORGA',40.0,'lb','ORANGES-HAMLIN, ORGAFL','FRC',4728,'','',0.000,'2015-02-20',0.00,38.500,0.963,0.991,0.991,0.991,1.199,1.20,'SP110','','','Y',0.00,0,0.0,0.0,0.0,0,0,0,1,'FL','O','2015-01-27',0.991,'',0,0,0,0.0,0.963,'FOR000',38.500,'',''),
	('',303,'Oranges-valencia California, organic','ORANGES-VALENCIA CAL',40.0,'lb','ORANGES-VALENCIA CALCA','FRC',4730,'94388','',0.000,'2015-07-07',0.00,27.000,0.675,0.928,0.928,0.928,1.123,1.12,'SP110','','','Y',1458.00,0,39.0,1.5,40.5,0,1,0,1,'CA','OW','2015-05-12',0.928,'',1,1,0,0.0,0.900,'SUN900',36.000,'',''),
	('',305,'Tangelos-Mineola honeybell label organic','TANGELOS-MINEOLA HO',20.0,'lb','TANGELOS-MINEOLA HOFL','FRC',4732,'white organic label','',0.000,'2010-02-05',0.00,33.000,1.650,1.705,1.715,1.715,2.075,2.08,'SP110','UNIT01','','Y',0.00,0,0.0,0.0,0.0,0,0,0,1,'FL','O','2010-02-05',1.715,'',0,0,0,0.0,1.650,'FOR000',33.000,'',''),
	('',306,'Tangelos- Mineola, organic','TANGELOS- MINEOLA, O',38.0,'lb','TANGELOS- MINEOLA, OCA','FRC',4733,'','',0.000,'2015-05-08',0.00,44.000,1.158,1.424,1.424,1.424,1.723,1.72,'SP110','','','Y',0.00,0,0.0,0.0,0.0,0,0,0,1,'CA','OW','2015-05-08',1.424,'',0,0,0,0.0,1.395,'SUN900',53.000,'',''),
	('',308,'Soil premium blend organic 46075  390','SOIL PREMIUM BLEND O',1.0,'ea','SOIL PREMIUM BLEND OUSA','ZZZ',4735,'','',0.000,'2015-06-29',0.00,4.650,4.650,4.650,4.650,4.650,5.627,5.63,'','','','Y',0.00,0,0.0,0.0,0.0,0,0,0,0,'USA','R','2015-06-29',4.650,'',0,0,0,0.0,4.650,'FOR000',4.650,'',''),
	('',309,'Oranges-blood PLU#4381','ORANGES-BLOOD PLU#43',20.0,'lb','ORANGES-BLOOD PLU#43CA','FRC',4736,'','',0.000,'2015-03-31',0.00,24.000,1.200,1.405,1.405,1.405,1.700,1.70,'SP50','','','Y',0.00,0,0.0,0.0,0.0,0,0,0,0,'CA','RW','2015-03-31',1.405,'',1,0,0,0.0,1.380,'JED360',27.600,'',''),
	('',310,'Tangelos-orlando PLU#94456, organic','TANGELOS-ORLANDO PLU',40.0,'lb','TANGELOS-ORLANDO PLUFL','FRC',4737,'','',0.000,'2015-02-12',0.00,42.000,1.050,1.078,1.078,1.078,1.304,1.30,'SP110','','','Y',0.00,0,0.0,0.0,0.0,0,0,0,1,'FL','O','2015-02-12',1.078,'',0,0,0,0.0,1.050,'ALB000',42.000,'',''),
	('',311,'Blackberries-organic','BLACKBERRIES-ORGANIC',12.0,'ea','BLACKBERRIES-ORGANICMEX','FRO',4738,'','',0.000,'2015-07-06',0.00,32.600,2.717,2.809,2.809,2.809,3.399,3.40,'SP110','','','Y',1695.20,0,46.0,6.0,52.0,0,1,0,1,'MEX','O','2015-06-26',2.809,'',0,1,0,0.0,2.717,'BAL000',32.600,'','3 WIDE'),
	('',312,'Tangelos mineola mini 5# box organic','TANGELOS MINEOLA MIN',1.0,'ea','TANGELOS MINEOLA MINUSA','FRC',4739,'','',0.000,'2015-03-23',0.00,4.500,4.500,5.770,5.770,5.770,6.982,6.98,'SP02','','','Y',0.00,0,0.0,0.0,0.0,0,0,0,0,'USA','O','2013-04-16',5.770,'',0,0,0,0.0,5.750,'SUN125',5.750,'',''),
	('',313,'Tangerine-golden nugget,organic','TANGERINE-GOLDEN NUG',25.0,'lb','TANGERINE-GOLDEN NUGUSA','FRC',4740,'','',0.000,'2015-03-17',0.00,31.000,1.240,1.644,1.644,1.644,1.989,1.99,'SP110','','','Y',0.00,0,0.0,0.0,0.0,0,0,0,1,'USA','O','2015-03-17',1.644,'',0,0,0,0.0,1.600,'SUN900',40.000,'',''),
	('',316,'Tangerine-satsuma mandarin organic','TANGERINE-SATSUMA MA',25.0,'lb','TANGERINE-SATSUMA MAUSA','FRC',4743,'','',0.000,'2015-01-12',0.00,27.000,1.080,1.484,1.484,1.484,1.796,1.80,'SP110','','','Y',0.00,0,0.0,0.0,0.0,0,0,0,0,'USA','O','2015-01-12',1.484,'',1,0,0,0.0,1.440,'SUN900',36.000,'',''),
	('',320,'Sansa, minimally treated','SANSA, MINIMALLY TRE',38.0,'lb','SANSA, MINIMALLY TREHEP','FRA',4747,'','',0.000,'2014-09-08',0.00,35.000,0.921,0.950,0.950,0.950,1.150,1.15,'SP110','','','Y',0.00,0,0.0,0.0,0.0,0,0,0,0,'HEP','M','2014-09-08',0.950,'',0,0,0,0.0,0.921,'HEP000',35.000,'',''),
	('',322,'Zestar, minimally treated','ZESTAR, MINIMALLY TR',38.0,'lb','ZESTAR, MINIMALLY TRHEP','FRA',4749,'','',0.000,'2014-09-08',0.00,35.000,0.921,0.950,0.950,0.950,1.150,1.15,'SP110','','','Y',0.00,0,0.0,0.0,0.0,0,0,0,0,'HEP','M','2014-09-08',0.950,'',0,0,0,0.0,0.921,'HEP000',35.000,'',''),
	('',323,'Kohlrabi-loose, organic','KOHLRABI-LOOSE, ORGA',20.0,'lb','KOHLRABI-LOOSE, ORGALAN','VEG',4750,'','',0.000,'2015-07-05',0.00,30.000,1.500,1.555,1.555,1.555,1.882,1.88,'SP110','','','Y',150.00,0,3.0,2.0,5.0,0,1,0,0,'LAN','O','2015-05-06',1.555,'',0,1,0,0.0,1.500,'LAN000',30.000,'',''),
	('',324,'Empire, minimally treated','EMPIRE, MINIMALLY TR',38.0,'lb','EMPIRE, MINIMALLY TRHEP','FRA',4751,'','',0.000,'2015-06-08',0.00,35.000,0.921,0.950,0.950,0.950,1.150,1.15,'SP110','','','Y',0.00,0,0.0,0.0,0.0,0,0,0,1,'HEP','M','2015-06-08',0.950,'',0,0,0,0.0,0.921,'HEP000',35.000,'',''),
	('',325,'Gala-minimally treated','GALA-MINIMALLY TREAT',38.0,'lb','GALA-MINIMALLY TREATHEP','FRA',4752,'','',0.000,'2015-01-22',0.00,35.000,0.921,0.950,0.950,0.950,1.150,1.15,'SP110','','','Y',0.00,0,0.0,0.0,0.0,0,0,0,0,'HEP','M','2015-01-22',0.950,'',0,0,0,0.0,0.921,'HEP000',35.000,'',''),
	('',326,'Ambrosia, organic','AMBROSIA, ORGANIC',38.0,'lb','AMBROSIA, ORGANICCAN','FRA',4753,'','',0.000,'2015-05-11',0.00,65.600,1.726,1.755,1.755,1.755,2.124,2.12,'SP110','','','Y',0.00,0,0.0,0.0,0.0,0,0,0,1,'CAN','O','2015-05-11',1.755,'',0,0,0,0.0,1.726,'ALB000',65.600,'',''),
	('',327,'Ginger gold , minimally treated','GINGER GOLD , MINIMA',38.0,'lb','GINGER GOLD , MINIMAHEP','FRA',4754,'','',0.000,'2014-09-25',0.00,35.000,0.921,0.950,0.950,0.950,1.150,1.15,'SP110','','','Y',0.00,0,0.0,0.0,0.0,0,0,0,0,'HEP','M','2014-09-25',0.950,'',0,0,0,0.0,0.921,'HEP000',35.000,'',''),
	('',328,'Granny Smith-3lb bag, organic','GRANNY SMITH-3LB BAG',12.0,'ea','GRANNY SMITH-3LB BAGARC','FRA',4755,'','',0.000,'2015-06-24',0.00,74.500,6.208,6.300,6.300,6.300,7.623,7.62,'SP110','','','Y',0.00,0,0.0,0.0,0.0,0,0,0,1,'ARC','O','2015-06-24',6.300,'',1,0,0,0.0,6.208,'FOR000',74.500,'',''),
	('',329,'Granny Smith organic','GRANNY SMITH ORGANIC',38.0,'lb','GRANNY SMITH ORGANICCHI','FRA',4756,'','',0.000,'2015-07-06',0.00,81.000,2.132,2.161,2.161,2.161,2.615,2.62,'SP110','','','Y',769.50,0,9.0,0.5,9.5,0,1,0,1,'CHI','O','2015-07-02',2.161,'',0,1,0,0.0,2.132,'FOR000',81.000,'',''),
	('',330,'Carrots- bunch purple organic','CARROTS- BUNCH PURPL',24.0,'bu','CARROTS- BUNCH PURPLLAN','VEG',4757,'','',0.000,'2015-07-02',0.00,34.000,1.417,1.417,1.417,1.417,1.715,1.72,'','','','Y',0.00,0,0.0,0.0,0.0,0,0,0,0,'LAN','O','2015-07-02',1.417,'',0,0,0,0.0,1.417,'LAN000',34.000,'','CARROTS FACE OUT'),
	('',331,'Gala-3lb bag, organic','GALA-3LB BAG, ORGANI',12.0,'ea','GALA-3LB BAG, ORGANIWA','FRA',4758,'','',0.000,'2015-02-20',0.00,54.500,4.542,4.634,4.634,4.634,5.607,5.61,'SP110','','','Y',0.00,0,0.0,0.0,0.0,0,0,0,0,'WA','O','2015-02-20',4.634,'',0,0,0,0.0,4.542,'FOR000',54.500,'',''),
	('',332,'Fuji, minimally treated','FUJI, MINIMALLY TREA',38.0,'lb','FUJI, MINIMALLY TREAHEP','FRA',4759,'','',0.000,'2015-07-08',0.00,35.000,0.921,0.950,0.950,0.950,1.150,1.15,'SP110','','','Y',1365.00,0,37.0,2.0,39.0,0,1,0,1,'HEP','M','2015-04-28',0.950,'',0,1,0,0.0,0.921,'HEP000',35.000,'',''),
	('',333,'Ida red, minimally treated','IDA RED, MINIMALLY T',38.0,'lb','IDA RED, MINIMALLY THEP','FRA',4760,'','',0.000,'2015-02-02',0.00,35.000,0.921,0.950,0.950,0.950,1.150,1.15,'SP110','','','Y',0.00,0,0.0,0.0,0.0,0,0,0,0,'HEP','M','2015-02-02',0.950,'',0,0,0,0.0,0.921,'HEP000',35.000,'',''),
	('',335,'Pink lady, minimally treated','PINK LADY, MINIMALLY',38.0,'lb','PINK LADY, MINIMALLYHEP','FRA',4762,'','',0.000,'2015-06-04',0.00,35.000,0.921,0.950,0.950,0.950,1.150,1.15,'SP110','','','Y',0.00,0,0.0,0.0,0.0,0,0,0,0,'HEP','M','2015-06-04',0.950,'',0,0,0,0.0,0.921,'HEP000',35.000,'',''),
	('',336,'Macintosh, minimally treated','MACINTOSH, MINIMALLY',38.0,'lb','MACINTOSH, MINIMALLYHEP','FRA',4763,'','',0.000,'2014-10-28',0.00,35.000,0.921,0.950,0.950,0.950,1.150,1.15,'SP110','','','Y',0.00,0,0.0,0.0,0.0,0,0,0,0,'HEP','M','2014-10-28',0.950,'',0,0,0,0.0,0.921,'HEP000',35.000,'',''),
	('',337,'Stayman winesap, minimally treated','STAYMAN WINESAP, MIN',38.0,'lb','STAYMAN WINESAP, MINHEP','FRA',4764,'','',0.000,'2015-07-05',0.00,35.000,0.921,0.950,0.950,0.950,1.150,1.15,'SP110','','','Y',420.00,0,11.0,1.0,12.0,0,1,0,0,'HEP','M','2015-06-09',0.950,'',0,1,0,0.0,0.921,'HEP000',35.000,'',''),
	('',338,'Honeycrisp-minimally treated','HONEYCRISP-MINIMALLY',38.0,'lb','HONEYCRISP-MINIMALLYHEP','FRA',4765,'','',0.000,'2015-03-24',0.00,70.000,1.842,1.871,1.871,1.871,2.264,2.26,'SP110','','','Y',0.00,0,0.0,0.0,0.0,0,0,0,0,'HEP','M','2015-03-24',1.871,'',0,0,0,0.0,1.842,'HEP000',70.000,'',''),
	('',339,'Macintosh, 3lb bag, organic','MACINTOSH, 3LB BAG,',12.0,'ea','MACINTOSH, 3LB BAG,RIC','FRA',4766,'','',0.000,'2013-10-08',0.00,52.000,4.333,4.425,4.425,4.425,5.354,5.35,'SP110','','','Y',0.00,0,0.0,0.0,0.0,0,0,0,1,'RIC','O','2013-10-08',4.425,'',0,0,0,0.0,4.333,'ALB000',52.000,'',''),
	('',340,'Limes-finger lime cups, organic','LIMES-FINGER LIME CU',24.0,'ea','LIMES-FINGER LIME CUCA','FRC',4767,'','',0.000,'2015-07-06',0.00,25.000,1.042,1.088,1.088,1.088,1.316,1.32,'SP110','','','Y',0.00,0,0.0,0.0,0.0,0,0,0,0,'CA','O','2013-08-01',1.088,'',0,0,0,0.0,1.042,'ALB000',25.000,'',''),
	('',342,'Macoun, minimally treated','MACOUN, MINIMALLY TR',38.0,'lb','MACOUN, MINIMALLY TRHEP','FRA',4769,'','',0.000,'2015-01-05',0.00,35.000,0.921,0.950,0.950,0.950,1.150,1.15,'SP110','','','Y',0.00,0,0.0,0.0,0.0,0,0,0,0,'HEP','M','2015-01-05',0.950,'',0,0,0,0.0,0.921,'HEP000',35.000,'',''),
	('',343,'Mutsu, minimally treated','MUTSU, MINIMALLY TRE',38.0,'lb','MUTSU, MINIMALLY TREHEP','FRA',4770,'','',0.000,'2015-06-04',0.00,35.000,0.921,0.950,0.950,0.950,1.150,1.15,'SP110','','','Y',0.00,0,0.0,0.0,0.0,0,0,0,0,'HEP','M','2015-06-04',0.950,'',0,0,0,0.0,0.921,'HEP000',35.000,'',''),
	('',345,'Pink lady/cripps organic','PINK LADY/CRIPPS ORG',38.0,'lb','PINK LADY/CRIPPS ORGARG','FRA',4772,'','',0.000,'2015-07-07',0.00,72.000,1.895,1.924,1.924,1.924,2.328,2.33,'SP110','','','Y',1944.00,0,26.0,1.0,27.0,0,1,0,0,'ARG','O','2015-05-29',1.924,'',0,1,0,0.0,1.895,'FOR000',72.000,'',''),
	('',346,'Red delicious, organic','RED DELICIOUS, ORGAN',38.0,'lb','RED DELICIOUS, ORGANUSA','FRA',4773,'','',0.000,'2015-06-29',0.00,38.000,1.000,1.029,1.029,1.029,1.245,1.25,'SP110','','','Y',0.00,0,0.0,0.0,0.0,0,0,0,1,'USA','O','2015-05-27',1.029,'',0,0,0,0.0,1.000,'FOR000',38.000,'',''),
	('',348,'Lodi, minimally treated','LODI, MINIMALLY TREA',38.0,'lb','LODI, MINIMALLY TREAHEP','FRA',4775,'','',0.000,'2013-08-07',0.00,35.000,0.921,0.950,0.950,0.950,1.150,1.15,'SP110','','','Y',0.00,0,0.0,0.0,0.0,0,0,0,1,'HEP','M','2013-08-07',0.950,'',0,0,0,0.0,0.921,'HEP000',35.000,'',''),
	('',351,'Fuji, organic','FUJI, ORGANIC',35.0,'lb','FUJI, ORGANICUSA','FRA',4778,'','',0.000,'2015-04-28',0.00,45.000,1.286,1.317,1.317,1.317,1.594,1.59,'SP110','','','Y',0.00,0,0.0,0.0,0.0,0,0,0,1,'USA','O','2014-11-24',1.317,'',0,0,0,0.0,1.286,'FOR000',45.000,'',''),
	('',352,'Honeycrisp 3# bag organic','HONEYCRISP 3# BAG OR',12.0,'ea','HONEYCRISP 3# BAG ORUSA','FRA',4779,'','',0.000,'2015-03-25',0.00,78.000,6.500,6.592,6.592,6.592,7.976,7.98,'SP110','','','Y',0.00,0,0.0,0.0,0.0,0,0,0,1,'USA','O','2014-10-08',6.592,'',0,0,0,0.0,6.500,'FOR000',78.000,'',''),
	('',353,'Chestnuts-minimally treated','CHESTNUTS-MINIMALLY',25.0,'lb','CHESTNUTS-MINIMALLYHEP','NUT',4780,'','',0.000,'2013-11-22',0.00,100.000,4.000,4.044,4.044,4.044,4.893,4.89,'SP110','','','Y',0.00,0,0.0,0.0,0.0,0,0,0,0,'HEP','M','2013-11-22',4.044,'',0,0,0,0.0,4.000,'HEP000',100.000,'',''),
	('',356,'Cortland, minimally treated','CORTLAND, MINIMALLY',38.0,'lb','CORTLAND, MINIMALLYHEP','FRA',4783,'','',0.000,'2014-10-31',0.00,35.000,0.921,0.950,0.950,0.950,1.150,1.15,'SP110','','','Y',0.00,0,0.0,0.0,0.0,0,0,0,1,'HEP','M','2014-10-31',0.950,'',0,0,0,0.0,0.921,'HEP000',35.000,'',''),
	('',357,'Pink lady 3#bag, organic','PINK LADY 3#BAG, ORG',12.0,'ea','PINK LADY 3#BAG, ORGUSA','FRA',4784,'','',0.000,'2015-05-19',0.00,60.000,5.000,5.092,5.092,5.092,6.161,6.16,'SP110','','','Y',0.00,0,0.0,0.0,0.0,0,0,0,1,'USA','O','2015-05-19',5.092,'',0,0,0,0.0,5.000,'FOR000',60.000,'',''),
	('',359,'Apricots-integrated pest management','APRICOTS-INTEGRATED',16.0,'lb','APRICOTS-INTEGRATEDRED','FRO',4786,'','',0.000,'2014-05-13',0.00,26.000,1.625,1.656,1.656,1.656,2.004,2.00,'SP50','','','Y',0.00,0,0.0,0.0,0.0,0,0,0,0,'RED','I','2008-08-25',1.656,'',0,0,0,0.0,1.625,'REM000',26.000,'',''),
	('',360,'Avocados-Florida, organic','AVOCADOS-FLORIDA, OR',12.0,'lb','AVOCADOS-FLORIDA, ORFL','FRO',4787,'discard lid','',0.000,'2014-12-17',0.00,18.000,1.500,1.592,1.592,1.592,1.926,1.93,'SP110','','','Y',0.00,0,0.0,0.0,0.0,0,0,0,1,'FL','O','2014-12-16',1.592,'',0,0,0,0.0,1.500,'FOR000',18.000,'','4 BOXES DO NOT STACK OR MOUND'),
	('',361,'Sugar cane-organic','SUGAR CANE-ORGANIC',10.0,'lb','SUGAR CANE-ORGANICFL','VEG',4788,'','',0.000,'2015-03-16',0.00,25.000,2.500,2.610,2.610,2.610,3.158,3.16,'SP110','','','Y',0.00,0,0.0,0.0,0.0,0,0,0,0,'FL','O','2015-03-16',2.610,'',0,0,0,0.0,2.500,'ALB000',25.000,'',''),
	('',362,'Avocados-Hass, organic','AVOCADOS-HASS, ORGAN',23.0,'lb','AVOCADOS-HASS, ORGANCA','FRO',4789,'organic label unless pre-label','',0.000,'2015-07-07',0.00,45.000,1.957,2.396,2.406,2.406,2.911,2.91,'SP110','UNIT01','','Y',5778.00,0,104.0,3.0,107.0,0,1,0,1,'CA','O','2015-03-30',2.406,'',1,1,0,0.0,2.348,'SUN900',54.000,'','4 BOXES DO NOT STACK'),
	('',363,'Avocados-Hass.','AVOCADOS-HASS.',23.0,'lb','AVOCADOS-HASS.MEU','FRO',4790,'','',0.000,'2015-07-08',0.00,44.000,1.913,2.092,2.092,2.092,2.531,2.53,'SP50','','','Y',5283.60,0,108.0,3.0,111.0,0,1,0,0,'MEU','R','2015-04-27',2.092,'',1,1,0,0.0,2.070,'JED360',47.600,'','4 BOXES DO NOT STACK'),
	('',364,'Bananas-organic, loose or bags','BANANAS-ORGANIC, LOO',38.0,'lb','BANANAS-ORGANIC, LOOCME','FRO',4791,'','',0.000,'2015-07-08',0.00,26.000,0.684,0.713,0.713,0.713,0.863,0.86,'SP110','','','Y',2912.00,0,90.0,22.0,112.0,0,1,0,1,'CME','O','2003-11-24',0.713,'',0,1,0,0.0,0.684,'FOR000',26.000,'',''),
	('',367,'Bananas-red, organic','BANANAS-RED, ORGANIC',38.0,'lb','BANANAS-RED, ORGANICMEX','FRO',4794,'','',0.000,'2015-07-05',0.00,40.000,1.053,1.082,1.082,1.082,1.309,1.31,'SP110','','','Y',40.00,0,0.0,1.0,1.0,0,1,0,1,'MEX','O','2015-07-01',1.082,'',0,1,0,0.0,1.053,'ALB000',40.000,'',''),
	('',369,'Yukina savoy-organic','YUKINA SAVOY-ORGANIC',10.0,'lb','YUKINA SAVOY-ORGANICHEP','VEG',4796,'','',0.000,'2005-06-13',0.00,30.000,3.000,3.110,3.110,3.110,3.763,3.76,'SP110','','','Y',0.00,0,0.0,0.0,0.0,0,0,0,0,'HEP','O','2005-06-13',3.110,'',0,0,0,0.0,3.000,'HEP000',30.000,'',''),
	('',370,'Blackberries.','BLACKBERRIES.',12.0,'ea','BLACKBERRIES.MEX','FRO',4797,'','',0.000,'2015-01-15',0.00,14.000,1.167,1.359,1.359,1.359,1.644,1.64,'SP50','','','Y',0.00,0,0.0,0.0,0.0,0,0,0,1,'MEX','R','2015-01-06',1.359,'',0,0,0,0.0,1.317,'JED180',15.800,'','4 cups wide'),
	('',371,'Blueberries 6oz organic','BLUEBERRIES 6OZ ORGA',12.0,'ea','BLUEBERRIES 6OZ ORGAUSA','FRO',4798,'','',0.000,'2015-06-19',0.00,36.000,3.000,3.092,3.092,3.092,3.741,3.74,'SP110','','','Y',0.00,0,0.0,0.0,0.0,0,0,0,0,'USA','O','2015-06-19',3.092,'',1,0,0,0.0,3.000,'ALB000',36.000,'','2 WIDE'),
	('',372,'Carambola  (Starfruit)-organic','CARAMBOLA  (STARFRUI',5.0,'lb','CARAMBOLA  (STARFRUIFL','FRO',4799,'','',0.000,'2015-02-13',0.00,27.600,5.520,5.740,5.740,5.740,6.945,6.95,'SP110','','','Y',0.00,0,0.0,0.0,0.0,0,0,0,1,'FL','O','2015-02-13',5.740,'',0,0,0,0.0,5.520,'ALB000',27.600,'',''),
	('',373,'Carambola (Starfruit).','CARAMBOLA (STARFRUIT',25.0,'ea','CARAMBOLA (STARFRUITUSA','FRO',4800,'','',0.000,'2010-09-14',0.00,8.000,0.320,0.484,0.484,0.484,0.586,0.59,'SP50','','','Y',0.00,0,0.0,0.0,0.0,0,0,0,0,'USA','R','2010-09-14',0.484,'',1,0,0,0.0,0.464,'JED360',11.600,'',''),
	('',374,'Cherries-red cups organic','CHERRIES-RED CUPS OR',23.0,'ea','CHERRIES-RED CUPS ORUSA','FRO',4801,'full pint cups-org white label','',0.000,'2015-06-22',0.00,110.000,4.783,4.831,4.881,4.881,5.906,5.91,'SP110','UNIT05','','Y',0.00,0,0.0,0.0,0.0,0,0,0,1,'USA','O','2013-06-25',4.881,'',1,0,0,0.0,4.783,'ALB000',110.000,'','3 WIDE'),
	('',375,'Cherries-red.','CHERRIES-RED.',18.0,'lb','CHERRIES-RED.WA','FRO',4802,'','',0.000,'2015-07-08',0.00,30.000,1.667,1.895,1.895,1.895,2.293,2.29,'SP50','','','Y',3729.60,0,109.0,2.0,111.0,0,1,0,0,'WA','R','2015-06-22',1.895,'',0,1,0,0.0,1.867,'JED360',33.600,'',''),
	('',376,'Coconuts- organic','COCONUTS- ORGANIC',40.0,'lb','COCONUTS- ORGANICMEX','FRO',4803,'','',0.000,'2015-07-06',0.00,34.000,0.850,0.878,0.878,0.878,1.062,1.06,'SP110','','','Y',68.00,0,1.0,1.0,2.0,0,1,0,1,'MEX','O','2014-04-14',0.878,'',0,1,0,0.0,0.850,'ALB000',34.000,'',''),
	('',377,'Coconuts.','COCONUTS.',40.0,'lb','COCONUTS.DOM','FRO',4804,'','',0.000,'2014-04-28',0.00,16.000,0.400,0.413,0.413,0.413,0.500,0.50,'SP50','','','Y',0.00,0,0.0,0.0,0.0,0,0,0,0,'DOM','R','2014-04-28',0.413,'',0,0,0,0.0,0.400,'ALB000',16.000,'',''),
	('',379,'Cranberries.','CRANBERRIES.',24.0,'ea','CRANBERRIES.MA','FRO',4806,'','',0.000,'2014-12-31',0.00,32.000,1.333,1.504,1.504,1.504,1.820,1.82,'SP50','','','Y',0.00,0,0.0,0.0,0.0,0,0,0,0,'MA','R','2014-12-31',1.504,'',0,0,0,0.0,1.483,'JED360',35.600,'','4 WIDE'),
	('',380,'Figs-sierra cups organic','FIGS-SIERRA CUPS ORG',12.0,'ea','FIGS-SIERRA CUPS ORGCA','FRO',4807,'','',0.000,'2015-07-01',0.00,45.000,3.750,3.842,3.842,3.842,4.649,4.65,'SP110','','','Y',0.00,0,0.0,0.0,0.0,0,0,0,0,'CA','O','2015-07-01',3.842,'',0,0,0,0.0,3.750,'FOR000',45.000,'','2 WIDE'),
	('',381,'Figs-black mission cups organic','FIGS-BLACK MISSION C',12.0,'ea','FIGS-BLACK MISSION CCA','FRO',4808,'','',0.000,'2015-06-29',0.00,38.000,3.167,3.259,3.259,3.259,3.943,3.94,'SP110','','','Y',0.00,0,0.0,0.0,0.0,0,0,0,0,'CA','O','2015-06-29',3.259,'',0,0,0,0.0,3.167,'FOR000',38.000,'','2 WIDE'),
	('',383,'Grapes-concord organic','GRAPES-CONCORD ORGAN',8.0,'ea','GRAPES-CONCORD ORGANFLO','FRO',4810,'','',0.000,'2014-11-03',0.00,36.000,4.500,4.638,4.638,4.638,5.612,5.61,'SP110','','','Y',0.00,0,0.0,0.0,0.0,0,0,0,0,'FLO','O','2014-11-03',4.638,'',0,0,0,0.0,4.500,'FLO000',36.000,'',''),
	('',384,'Grapes-green. seedless','GRAPES-GREEN. SEEDL',18.0,'lb','GRAPES-GREEN. SEEDLCHI','FRO',4811,'','',0.000,'2015-04-21',0.00,35.000,1.944,2.027,2.027,2.027,2.453,2.45,'SP150','','','Y',0.00,0,0.0,0.0,0.0,0,0,0,0,'CHI','R','2015-04-21',2.027,'',0,0,0,0.0,1.944,'FOR000',35.000,'','1 BOX HIGH, DO NOT STACK'),
	('',385,'Grapes-green seedless organic','GRAPES-GREEN SEEDLES',18.0,'lb','GRAPES-GREEN SEEDLESUSA','FRO',4812,'','',0.000,'2015-07-06',0.00,40.000,2.222,2.283,2.283,2.283,2.762,2.76,'SP110','','','Y',1480.00,0,35.0,2.0,37.0,0,1,0,0,'USA','O','2015-05-15',2.283,'',0,1,0,0.0,2.222,'FOR000',40.000,'','1 BOX HIGH DO NOT STACK'),
	('',386,'Grapes-red seedless, organic','GRAPES-RED SEEDLESS,',18.0,'lb','GRAPES-RED SEEDLESS,USA','FRO',4813,'','',0.000,'2015-07-08',0.00,38.000,2.111,2.172,2.172,2.172,2.628,2.63,'SP110','','','Y',2014.00,0,52.0,1.0,53.0,0,1,0,0,'USA','O','2015-05-15',2.172,'',0,1,0,0.0,2.111,'FOR000',38.000,'','1 BOX HIGH DO NOT STACK'),
	('',387,'Grapes-red seedless 4636 4023 4499','GRAPES-RED SEEDLESS',18.0,'lb','GRAPES-RED SEEDLESSCA','FRO',4814,'','',0.000,'2015-06-01',0.00,32.000,1.778,2.006,2.006,2.006,2.427,2.43,'SP50','','','Y',0.00,0,0.0,0.0,0.0,0,0,0,0,'CA','R','2015-06-01',2.006,'',0,0,0,0.0,1.978,'JED360',35.600,'','1 BOX HIGH DO NOT STACK'),
	('',388,'Kiwi-label, organic','KIWI-LABEL, ORGANIC',99.0,'ea','KIWI-LABEL, ORGANICNZ','FRO',4815,'org white label unless pre-label','',0.000,'2015-07-07',0.00,42.000,0.424,0.435,0.445,0.445,0.538,0.54,'SP110','UNIT01','','Y',168.00,0,3.0,1.0,4.0,0,1,0,1,'NZ','O','2015-02-09',0.445,'',1,1,0,0.5,0.424,'FOR000',42.000,'','DISPLAY IN BOX'),
	('',389,'Kiwi.','KIWI.',78.0,'ea','KIWI.NZ','FRO',4816,'','',0.000,'2015-07-07',0.00,27.000,0.346,0.398,0.398,0.398,0.482,0.48,'SP50','','','Y',137.70,0,4.0,0.5,4.5,0,1,0,0,'NZ','R','2015-04-06',0.398,'',1,1,0,0.5,0.392,'JED360',30.600,'','DISPLAY IN BOX'),
	('',390,'Kumquats- organic','KUMQUATS-ORGANIC',10.0,'lb','KUMQUATS-ORGANICCA','FRC',4817,'','',0.000,'2015-06-10',0.00,30.000,3.000,3.360,3.360,3.360,4.066,4.07,'SP110','','','Y',0.00,0,0.0,0.0,0.0,0,0,0,1,'CA','O','2015-06-10',3.360,'',0,0,0,0.0,3.250,'SUN250',32.500,'','DISPLAY IN 1 BOX, DO NOT STACK'),
	('',392,'Lychees-organic','LYCHEES-ORGANIC',10.0,'lb','LYCHEES-ORGANICFL','FRO',4819,'','',0.000,'2015-06-23',0.00,38.000,3.800,3.910,3.910,3.910,4.731,4.73,'SP110','','','Y',0.00,0,0.0,0.0,0.0,0,0,0,1,'FL','O','2015-06-23',3.910,'',0,0,0,0.0,3.800,'FOR000',38.000,'',''),
	('',393,'Lychees.','LYCHEES.',10.0,'lb','LYCHEES.MEX','FRO',4820,'','',0.000,'2015-06-30',0.00,26.000,2.600,2.830,2.830,2.830,3.424,3.42,'SP50','','','Y',0.00,0,0.0,0.0,0.0,0,0,0,0,'MEX','R','2015-06-30',2.830,'',0,0,0,0.0,2.780,'JED180',27.800,'','DISPLAY IN BOX'),
	('',395,'Mangoes-Glaser, organic','MANGOES-GLASER, ORGA',10.0,'lb','MANGOES-GLASER, ORGAFL','FRO',4822,'','',0.000,'2015-07-07',0.00,13.500,1.350,1.400,1.400,1.400,1.694,1.69,'SP50','','','Y',460.35,0,34.0,0.1,34.1,0,1,0,0,'FL','O','2015-06-08',1.400,'',1,1,0,0.0,1.350,'FOR000',13.500,'','DISPLAY IN BOX DO NOT MOUND'),
	('',397,'Melons-cantaloupe.','MELONS-CANTALOUPE.',35.0,'lb','MELONS-CANTALOUPE.COG','FRO',4824,'','',0.000,'2015-05-06',0.00,18.000,0.514,0.528,0.528,0.528,0.639,0.64,'SP50','','','Y',0.00,0,0.0,0.0,0.0,0,0,0,0,'COG','R','2015-05-06',0.528,'',1,0,0,0.0,0.514,'BAL000',18.000,'',''),
	('',398,'Salsify-organic','SALSIFY-ORGANIC',10.0,'lb','SALSIFY-ORGANICLAN','VEG',4825,'','',0.000,'2015-04-20',0.00,35.000,3.500,3.610,3.610,3.610,4.368,4.37,'SP110','','','Y',0.00,0,0.0,0.0,0.0,0,0,0,0,'LAN','O','2015-04-20',3.610,'',0,0,0,0.0,3.500,'LAN000',35.000,'',''),
	('',400,'Melons-honeydew, orange organic','MELONS-HONEYDEW, ORA',35.0,'lb','MELONS-HONEYDEW, ORAFLO','FRO',4827,'','',0.000,'2014-08-18',0.00,56.000,1.600,1.631,1.631,1.631,1.974,1.97,'SP110','','','Y',0.00,0,0.0,0.0,0.0,0,0,0,1,'FLO','O','2014-08-18',1.631,'',0,0,0,0.0,1.600,'FLO000',56.000,'',''),
	('',401,'Melons-honeydew,.','MELONS-HONEYDEW,.',4.0,'ea','MELONS-HONEYDEW,.USA','FRO',4828,'','',0.000,'2015-07-08',0.00,16.000,4.000,4.575,4.575,4.575,5.536,5.54,'SP50','','','Y',1023.50,0,54.0,3.5,57.5,0,1,0,0,'USA','R','2015-06-22',4.575,'',1,1,0,0.0,4.450,'JED180',17.800,'',''),
	('',402,'Melons-canary, organic','MELONS-CANARY, ORGAN',11.0,'ea','MELONS-CANARY, ORGANLOC','FRO',4829,'','',0.000,'2014-08-06',0.00,28.000,2.545,2.645,2.645,2.645,3.200,3.20,'SP110','','','Y',0.00,0,0.0,0.0,0.0,0,0,0,0,'LOC','O','2014-07-25',2.645,'',1,0,0,0.0,2.545,'FOR000',28.000,'',''),
	('',403,'Figs-brown cups organic','FIGS-BROWN CUPS ORGA',12.0,'ea','FIGS-BROWN CUPS ORGAUSA','FRO',4830,'','',0.000,'2015-06-25',0.00,38.000,3.167,3.259,3.259,3.259,3.943,3.94,'SP110','','','Y',0.00,0,0.0,0.0,0.0,0,0,0,1,'USA','O','2015-06-25',3.259,'',0,0,0,0.0,3.167,'FOR000',38.000,'','2 WIDE'),
	('',404,'Melons-cavaillon','MELONS-CAVAILLON',6.0,'ea','MELONS-CAVAILLONDOM','FRO',4831,'','',0.000,'2014-06-13',0.00,32.000,5.333,5.416,5.416,5.416,6.553,6.55,'SP50','','','Y',0.00,0,0.0,0.0,0.0,0,0,0,0,'DOM','R','2014-06-13',5.416,'',1,0,0,0.0,5.333,'BAL000',32.000,'',''),
	('',406,'Melons-sharlyn, organic','MELONS-SHARLYN, ORGA',30.0,'lb','MELONS-SHARLYN, ORGAUSA','FRO',4833,'apply sticker only if provided','',0.000,'2013-09-18',0.00,35.000,1.167,1.204,1.204,1.204,1.457,1.46,'SP110','','','Y',0.00,0,0.0,0.0,0.0,0,0,0,1,'USA','O','2013-09-18',1.204,'',1,0,0,0.0,1.167,'BAL000',35.000,'',''),
	('',407,'Nectarines-yellow, organic','NECTARINES-YELLOW, O',25.0,'lb','NECTARINES-YELLOW, OUSA','FRO',4834,'','',0.000,'2015-07-08',0.00,42.000,1.680,1.724,1.724,1.724,2.086,2.09,'SP110','','','Y',688.80,0,16.3,0.1,16.4,0,1,0,1,'USA','O','2015-05-15',1.724,'',0,1,0,0.0,1.680,'FOR000',42.000,'','2 BOXES'),
	('',408,'Nectarines-white, minimally treated','NECTARINES-WHITE, MI',25.0,'lb','NECTARINES-WHITE, MIHEP','FRO',4835,'','',0.000,'2014-08-12',0.00,33.000,1.320,1.364,1.364,1.364,1.650,1.65,'SP110','','','Y',0.00,0,0.0,0.0,0.0,0,0,0,0,'HEP','M','2014-08-12',1.364,'',0,0,0,0.0,1.320,'HEP000',33.000,'','3 boxes wide'),
	('',409,'Papaya-label, organic','PAPAYA-LABEL, ORGANI',10.0,'lb','PAPAYA-LABEL, ORGANIHAW','FRO',4836,'org white label unless prelabel','',0.000,'2015-07-06',0.00,33.500,3.350,3.460,3.470,3.470,4.199,4.20,'SP110','UNIT01','','Y',338.35,0,10.0,0.1,10.1,0,1,0,1,'HAW','O','2015-05-22',3.470,'',0,1,0,0.0,3.350,'FOR000',33.500,'',''),
	('',411,'Peaches-yellow, organic','PEACHES-YELLOW, ORGA',25.0,'lb','PEACHES-YELLOW, ORGAUSA','FRO',4838,'','',0.000,'2015-07-08',0.00,36.000,1.440,1.484,1.484,1.484,1.796,1.80,'SP110','','','Y',1332.00,0,34.0,3.0,37.0,0,1,0,1,'USA','O','2015-04-24',1.484,'',0,1,0,0.0,1.440,'ALB000',36.000,'','2 BOXES'),
	('',412,'Peaches. PLU#4403','PEACHES. PLU#4403',25.0,'lb','PEACHES. PLU#4403SC','FRO',4839,'','',0.000,'2015-07-08',0.00,16.000,0.640,0.804,0.804,0.804,0.973,0.97,'SP50','','','Y',1726.76,0,88.0,0.1,88.1,0,1,0,0,'SC','RW','2015-07-06',0.804,'',0,1,0,0.0,0.784,'JED360',19.600,'','1 BOX HIGH DO NOT STACK'),
	('',413,'Pears-red starkcrimson, organic','PEARS-RED STARKCRIM',22.0,'lb','PEARS-RED STARKCRIMUSA','FRO',4840,'','',0.000,'2014-09-23',0.00,26.000,1.182,1.396,1.396,1.396,1.689,1.69,'SP110','','','Y',0.00,0,0.0,0.0,0.0,0,0,0,1,'USA','O','2014-09-23',1.396,'',0,0,0,0.0,1.346,'JED360',29.600,'',''),
	('',414,'Pears-harrow\'s delight, organic','PEARS-HARROW\'S DELIG',30.0,'lb','PEARS-HARROW\'S DELIGFLO','FRO',4841,'','',0.000,'2013-08-28',0.00,56.000,1.867,1.904,1.904,1.904,2.304,2.30,'SP110','','','Y',0.00,0,0.0,0.0,0.0,0,0,0,0,'FLO','O','2013-08-28',1.904,'',0,0,0,0.0,1.867,'FLO000',56.000,'',''),
	('',415,'Pears-Asian, organic','PEARS-ASIAN, ORGANIC',10.0,'lb','PEARS-ASIAN, ORGANICUSA','FRO',4842,'','',0.000,'2014-03-19',0.00,28.000,2.800,2.910,2.910,2.910,3.521,3.52,'SP110','','','Y',0.00,0,0.0,0.0,0.0,0,0,0,1,'USA','O','2014-03-19',2.910,'',1,0,0,0.0,2.800,'ALB000',28.000,'','DISPLAY IN TRAYS DO NOT MOUND'),
	('',416,'Pears-packham organic','PEARS-PACKHAM ORGANI',40.0,'lb','PEARS-PACKHAM ORGANIARG','FRO',4843,'','',0.000,'2015-07-06',0.00,32.000,0.800,0.828,0.828,0.828,1.002,1.00,'SP110','','','Y',544.00,0,15.0,2.0,17.0,0,1,0,0,'ARG','O','2015-05-04',0.828,'',1,1,0,0.0,0.800,'FOR000',32.000,'',''),
	('',419,'Pears-bosc, organic','PEARS-BOSC, ORGANIC',40.0,'lb','PEARS-BOSC, ORGANICARG','FRO',4846,'','',0.000,'2015-07-05',0.00,48.000,1.200,1.228,1.228,1.228,1.486,1.49,'SP110','','','Y',240.00,0,3.0,2.0,5.0,0,1,0,1,'ARG','O','2015-03-27',1.228,'',0,1,0,0.0,1.200,'FOR000',48.000,'',''),
	('',420,'Pears-bosc, 3#bag, minimally treated','PEARS-BOSC, 3#BAG, M',12.0,'ea','PEARS-BOSC, 3#BAG, MHEP','FRO',4847,'','',0.000,'2014-12-15',0.00,30.000,2.500,2.592,2.592,2.592,3.136,3.14,'SP110','','','Y',0.00,0,0.0,0.0,0.0,0,0,0,0,'HEP','M','2014-12-15',2.592,'',0,0,0,0.0,2.500,'HEP000',30.000,'',''),
	('',421,'Pears-Asian.','PEARS-ASIAN.',12.0,'lb','PEARS-ASIAN.CHI','FRO',4848,'','',0.000,'2013-06-25',0.00,14.000,1.167,1.359,1.359,1.359,1.644,1.64,'SP50','','','Y',0.00,0,0.0,0.0,0.0,0,0,0,0,'CHI','R','2013-06-25',1.359,'',1,0,0,0.0,1.317,'JED180',15.800,'','DISPLAY IN TRAYS, DO NOT MOUND'),
	('',422,'Pears-cactus','PEARS-CACTUS',30.0,'ea','PEARS-CACTUSMEX','FRO',4849,'','',0.000,'2013-12-27',0.00,14.500,0.483,0.500,0.500,0.500,0.605,0.61,'SP50','','','Y',0.00,0,0.0,0.0,0.0,0,0,0,0,'MEX','RW','2013-12-27',0.500,'',1,0,0,0.0,0.483,'BAL000',14.500,'','DISPLAY IN TRAYS DO NOT MOUND'),
	('',423,'Pears-clapp, minimally treated','PEARS-CLAPP, MINIMAL',22.0,'lb','PEARS-CLAPP, MINIMALHEP','FRO',4850,'','',0.000,'2014-09-03',0.00,20.000,0.909,0.959,0.959,0.959,1.160,1.16,'SP110','','','Y',0.00,0,0.0,0.0,0.0,0,0,0,0,'HEP','M','2014-09-03',0.959,'',0,0,0,0.0,0.909,'HEP000',20.000,'',''),
	('',424,'Pears-comice.','PEARS-COMICE.',22.0,'lb','PEARS-COMICE.USA','FRO',4851,'','',0.000,'2015-01-22',0.00,23.000,1.045,1.232,1.232,1.232,1.491,1.49,'SP50','','','Y',0.00,0,0.0,0.0,0.0,0,0,0,0,'USA','R','2015-01-22',1.232,'',0,0,0,0.0,1.209,'JED360',26.600,'',''),
	('',426,'Clementines -2lb bag, organic','CLEMENTINES -2LB BAG',15.0,'ea','CLEMENTINES -2LB BAGUSA','FRC',4853,'','',0.000,'2015-02-19',0.00,64.000,4.267,4.267,4.267,4.267,5.163,5.16,'','','','Y',0.00,0,0.0,0.0,0.0,0,0,0,0,'USA','O','2015-02-19',4.267,'',0,0,0,0.0,4.267,'ALB000',64.000,'',''),
	('',427,'Eggs-Nature\'s Yolk, pastured','EGGS-NATURE\'S YOLK',15.0,'ea','EGGS-NATURE\'S YOLKUSA','ZZZ',4854,'','',0.000,'2012-01-23',0.00,46.000,3.067,3.067,3.067,3.067,3.711,3.71,'','','','Y',0.00,0,0.0,0.0,0.0,0,0,0,1,'USA','R','2012-01-23',3.067,'',0,0,0,0.0,3.067,'ALB000',46.000,'',''),
	('',428,'Pears-seckel, minimally treated','PEARS-SECKEL, MINIMA',28.0,'lb','PEARS-SECKEL, MINIMAHEP','FRO',4855,'','',0.000,'2014-10-09',0.00,25.000,0.893,0.932,0.932,0.932,1.128,1.13,'SP110','','','Y',0.00,0,0.0,0.0,0.0,0,0,0,0,'HEP','M','2014-10-09',0.932,'',0,0,0,0.0,0.893,'CAP000',25.000,'',''),
	('',430,'Garlic-braid white french','GARLIC-BRAID WHITE F',20.0,'ea','GARLIC-BRAID WHITE FFRA','VEG',4857,'','',0.000,'2015-01-22',0.00,125.000,6.250,6.305,6.305,6.305,7.629,7.63,'SP110','','','Y',0.00,0,0.0,0.0,0.0,0,0,0,0,'FRA','R','2015-01-22',6.305,'',0,0,0,0.0,6.250,'BAL000',125.000,'',''),
	('',431,'Persimmons-fuyu, organic','PERSIMMONS-FUYU, ORG',16.0,'lb','PERSIMMONS-FUYU, ORGUSA','FRO',4858,'','',0.000,'2014-12-18',0.00,22.000,1.375,1.444,1.444,1.444,1.747,1.75,'SP110','','','Y',0.00,0,0.0,0.0,0.0,0,0,0,1,'USA','O','2014-12-18',1.444,'',1,0,0,0.0,1.375,'FOR000',22.000,'','DISPLAY IN TRAY NO BOX DO NOT MOUND'),
	('',432,'Persimmons-sharon','PERSIMMONS-SHARON',4.4,'lb','PERSIMMONS-SHARONISS','FRO',4859,'','',0.000,'2015-03-13',0.00,12.000,2.727,2.841,2.841,2.841,3.438,3.44,'SP50','','','Y',0.00,0,0.0,0.0,0.0,0,0,0,0,'ISS','R','2015-03-13',2.841,'',1,0,0,0.0,2.727,'BAL000',12.000,'','DISPLAY IN TRAY'),
	('',433,'Persimmons-hachiya, organic','PERSIMMONS-HACHIYA,',8.0,'lb','PERSIMMONS-HACHIYA,USA','FRO',4860,'','',0.000,'2014-12-01',0.00,18.000,2.250,2.388,2.388,2.388,2.889,2.89,'SP110','','','Y',0.00,0,0.0,0.0,0.0,0,0,0,1,'USA','O','2014-12-01',2.388,'',1,0,0,0.0,2.250,'FOR000',18.000,'','DISPLAY IN TRAY NO BOX DO NOT MOUND'),
	('',434,'Persimmons-sharon, label organic','PERSIMMONS-SHARON, L',16.0,'ea','PERSIMMONS-SHARON, LISR','FRO',4861,'org white label unless prelabel','',0.000,'2013-02-18',0.00,10.500,0.656,0.725,0.735,0.735,0.889,0.89,'SP110','UNIT01','','Y',0.00,0,0.0,0.0,0.0,0,0,0,0,'ISR','O','2009-02-11',0.735,'',1,0,0,0.0,0.656,'ALB000',10.500,'',''),
	('',435,'Pineapple-Maui, organic','PINEAPPLE-MAUI, ORGA',7.0,'ea','PINEAPPLE-MAUI, ORGAHAW','FRO',4862,'','',0.000,'2004-09-22',3.88,24.000,3.429,3.586,3.586,3.586,4.339,3.88,'SP110','','','Y',0.00,0,0.0,0.0,0.0,0,0,0,1,'HAW','O','2004-09-22',3.586,'',0,0,0,0.0,3.429,'FOR000',24.000,'',''),
	('',436,'Pineapple.-gold type','PINEAPPLE.-GOLD TYPE',6.0,'ea','PINEAPPLE.-GOLD TYPECOS','FRO',4863,'','',0.000,'2015-07-05',0.00,15.000,2.500,3.183,3.183,3.183,3.851,3.85,'SP50','','','Y',241.80,0,12.0,1.0,13.0,0,1,0,0,'COS','RW','2015-06-01',3.183,'',1,1,0,0.0,3.100,'JED360',18.600,'','1 BOX HIGH DO NOT STACK'),
	('',437,'Platanos-green (plantains)','PLATANOS-GREEN (PLAN',50.0,'lb','PLATANOS-GREEN (PLANCOE','FRO',4864,'remove lid from box','',0.000,'2015-07-07',0.00,25.000,0.500,0.582,0.582,0.582,0.704,0.70,'SP50','','','Y',57.20,0,1.0,1.0,2.0,0,1,0,0,'COE','R','2015-05-26',0.582,'',0,1,0,0.0,0.572,'JED360',28.600,'',''),
	('',438,'Platanos-yellow (plantains)','PLATANOS-YELLOW (PLA',50.0,'lb','PLATANOS-YELLOW (PLAGUA','FRO',4865,'remove lid from box','',0.000,'2015-07-08',0.00,26.000,0.520,0.602,0.602,0.602,0.728,0.73,'SP50','','','Y',88.80,0,2.0,1.0,3.0,0,1,0,0,'GUA','R','2015-06-29',0.602,'',0,1,0,0.0,0.592,'JED360',29.600,'',''),
	('',439,'Plums-red hiromi, organic','PLUMS-RED HIROMI, OR',28.0,'lb','PLUMS-RED HIROMI, ORCA','FRO',4866,'','',0.000,'2015-07-07',0.00,45.000,1.607,1.646,1.646,1.646,1.992,1.99,'SP110','','','Y',0.00,0,0.0,0.0,0.0,0,0,0,1,'CA','O','2015-07-07',1.646,'',0,0,0,0.0,1.607,'FOR000',45.000,'',''),
	('',441,'Plums-lemon yellow','PLUMS-LEMON YELLOW',12.0,'lb','PLUMS-LEMON YELLOWCHI','FRO',4868,'','',0.000,'2015-03-16',0.00,26.500,2.208,2.250,2.250,2.250,2.723,2.72,'SP50','','','Y',0.00,0,0.0,0.0,0.0,0,0,0,1,'CHI','R','2015-03-16',2.250,'',0,0,0,0.0,2.208,'BAL000',26.500,'','DISPLAY IN TRAY'),
	('',442,'Plums-laroda, organic','PLUMS-LARODA, ORGANI',28.0,'lb','PLUMS-LARODA, ORGANIUSA','FRO',4869,'','',0.000,'2013-08-16',0.00,32.000,1.143,1.182,1.182,1.182,1.430,1.43,'SP110','','','Y',0.00,0,0.0,0.0,0.0,0,0,0,0,'USA','O','2013-08-16',1.182,'',0,0,0,0.0,1.143,'FOR000',32.000,'',''),
	('',443,'Plums-elephant heart, organic','PLUMS-ELEPHANT HEART',28.0,'lb','PLUMS-ELEPHANT HEARTUSA','FRO',4870,'','',0.000,'2011-09-08',0.00,34.000,1.214,1.253,1.253,1.253,1.516,1.52,'SP110','','','Y',0.00,0,0.0,0.0,0.0,0,0,0,0,'USA','O','2011-09-08',1.253,'',0,0,0,0.0,1.214,'ALB000',34.000,'',''),
	('',444,'Plums-happy giant red organic','PLUMS-HAPPY GIANT RE',28.0,'lb','PLUMS-HAPPY GIANT RECHI','FRO',4871,'','',0.000,'2015-02-12',0.00,50.000,1.786,1.825,1.825,1.825,2.208,2.21,'SP110','','','Y',0.00,0,0.0,0.0,0.0,0,0,0,1,'CHI','O','2015-02-12',1.825,'',0,0,0,0.0,1.786,'FOR000',50.000,'',''),
	('',447,'Plums-yellow mello green, organic','PLUMS-YELLOW MELLO G',28.0,'lb','PLUMS-YELLOW MELLO GUSA','FRO',4874,'','',0.000,'2011-07-29',0.00,33.500,1.196,1.235,1.235,1.235,1.494,1.49,'SP110','','','Y',0.00,0,0.0,0.0,0.0,0,0,0,1,'USA','O','2011-07-29',1.235,'',0,0,0,0.0,1.196,'FOR000',33.500,'',''),
	('',450,'Plums-spring satin minimally treated','PLUMS-SPRING SATIN M',20.0,'lb','PLUMS-SPRING SATIN MHEP','FRO',4877,'','',0.000,'2013-08-01',0.00,27.500,1.375,1.430,1.430,1.430,1.730,1.73,'SP110','','','Y',0.00,0,0.0,0.0,0.0,0,0,0,0,'HEP','M','2013-08-01',1.430,'',0,0,0,0.0,1.375,'HEP000',27.500,'',''),
	('',452,'Plums-simka, organic','PLUMS-SIMKA, ORGANIC',28.0,'lb','PLUMS-SIMKA, ORGANICUSA','FRO',4879,'','',0.000,'2011-09-12',0.00,34.000,1.214,1.253,1.253,1.253,1.516,1.52,'SP110','','','Y',0.00,0,0.0,0.0,0.0,0,0,0,1,'USA','O','2011-09-12',1.253,'',0,0,0,0.0,1.214,'ALB000',34.000,'',''),
	('',454,'Plums-angeleno organic','PLUMS-ANGELENO ORGAN',28.0,'lb','PLUMS-ANGELENO ORGANUSA','FRO',4881,'','',0.000,'2015-06-26',0.00,47.000,1.679,1.718,1.718,1.718,2.079,2.08,'SP110','','','Y',0.00,0,0.0,0.0,0.0,0,0,0,1,'USA','O','2015-06-26',1.718,'',0,0,0,0.0,1.679,'FOR000',47.000,'',''),
	('',455,'Plums-early gold minimally treated','PLUMS-EARLY GOLD MIN',20.0,'lb','PLUMS-EARLY GOLD MINHEP','FRO',4882,'','',0.000,'2015-07-08',0.00,32.000,1.600,1.655,1.655,1.655,2.003,2.00,'SP110','','','Y',259.20,0,8.0,0.1,8.1,0,1,0,0,'HEP','M','2015-07-07',1.655,'',0,1,0,0.0,1.600,'HEP000',32.000,'',''),
	('',456,'Plums-september yummy, organic','PLUMS-SEPTEMBER YUMM',28.0,'lb','PLUMS-SEPTEMBER YUMMUSA','FRO',4883,'','',0.000,'2014-09-17',0.00,50.000,1.786,1.825,1.825,1.825,2.208,2.21,'SP110','','','Y',0.00,0,0.0,0.0,0.0,0,0,0,1,'USA','O','2014-09-17',1.825,'',0,0,0,0.0,1.786,'ALB000',50.000,'',''),
	('',457,'Plums-red heart, minimally treated','PLUMS-RED HEART, MIN',20.0,'lb','PLUMS-RED HEART, MINHEP','FRO',4884,'','',0.000,'2014-09-17',0.00,27.500,1.375,1.430,1.430,1.430,1.730,1.73,'SP110','','','Y',0.00,0,0.0,0.0,0.0,0,0,0,0,'HEP','M','2014-09-17',1.430,'',0,0,0,0.0,1.375,'HEP000',27.500,'',''),
	('',458,'Pomegranates-label, organic','POMEGRANATES-LABEL,',32.0,'ea','POMEGRANATES-LABEL,USA','FRO',4885,'org white label','',0.000,'2012-12-11',0.00,12.000,0.375,0.690,0.700,0.700,0.847,0.85,'SP110','UNIT01','','Y',0.00,0,0.0,0.0,0.0,0,0,0,1,'USA','O','2012-12-11',0.700,'',1,0,0,0.0,0.656,'SUN900',21.000,'',''),
	('',459,'Pomegranates.','POMEGRANATES.',22.0,'ea','POMEGRANATES.AUS','FRO',4886,'','',0.000,'2015-02-06',0.00,25.000,1.136,1.323,1.323,1.323,1.601,1.60,'SP50','','','Y',0.00,0,0.0,0.0,0.0,0,0,0,0,'AUS','RW','2015-02-06',1.323,'',1,0,0,0.0,1.300,'JED360',28.600,'','DISPLAY IN TRAYS DO NOT MOUND'),
	('',460,'Quince','QUINCE',17.0,'lb','QUINCEUSA','FRO',4887,'','',0.000,'2014-12-22',0.00,45.000,2.647,2.676,2.676,2.676,3.238,3.24,'SP50','','','Y',0.00,0,0.0,0.0,0.0,0,0,0,0,'USA','R','2014-12-22',2.676,'',0,0,0,0.0,2.647,'BAL000',45.000,'','DISPLAY IN TRAY NO BOX DO NOT MOUND'),
	('',461,'Sapotes-mamey, organic','SAPOTES-MAMEY, ORGAN',10.0,'lb','SAPOTES-MAMEY, ORGANFL','FRO',4888,'','',0.000,'2015-07-06',0.00,52.900,5.290,5.400,5.400,5.400,6.534,6.53,'SP110','','','Y',111.09,0,2.0,0.1,2.1,0,1,0,1,'FL','O','2015-06-26',5.400,'',0,1,0,0.0,5.290,'ALB000',52.900,'',''),
	('',462,'Black raspberries -local organic','BLACK RASPBERRIES -L',12.0,'ea','BLACK RASPBERRIES -LLOC','FRO',4889,'','',0.000,'2014-07-21',0.00,50.000,4.167,4.259,4.259,4.259,5.153,5.15,'SP110','','','Y',0.00,0,0.0,0.0,0.0,0,0,0,0,'LOC','O','2014-07-21',4.259,'',0,0,0,0.0,4.167,'FLO000',50.000,'',''),
	('',463,'Strawberries-quart basket, organic','STRAWBERRIES-QUART B',8.0,'ea','STRAWBERRIES-QUART BHEP','FRO',4890,'','',0.000,'2015-07-03',0.00,35.000,4.375,4.513,4.513,4.513,5.461,5.46,'SP110','','','Y',0.00,0,0.0,0.0,0.0,0,0,0,1,'HEP','O','2015-07-01',4.513,'',1,0,0,0.0,4.375,'HEP000',35.000,'',''),
	('',464,'Strawberries-pint, organic','STRAWBERRIES-PINT, O',12.0,'ea','STRAWBERRIES-PINT, OLAN','FRO',4891,'','',0.000,'2015-05-21',0.00,42.000,3.500,3.592,3.592,3.592,4.346,4.35,'SP110','','','Y',0.00,0,0.0,0.0,0.0,0,0,0,1,'LAN','O','2015-05-21',3.592,'',0,0,0,0.0,3.500,'BAL000',42.000,'','3 WIDE'),
	('',466,'Strawberries.-local full flat organic','STRAWBERRIES.-LOCAL',12.0,'ea','STRAWBERRIES.-LOCALHEP','FRO',4893,'','',0.000,'2012-06-15',10.00,36.000,3.000,3.092,3.092,3.092,3.741,10.00,'SP110','','','Y',0.00,0,0.0,0.0,0.0,0,0,0,0,'HEP','R','2012-06-15',3.092,'',0,0,0,0.0,3.000,'HEP000',36.000,'',''),
	('',467,'Watermelon-sugar baby with seeds organic','WATERMELON-SUGAR BAB',60.0,'lb','WATERMELON-SUGAR BABFL','BAG',4894,'','',0.000,'2015-07-08',0.00,38.000,0.633,0.651,0.651,0.651,0.788,0.79,'SP110','','','Y',0.00,0,0.0,0.0,0.0,0,0,0,1,'FL','O','2015-07-08',0.651,'',0,0,0,0.0,0.633,'FOR000',38.000,'','ORGANIC'),
	('',468,'Watermelon-yellow seedless organic','WATERMELON-YELLOW SE',50.0,'lb','WATERMELON-YELLOW SELAN','FRO',4895,'','',0.000,'2014-08-27',0.00,25.000,0.500,0.522,0.522,0.522,0.632,0.63,'SP110','','','Y',0.00,0,0.0,0.0,0.0,0,0,0,1,'LAN','O','2014-08-27',0.522,'',0,0,0,0.0,0.500,'LAN000',25.000,'',''),
	('',469,'Watermelon-orange seedless, organic','WATERMELON-ORANGE SE',50.0,'lb','WATERMELON-ORANGE SEUSA','FRO',4896,'','',0.000,'2015-07-06',0.00,40.000,0.800,0.822,0.822,0.822,0.995,1.00,'SP110','','','Y',324.00,0,8.0,0.1,8.1,0,1,0,0,'USA','O','2015-07-03',0.822,'',0,1,0,0.0,0.800,'FOR000',40.000,'',''),
	('',471,'Watermelon-red with seeds organic','WATERMELON-RED WITH',50.0,'lb','WATERMELON-RED WITHLAN','FRO',4898,'','',0.000,'2015-05-05',0.00,18.000,0.360,0.382,0.382,0.382,0.462,0.46,'SP110','','','Y',0.00,0,0.0,0.0,0.0,0,0,0,1,'LAN','O','2015-05-05',0.382,'',0,0,0,0.0,0.360,'ALB000',18.000,'','ORGANIC'),
	('',472,'Watermelon-red seedless, organic','WATERMELON-RED SEEDL',50.0,'lb','WATERMELON-RED SEEDLMEX','FRO',4899,'','',0.000,'2015-07-08',0.00,22.000,0.440,0.462,0.462,0.462,0.559,0.56,'SP110','','','Y',2378.20,0,108.0,0.1,108.1,0,1,0,0,'MEX','O','2015-05-11',0.462,'',0,1,0,0.0,0.440,'ALB000',22.000,'',''),
	('',473,'Almonds in the shell','ALMONDS IN THE SHELL',50.0,'lb','ALMONDS IN THE SHELLUSA','NUT',4900,'','',0.000,'2012-04-30',0.00,70.000,1.400,1.482,1.482,1.482,1.793,1.79,'SP50','','','Y',0.00,0,0.0,0.0,0.0,0,0,0,0,'USA','R','2008-01-16',1.482,'',0,0,0,0.0,1.472,'JED360',73.600,'',''),
	('',474,'Chestnuts-cup, organic','CHESTNUTS-CUP, ORGAN',31.0,'ea','CHESTNUTS-CUP, ORGANNY','NUT',4901,'full pint cup','',0.000,'2014-12-08',0.00,140.000,4.516,4.551,4.601,4.601,5.567,5.57,'SP110','UNIT05','','Y',0.00,0,0.0,0.0,0.0,0,0,0,1,'NY','O','2014-12-08',4.601,'',1,0,0,0.0,4.516,'FLO000',140.000,'',''),
	('',475,'Chestnuts.','CHESTNUTS.',55.0,'lb','CHESTNUTS.ITA','NUT',4902,'no processing                 48-50 size','',0.000,'2015-01-20',0.00,216.000,3.927,4.001,4.001,4.001,4.841,4.84,'SP50','','','Y',0.00,0,0.0,0.0,0.0,0,0,0,1,'ITA','R','2015-01-20',4.001,'',0,0,0,0.0,3.992,'JED360',219.600,'',''),
	('',476,'Mixed nuts in shell','MIXED NUTS IN SHELL',50.0,'lb','MIXED NUTS IN SHELLTX','NUT',4903,'','',0.000,'2015-05-25',0.00,160.000,3.200,3.282,3.282,3.282,3.971,3.97,'SP50','','','Y',0.00,0,0.0,0.0,0.0,0,0,0,0,'TX','R','2015-05-25',3.282,'',0,0,0,0.0,3.272,'JED360',163.600,'','PLU- 4928'),
	('',477,'Fiddlehead ferns-wild','FIDDLEHEAD FERNS-WIL',10.0,'lb','FIDDLEHEAD FERNS-WILMA','VEG',4904,'','',0.000,'2015-06-01',0.00,70.000,7.000,7.050,7.050,7.050,8.531,8.53,'SP50','','','Y',0.00,0,0.0,0.0,0.0,0,0,0,0,'MA','R','2015-06-01',7.050,'',0,0,0,0.0,7.000,'ANG000',70.000,'',''),
	('',478,'Pecans in the shell','PECANS IN THE SHELL',50.0,'lb','PECANS IN THE SHELLUSA','NUT',4905,'','',0.000,'2012-02-09',0.00,110.000,2.200,2.282,2.282,2.282,2.761,2.76,'SP50','','','Y',0.00,0,0.0,0.0,0.0,0,0,0,0,'USA','R','2007-03-12',2.282,'',0,0,0,0.0,2.272,'JED360',113.600,'',''),
	('',479,'Pecans in the shell, organic','PECANS IN THE SHELL,',14.0,'lb','PECANS IN THE SHELL,MO','NUT',4906,'','',0.000,'2012-06-14',0.00,13.800,0.986,1.022,1.022,1.022,1.237,1.24,'SP50','','','Y',0.00,0,0.0,0.0,0.0,0,0,0,0,'MO','O','2012-06-14',1.022,'',0,0,0,0.0,0.986,'ALB000',13.800,'',''),
	('',480,'Sapotes-white, organic','SAPOTES-WHITE, ORGAN',10.0,'lb','SAPOTES-WHITE, ORGANUSA','FRO',4907,'','',0.000,'2012-11-16',0.00,52.000,5.200,5.310,5.310,5.310,6.425,6.43,'SP110','','','Y',0.00,0,0.0,0.0,0.0,0,0,0,0,'USA','O','2012-11-16',5.310,'',0,0,0,0.0,5.200,'ALB000',52.000,'','DISPLAY IN BOX'),
	('',481,'Clementines, 5lb boxes','CLEMENTINES, 5LB BOX',1.0,'ea','CLEMENTINES, 5LB BOXISR','FRC',4908,'','',0.000,'2015-03-19',0.00,7.000,7.000,7.000,7.000,7.000,8.470,8.47,'','','','Y',0.00,0,0.0,0.0,0.0,0,0,0,0,'ISR','RW','2015-03-19',7.000,'',0,0,0,0.0,7.000,'BAL000',7.000,'',''),
	('',482,'Horseradish-trimmed, organic','HORSERADISH-TRIMMED,',10.0,'lb','HORSERADISH-TRIMMED,USA','VEG',4909,'','',0.000,'2015-04-23',0.00,56.000,5.600,5.710,5.710,5.710,6.909,6.91,'SP110','','','Y',0.00,0,0.0,0.0,0.0,0,0,0,0,'USA','O','2015-04-23',5.710,'',0,0,0,0.0,5.600,'ALB000',56.000,'','DISPLAY IN BAG'),
	('',484,'Potatoes-fingerling, organic','POTATOES-FINGERLING,',20.0,'lb','POTATOES-FINGERLING,USA','VEG',4911,'loosen and mix colors','',0.000,'2015-07-06',0.00,38.600,1.930,1.985,1.985,1.985,2.402,2.40,'SP110','','','Y',598.30,0,10.5,5.0,15.5,0,1,0,0,'USA','O','2014-09-08',1.985,'',0,1,0,0.0,1.930,'ALB000',38.600,'',''),
	('',485,'Radicchio- green organic','RADICCHIO- GREEN ORG',24.0,'ea','RADICCHIO- GREEN ORGHEP','VEG',4912,'','',0.000,'2015-07-05',0.00,24.000,1.000,1.046,1.046,1.046,1.266,1.27,'SP110','','','Y',48.00,0,0.0,2.0,2.0,0,1,0,0,'HEP','O','2015-07-01',1.046,'',0,1,0,0.0,1.000,'HEP000',24.000,'',''),
	('',486,'Sweet potato- Japanese, organic','SWEET POTATO- JAPANE',40.0,'lb','SWEET POTATO- JAPANEUSA','VEG',4913,'','',0.000,'2015-07-08',0.00,53.000,1.325,1.353,1.353,1.353,1.637,1.64,'SP110','','','Y',583.00,0,9.0,2.0,11.0,0,1,0,0,'USA','O','2015-02-09',1.353,'',0,1,0,0.0,1.325,'FOR000',53.000,'','DISPLAY IN LID'),
	('',489,'Volcano Lemon Juice','VOLCANO LEMON JUICE',6.0,'ea','VOLCANO LEMON JUICEUSA','ZZZ',4916,'','',0.000,'2012-10-07',0.00,23.300,3.883,3.883,3.883,3.883,4.698,4.70,'','','','Y',0.00,0,0.0,0.0,0.0,0,0,0,0,'USA','O','2012-10-07',3.883,'',1,1,0,0.0,3.883,'FOR000',23.300,'',''),
	('',491,'Goat milk quarts- cases of six','GOAT MILK QUARTS- CA',6.0,'ea','GOAT MILK QUARTS- CAUSA','ZZZ',4918,'refrigerate','',0.000,'2014-09-15',0.00,22.660,3.777,3.777,3.777,3.777,4.570,4.57,'','','','Y',0.00,0,0.0,0.0,0.0,0,0,0,0,'USA','O','2012-01-23',3.777,'',1,1,0,0.0,3.777,'ALB000',22.660,'',''),
	('',492,'Vivid Choi organic','VIVID CHOI ORGANIC',12.0,'bu','VIVID CHOI ORGANICHEP','VEG',4919,'','',0.000,'2013-11-13',0.00,18.000,1.500,1.500,1.500,1.500,1.815,1.82,'','','','Y',0.00,0,0.0,0.0,0.0,0,0,0,0,'HEP','O','2013-11-13',1.500,'',1,0,0,0.0,1.500,'HEP000',18.000,'',''),
	('',493,'NatbyNat .Half & Half org','NATBYNAT .HALF & HAL',12.0,'ea','NATBYNAT .HALF & HALUSA','ZZZ',4920,'','',0.000,'2012-01-23',0.00,18.500,1.542,1.542,1.542,1.542,1.866,1.87,'','','','Y',0.00,0,0.0,0.0,0.0,0,0,0,0,'USA','O','2012-01-23',1.542,'',1,1,0,0.0,1.542,'ALB000',18.500,'',''),
	('',494,'NatbyNat  two% hg milk','NATBYNAT  TWO% HG MI',6.0,'ea','NATBYNAT  TWO% HG MIUSA','ZZZ',4921,'','',0.000,'2012-01-23',0.00,19.500,3.250,3.250,3.250,3.250,3.933,3.93,'','','','Y',0.00,0,0.0,0.0,0.0,0,0,0,0,'USA','O','2012-01-23',3.250,'',1,1,0,0.0,3.250,'ALB000',19.500,'',''),
	('',495,'Okra-cups, organic','OKRA-CUPS, ORGANIC',15.0,'ea','OKRA-CUPS, ORGANICFL','VEG',4922,'full pint cups','',0.000,'2014-09-09',0.00,31.000,2.067,2.140,2.250,2.250,2.723,2.72,'SP110','UNIT11','','Y',0.00,0,0.0,0.0,0.0,0,0,0,0,'FL','O','2014-08-22',2.250,'',1,0,0,0.0,2.067,'HEP000',31.000,'',''),
	('',497,'Buddha\'s hands','BUDDHA\'S HANDS',5.0,'ea','BUDDHA\'S HANDSCA','FRC',4924,'','',0.000,'2014-11-11',0.00,20.000,4.000,4.600,4.600,4.600,5.566,5.57,'SP50','','','Y',0.00,0,0.0,0.0,0.0,0,0,0,0,'CA','RW','2014-11-11',4.600,'',1,0,0,0.0,4.500,'SUN250',22.500,'',''),
	('',498,'Shallot greens-organic','SHALLOT GREENS-ORGAN',48.0,'bu','SHALLOT GREENS-ORGANKEN','VEG',4925,'','',0.000,'2015-07-08',0.00,115.000,2.396,2.419,2.419,2.419,2.927,2.93,'SP110','','','Y',11.50,0,0.1,0.0,0.1,0,1,1,0,'KEN','O','2015-07-08',2.419,'',0,1,0,0.0,2.396,'REG000',115.000,'','1 WIDE'),
	('',499,'NatbyNat .,Heavy Cream org','NATBYNAT .,HEAVY CRE',12.0,'ea','NATBYNAT .,HEAVY CREUSA','ZZZ',4926,'','',0.000,'2012-01-23',0.00,29.500,2.458,2.458,2.458,2.458,2.974,2.97,'','','','Y',0.00,0,0.0,0.0,0.0,0,0,0,0,'USA','O','2012-01-23',2.458,'',1,1,0,0.0,2.458,'ALB000',29.500,'',''),
	('',500,'Tomatoes-campari','TOMATOES-CAMPARI',10.0,'ea','TOMATOES-CAMPARIMEU','VEG',4927,'','',0.000,'2015-07-02',0.00,17.000,1.700,1.750,1.750,1.750,2.118,2.12,'SP50','','','Y',0.00,0,0.0,0.0,0.0,0,0,0,0,'MEU','R','2015-06-30',1.750,'',0,0,0,0.0,1.700,'BAL000',17.000,'',''),
	('',501,'Yams-white','YAMS-WHITE',40.0,'lb','YAMS-WHITECOS','VEG',4929,'','',0.000,'2006-03-20',0.00,26.000,0.650,0.663,0.663,0.663,0.802,0.80,'SP50','','','Y',0.00,0,0.0,0.0,0.0,0,0,0,0,'COS','R','2006-03-20',0.663,'',0,0,0,0.0,0.650,'DAR000',26.000,'',''),
	('',502,'Lady Alice, organic','LADY ALICE, ORGANIC',27.0,'lb','LADY ALICE, ORGANICWA','FRA',4930,'','',0.000,'2015-05-07',0.00,58.000,2.148,2.189,2.189,2.189,2.649,2.65,'SP110','','','Y',0.00,0,0.0,0.0,0.0,0,0,0,0,'WA','O','2015-05-07',2.189,'',0,0,0,0.0,2.148,'ALB000',58.000,'',''),
	('',503,'Kale-green bunch organic','KALE-GREEN BUNCH ORG',24.0,'bu','KALE-GREEN BUNCH ORGLOC','VEG',4931,'','',0.000,'2015-07-08',0.00,30.000,1.250,1.296,1.296,1.296,1.568,1.57,'SP110','','','Y',780.00,0,24.0,2.0,26.0,0,1,0,0,'LOC','O','2014-08-12',1.296,'',1,1,0,0.0,1.250,'HEP000',30.000,'','2 WIDE'),
	('',504,'Melons-orange flesh','MELONS-ORANGE FLESH',5.0,'ea','MELONS-ORANGE FLESHUSA','FRO',4932,'','',0.000,'2015-04-06',0.00,22.000,4.400,4.500,4.500,4.500,5.445,5.45,'SP50','','','Y',0.00,0,0.0,0.0,0.0,0,0,0,0,'USA','R','2015-04-06',4.500,'',1,0,0,0.0,4.400,'BAL000',22.000,'',''),
	('',506,'Cauliflower-green romanesco, organic','CAULIFLOWER-GREEN RO',12.0,'ea','CAULIFLOWER-GREEN ROUSA','VEG',4934,'','',0.000,'2015-03-16',0.00,37.000,3.083,3.175,3.175,3.175,3.842,3.84,'SP110','','','Y',0.00,0,0.0,0.0,0.0,0,0,0,0,'USA','O','2015-03-16',3.175,'',1,0,0,0.0,3.083,'ELI000',37.000,'','SMALL SPOT'),
	('',507,'Lemons-Meyer, label organic','LEMONS-MEYER, LABEL',10.0,'lb','LEMONS-MEYER, LABELCA','FRC',4935,'meyer lemon label unless prelabel','',0.000,'2015-05-28',0.00,30.000,3.000,4.010,4.020,4.020,4.864,4.86,'SP110','UNIT01','','Y',0.00,0,0.0,0.0,0.0,0,0,0,0,'CA','OW','2015-05-28',4.020,'',0,0,0,0.0,3.900,'SUN900',39.000,'','DISPLAY IN BOX'),
	('',508,'All other apples-minimally treated','ALL OTHER APPLES-MIN',38.0,'lb','ALL OTHER APPLES-MINHEP','FRA',4936,'','',0.000,'2015-05-10',0.00,35.000,0.921,0.950,0.950,0.950,1.150,1.15,'SP110','','','Y',3.50,0,0.0,0.1,0.1,0,1,0,0,'HEP','M','2015-04-18',0.950,'',0,1,0,0.0,0.921,'HEP000',35.000,'',''),
	('',510,'Uglifruit','UGLIFRUIT',27.0,'lb','UGLIFRUITJAM','FRC',4938,'','',0.000,'2015-05-08',0.00,26.500,0.981,1.000,1.000,1.000,1.210,1.21,'SP50','','','Y',0.00,0,0.0,0.0,0.0,0,0,0,0,'JAM','RW','2015-05-08',1.000,'',0,0,0,0.0,0.981,'BAL000',26.500,'',''),
	('',511,'Squash-sweet dumpling, organic','SQUASH-SWEET DUMPLIN',35.0,'lb','SQUASH-SWEET DUMPLINLOC','VEG',4939,'','',0.000,'2015-02-02',0.00,35.000,1.000,1.031,1.031,1.031,1.248,1.25,'SP110','','','Y',0.00,0,0.0,0.0,0.0,0,0,0,0,'LOC','O','2015-02-02',1.031,'',0,0,0,0.0,1.000,'HEP000',35.000,'',''),
	('',512,'Mushrooms-white, 12oz cup organic','MUSHROOMS-WHITE, 12O',10.0,'ea','MUSHROOMS-WHITE, 12OPA','VEG',4940,'','',0.000,'2013-10-31',0.00,18.070,1.807,1.917,1.917,1.917,2.320,2.32,'SP110','','','Y',0.00,0,0.0,0.0,0.0,0,0,0,0,'PA','O','2013-10-31',1.917,'',0,0,0,0.0,1.807,'ALB000',18.070,'',''),
	('',513,'Radish-black, organic','RADISH-BLACK, ORGANI',10.0,'lb','RADISH-BLACK, ORGANIUSA','VEG',4941,'','',0.000,'2015-06-09',0.00,20.000,2.000,2.110,2.110,2.110,2.553,2.55,'SP110','','','Y',0.00,0,0.0,0.0,0.0,0,0,0,0,'USA','O','2012-06-07',2.110,'',0,0,0,0.0,2.000,'FOR000',20.000,'','SMALL SPOT'),
	('',514,'Broccoli baby - loose, organic','BROCCOLI BABY-LOOSE,',20.0,'lb','BROCCOLI BABY-LOOSE,HEP','VEG',4942,'','',0.000,'2015-06-03',0.00,39.000,1.950,2.005,2.005,2.005,2.426,2.43,'SP110','','','Y',0.00,0,0.0,0.0,0.0,0,0,0,0,'HEP','O','2015-06-03',2.005,'',1,0,0,0.0,1.950,'HEP000',39.000,'',''),
	('',515,'Peaches-donut, minimally treated','PEACHES-DONUT, MINIM',20.0,'lb','PEACHES-DONUT, MINIMHEP','FRO',4943,'','',0.000,'2014-08-01',0.00,26.500,1.325,1.380,1.380,1.380,1.670,1.67,'SP110','','','Y',0.00,0,0.0,0.0,0.0,0,0,0,0,'HEP','M','2014-08-01',1.380,'',0,0,0,0.0,1.325,'HEP000',26.500,'',''),
	('',516,'Pomegranate. cups','POMEGRANATE. CUPS',12.0,'ea','POMEGRANATE. CUPSUSA','FRO',4944,'','',0.000,'2012-11-12',0.00,36.000,3.000,3.092,3.092,3.092,3.741,3.74,'SP110','','','Y',0.00,0,0.0,0.0,0.0,0,0,0,0,'USA','R','2009-01-13',3.092,'',1,0,0,0.0,3.000,'REM000',36.000,'',''),
	('',517,'Parsley root-organic','PARSLEY ROOT-ORGANIC',10.0,'lb','PARSLEY ROOT-ORGANICLAN','VEG',4945,'red tape','',0.000,'2015-02-06',0.00,20.000,2.000,2.110,2.110,2.110,2.553,2.55,'SP110','','','Y',0.00,0,0.0,0.0,0.0,0,0,0,0,'LAN','O','2015-02-06',2.110,'',1,0,0,0.0,2.000,'LAN000',20.000,'',''),
	('',518,'Cherimoyas-organic','CHERIMOYAS-ORGANIC',10.0,'lb','CHERIMOYAS-ORGANICUSA','FRO',4946,'','',0.000,'2015-04-07',0.00,50.700,5.070,5.180,5.180,5.180,6.268,6.27,'SP110','','','Y',0.00,0,0.0,0.0,0.0,0,0,0,0,'USA','O','2015-04-07',5.180,'',0,0,0,0.0,5.070,'ALB000',50.700,'',''),
	('',521,'Papaya.-red flesh','PAPAYA.-RED FLESH',30.0,'lb','PAPAYA.-RED FLESHMEX','FRO',4949,'remove lid','',0.000,'2015-07-07',0.00,22.000,0.733,0.903,0.903,0.903,1.093,1.09,'SP150','','','Y',460.80,0,14.0,4.0,18.0,0,1,0,0,'MEX','R','2015-04-20',0.903,'',0,1,0,0.0,0.853,'JED360',25.600,'',''),
	('',523,'Spinach-bagged','SPINACH-BAGGED',8.0,'ea','SPINACH-BAGGEDUSA','VEG',4951,'','',0.000,'2014-06-30',0.00,11.000,1.375,1.888,1.888,1.888,2.284,2.28,'SP50','','','Y',0.00,0,0.0,0.0,0.0,0,0,0,0,'USA','R','2014-06-30',1.888,'',0,0,0,0.0,1.825,'JED360',14.600,'','1 WIDE FACE FRONT'),
	('',524,'Sapotes-black, organic','SAPOTES-BLACK, ORGAN',5.0,'lb','SAPOTES-BLACK, ORGANFL','FRO',4954,'','',0.000,'2015-03-23',0.00,28.600,5.720,5.940,5.940,5.940,7.187,7.19,'SP110','','','Y',0.00,0,0.0,0.0,0.0,0,0,0,0,'FL','O','2015-03-23',5.940,'',0,0,0,0.0,5.720,'ALB000',28.600,'','DISPLAY IN BOX'),
	('',525,'Tomato grape sugarplum organic','TOMATO GRAPE SUGARPL',12.0,'ea','TOMATO GRAPE SUGARPLDOM','VEG',4955,'','',0.000,'2015-07-02',0.00,19.900,1.658,1.750,1.750,1.750,2.118,2.12,'SP110','','','Y',0.00,0,0.0,0.0,0.0,0,0,0,0,'DOM','O','2015-06-10',1.750,'',0,0,0,0.0,1.658,'ALB000',19.900,'','ORGANIC'),
	('',526,'Carrots-loose white, organic','CARROTS-LOOSE WHITE,',20.0,'lb','CARROTS-LOOSE WHITE,LOC','VEG',4956,'','',0.000,'2015-03-06',0.00,35.000,1.750,1.805,1.805,1.805,2.184,2.18,'SP110','','','Y',0.00,0,0.0,0.0,0.0,0,0,0,0,'LOC','O','2015-03-06',1.805,'',1,0,0,0.0,1.750,'LAN000',35.000,'',''),
	('',527,'Melogold-organic plu#93152','MELOGOLD-ORGANIC PLU',34.0,'lb','MELOGOLD-ORGANIC PLUCA','FRC',4957,'','',0.000,'2015-02-11',0.00,45.000,1.324,1.356,1.356,1.356,1.641,1.64,'SP110','','','Y',0.00,0,0.0,0.0,0.0,0,0,0,0,'CA','O','2015-02-11',1.356,'',0,0,0,0.0,1.324,'ALB000',45.000,'',''),
	('',528,'Galangal, organic','GALANGAL, ORGANIC',30.0,'lb','GALANGAL, ORGANICHAW','VEG',4958,'','',0.000,'2013-12-31',0.00,262.000,8.733,8.770,8.770,8.770,10.612,10.61,'SP110','','','Y',0.00,0,0.0,0.0,0.0,0,0,0,0,'HAW','O','2013-12-31',8.770,'',0,0,0,0.0,8.733,'ALB000',262.000,'',''),
	('',529,'Beans-edamame, organic','BEANS-EDAMAME, ORGAN',10.0,'lb','BEANS-EDAMAME, ORGANLAN','VEG',4959,'','',0.000,'2014-10-07',0.00,30.000,3.000,3.110,3.110,3.110,3.763,3.76,'SP110','','','Y',0.00,0,0.0,0.0,0.0,0,0,0,0,'LAN','O','2014-10-07',3.110,'',0,0,0,0.0,3.000,'LAN000',30.000,'',''),
	('',530,'Lamb\'s quarters-organic','LAMB\'S QUARTERS-ORGA',12.0,'bu','LAMB\'S QUARTERS-ORGAHEP','VEG',4960,'','',0.000,'2015-06-16',0.00,15.000,1.250,1.342,1.342,1.342,1.624,1.62,'SP110','','','Y',0.00,0,0.0,0.0,0.0,0,0,0,0,'HEP','O','2015-06-16',1.342,'',1,0,0,0.0,1.250,'HEP000',15.000,'',''),
	('',531,'Tomato cherry mixed local organic','TOMATO CHERRY MIXED',12.0,'ea','TOMATO CHERRY MIXEDLAN','VEG',4961,'','',0.000,'2015-07-08',0.00,36.000,3.000,3.092,3.092,3.092,3.741,3.74,'SP110','','','Y',291.60,0,8.0,0.1,8.1,0,1,0,0,'LAN','O','2015-07-07',3.092,'',0,1,0,0.0,3.000,'LAN000',36.000,'',''),
	('',533,'Salad Mix-16oz bags, organic','SALAD MIX-16OZ BAGS,',6.0,'ea','SALAD MIX-16OZ BAGS,MEU','VEG',4964,'check date! be careful rotating','',0.000,'2015-07-08',0.00,27.900,4.650,4.833,4.833,4.833,5.848,5.85,'SP110','','','Y',864.90,0,30.0,1.0,31.0,0,1,0,0,'MEU','O','2015-02-26',4.833,'',0,1,0,0.0,4.650,'ALB000',27.900,'','2 WIDE FACE UP'),
	('',534,'Radish-loose, organic','RADISH-LOOSE, ORGANI',12.0,'lb','RADISH-LOOSE, ORGANILOC','VEG',4965,'','',0.000,'2015-06-26',0.00,36.000,3.000,3.092,3.092,3.092,3.741,3.74,'SP110','','','Y',3.60,0,0.0,0.1,0.1,0,1,0,0,'LOC','O','2011-04-27',3.092,'',0,1,0,0.0,3.000,'LAN000',36.000,'',''),
	('',537,'Tomatoes-. organic','TOMATOES-. ORGANIC',20.0,'lb','TOMATOES-. ORGANICLAN','VEG',4968,'','',0.000,'2015-07-08',0.00,40.000,2.000,2.055,2.055,2.055,2.487,2.49,'SP110','','','Y',1840.00,0,43.0,3.0,46.0,0,1,0,0,'LAN','O','2015-07-02',2.055,'',0,1,0,0.0,2.000,'LAN000',40.000,'','1 BOX HIGH DO NOT STACK'),
	('',538,'Peaches-white, minimally treated','PEACHES-WHITE, MINIM',25.0,'lb','PEACHES-WHITE, MINIMHEP','FRO',4969,'','',0.000,'2014-09-17',0.00,33.000,1.320,1.364,1.364,1.364,1.650,1.65,'SP110','','','Y',0.00,0,0.0,0.0,0.0,0,0,0,0,'HEP','M','2014-09-17',1.364,'',0,0,0,0.0,1.320,'HEP000',33.000,'',''),
	('',539,'Potato-small white, 3lb bag, organic','POTATO-SMALL WHITE,',12.0,'ea','POTATO-SMALL WHITE,HEP','VEG',4970,'','',0.000,'2014-02-14',0.00,18.000,1.500,1.592,1.592,1.592,1.926,1.93,'SP110','','','Y',0.00,0,0.0,0.0,0.0,0,0,0,0,'HEP','O','2014-02-14',1.592,'',0,0,0,0.0,1.500,'HEP000',18.000,'',''),
	('',540,'Scallions-garlic, organic','SCALLIONS-GARLIC, OR',24.0,'bu','SCALLIONS-GARLIC, ORNY','VEG',4971,'','',0.000,'2015-05-25',0.00,48.000,2.000,2.046,2.046,2.046,2.476,2.48,'SP110','','','Y',0.00,0,0.0,0.0,0.0,0,0,0,0,'NY','O','2015-05-25',2.046,'',1,0,0,0.0,2.000,'WIN000',48.000,'',''),
	('',543,'Sprouts-sunflower, 16oz organic','SPROUTS-SUNFLOWER, 1',1.0,'ea','SPROUTS-SUNFLOWER, 1NY','VEG',4974,'','',0.000,'2015-07-05',0.00,9.500,9.500,9.720,9.720,9.720,11.761,11.76,'SP22','','','Y',76.00,0,0.0,8.0,8.0,0,1,0,0,'NY','O','2015-05-19',9.720,'',0,1,0,0.0,9.500,'PER000',9.500,'','1 WIDE FACE FRONT'),
	('',544,'Potatoes-5lb bag white, organic','POTATOES-5LB BAG WHI',10.0,'ea','POTATOES-5LB BAG WHIHEP','VEG',4975,'','',0.000,'2015-02-04',0.00,20.000,2.000,2.110,2.110,2.110,2.553,2.55,'SP110','','','Y',0.00,0,0.0,0.0,0.0,0,0,0,0,'HEP','O','2015-02-04',2.110,'',0,0,0,0.0,2.000,'HEP000',20.000,'',''),
	('',545,'Cherries-rainier, organic','CHERRIES-RAINIER, OR',15.0,'lb','CHERRIES-RAINIER, ORUSA','FRO',4976,'','',0.000,'2015-07-06',0.00,72.000,4.800,4.873,4.873,4.873,5.896,5.90,'SP110','','','Y',0.00,0,0.0,0.0,0.0,0,0,0,0,'USA','O','2015-07-06',4.873,'',0,0,0,0.0,4.800,'FOR000',72.000,'',''),
	('',546,'Blueberries. pint','BLUEBERRIES. PINT',12.0,'ea','BLUEBERRIES. PINTCAU','FRO',4977,'','',0.000,'2015-07-07',0.00,14.000,1.167,1.359,1.359,1.359,1.644,1.64,'SP50','','','Y',489.80,0,30.0,1.0,31.0,0,1,0,0,'CAU','R','2015-06-29',1.359,'',0,1,0,0.0,1.317,'JED180',15.800,'','2 WIDE'),
	('',548,'Bok Choy-baby, organic','BOK CHOY-BABY, ORGAN',20.0,'lb','BOK CHOY-BABY, ORGANNY','VEG',4979,'','',0.000,'2015-07-08',0.00,40.300,2.015,2.070,2.070,2.070,2.505,2.51,'SP110','','','Y',419.12,0,8.4,2.0,10.4,0,1,0,0,'NY','O','2015-06-30',2.070,'',0,1,0,0.0,2.015,'FRE000',40.300,'','4 WIDE'),
	('',550,'Nectarines-yellow, minimally treated','NECTARINES-YELLOW, M',25.0,'lb','NECTARINES-YELLOW, MHEP','FRO',4981,'','',0.000,'2014-09-22',0.00,33.000,1.320,1.364,1.364,1.364,1.650,1.65,'SP110','','','Y',0.00,0,0.0,0.0,0.0,0,0,0,0,'HEP','M','2014-09-22',1.364,'',0,0,0,0.0,1.320,'HEP000',33.000,'','3 boxes wide'),
	('',551,'Longans-organic (cousin of lychee)','LONGANS-ORGANIC',5.0,'lb','LONGANS-ORGANICFL','FRO',4982,'','',0.000,'2014-09-24',0.00,30.000,6.000,6.220,6.220,6.220,7.526,7.53,'SP110','','','Y',0.00,0,0.0,0.0,0.0,0,0,0,0,'FL','O','2014-09-24',6.220,'',0,0,0,0.0,6.000,'ALB000',30.000,'',''),
	('',552,'Feijoa. (pineapple guava)','FEIJOA. (PINEAPPLE G',5.0,'lb','FEIJOA. (PINEAPPLE GNZ','FRO',4983,'','',0.000,'2015-05-22',0.00,47.000,9.400,9.500,9.500,9.500,11.495,11.50,'SP50','','','Y',0.00,0,0.0,0.0,0.0,0,0,0,0,'NZ','R','2015-05-22',9.500,'',0,0,0,0.0,9.400,'BAL000',47.000,'','DISPLAY IN TRAYS DO NOT MOUND'),
	('',554,'Pineapple-gold, organic','PINEAPPLE-GOLD, ORGA',8.0,'ea','PINEAPPLE-GOLD, ORGACOM','FRO',4985,'twistie if needed','',0.000,'2015-07-08',0.00,21.000,2.625,2.763,2.763,2.763,3.343,3.34,'SP110','','','Y',325.50,0,15.0,0.5,15.5,0,1,0,0,'COM','O','2015-06-04',2.763,'',1,1,0,0.0,2.625,'ALB000',21.000,'','1 BOX HIGH DO NOT STACK'),
	('',555,'Cameo, minimally treated','CAMEO, MINIMALLY TRE',38.0,'lb','CAMEO, MINIMALLY TREHEP','FRA',4986,'','',0.000,'2015-07-05',0.00,35.000,0.921,0.950,0.950,0.950,1.150,1.15,'SP110','','','Y',402.50,0,10.0,1.5,11.5,0,1,0,0,'HEP','M','2015-05-19',0.950,'',0,1,0,0.0,0.921,'HEP000',35.000,'',''),
	('',556,'Asparagus-loose, organic','ASPARAGUS-LOOSE, ORG',28.0,'lb','ASPARAGUS-LOOSE, ORGGRI','VEG',4987,'','',0.000,'2015-05-14',0.00,119.000,4.250,4.289,4.289,4.289,5.190,5.19,'SP110','','','Y',0.00,0,0.0,0.0,0.0,0,0,0,0,'GRI','O','2015-05-14',4.289,'',0,0,0,0.0,4.250,'GRI000',119.000,'','1 WIDE'),
	('',557,'Beans-yellow organic','BEANS-YELLOW ORGANIC',25.0,'lb','BEANS-YELLOW ORGANICLAN','VEG',4988,'','',0.000,'2015-07-08',0.00,45.000,1.800,1.844,1.844,1.844,2.231,2.23,'SP110','','','Y',22.50,0,0.4,0.1,0.5,0,1,0,0,'LAN','O','2015-07-07',1.844,'',0,1,0,0.0,1.800,'LAN000',45.000,'',''),
	('',558,'Avocados-Reed, label, organic','AVOCADOS-REED, LABEL',23.0,'lb','AVOCADOS-REED, LABELCA','FRO',4989,'small white organic label','',0.000,'2014-08-29',0.00,38.000,1.652,2.091,2.101,2.101,2.542,2.54,'SP110','UNIT01','','Y',0.00,0,0.0,0.0,0.0,0,0,0,0,'CA','O','2014-08-29',2.101,'',0,0,0,0.0,2.043,'SUN900',47.000,'',''),
	('',559,'Tomatoes-mini plum,cup, organic','TOMATOES-MINI PLUM M',10.0,'ea','TOMATOES-MINI PLUM MUSA','VEG',4990,'','',0.000,'2015-06-04',0.00,31.000,3.100,3.210,3.210,3.210,3.884,3.88,'SP110','','','Y',0.00,0,0.0,0.0,0.0,0,0,0,0,'USA','O','2015-06-04',3.210,'',1,0,0,0.0,3.100,'ALB000',31.000,'',''),
	('',561,'Dates-deglet noor, organic','DATES-DEGLET NOOR, O',11.0,'lb','DATES-DEGLET NOOR, OISR','FRO',4992,'','',0.000,'2011-02-15',0.00,40.000,3.636,3.736,3.736,3.736,4.521,4.52,'SP110','','','Y',0.00,0,0.0,0.0,0.0,0,0,0,0,'ISR','O','2011-02-15',3.736,'',0,0,0,0.0,3.636,'ALB000',40.000,'',''),
	('',562,'Figs-black mission open pint','FIGS-BLACK MISSION O',12.0,'ea','FIGS-BLACK MISSION OCA','FRO',4993,'','',0.000,'2015-06-24',0.00,40.000,3.333,3.675,3.675,3.675,4.447,4.45,'SP50','','','Y',0.00,0,0.0,0.0,0.0,0,0,0,0,'CA','R','2015-06-24',3.675,'',1,0,0,0.0,3.633,'JED360',43.600,'','2 BOXES WIDE DISPLAY IN BOX'),
	('',563,'Basil-organic twisties','BASIL-ORGANIC TWISTI',24.0,'ea','BASIL-ORGANIC TWISTIHEP','VEG',4994,'org twisties, case in clear bag','',0.000,'2015-07-08',0.00,24.000,1.000,1.046,1.066,1.066,1.290,1.29,'SP110','UNIT02','','Y',360.00,0,14.0,1.0,15.0,0,1,0,0,'HEP','O','2015-06-17',1.066,'',1,1,0,0.0,1.000,'HEP000',24.000,'','DISPLAY IN BAG'),
	('',565,'Little Jewel, minimally treated','LITTLE JEWEL, MINIMA',38.0,'lb','LITTLE JEWEL, MINIMAHEP','FRA',4996,'','',0.000,'2015-01-14',0.00,35.000,0.921,0.950,0.950,0.950,1.150,1.15,'SP110','','','Y',0.00,0,0.0,0.0,0.0,0,0,0,0,'HEP','M','2015-01-14',0.950,'',0,0,0,0.0,0.921,'HEP000',35.000,'',''),
	('',566,'Pears-bartlett 3# bag minimally treated','PEARS-BARTLETT 3# BA',12.0,'ea','PEARS-BARTLETT 3# BAHEP','FRO',4997,'','',0.000,'2013-11-13',0.00,30.000,2.500,2.592,2.592,2.592,3.136,3.14,'SP110','','','Y',0.00,0,0.0,0.0,0.0,0,0,0,0,'HEP','M','2013-11-13',2.592,'',0,0,0,0.0,2.500,'HEP000',30.000,'',''),
	('',567,'Plums-prune, minimally treated','PLUMS-PRUNE, MINIMAL',24.0,'lb','PLUMS-PRUNE, MINIMALHEP','FRO',4998,'','',0.000,'2014-10-27',0.00,27.500,1.146,1.192,1.192,1.192,1.442,1.44,'SP110','','','Y',0.00,0,0.0,0.0,0.0,0,0,0,0,'HEP','M','2014-10-27',1.192,'',0,0,0,0.0,1.146,'HEP000',27.500,'',''),
	('',568,'Mushrooms-shiitake, organic','MUSHROOMS-SHIITAKE,',3.0,'lb','MUSHROOMS-SHIITAKE,PA','VEG',4999,'','',0.000,'2015-07-07',0.00,14.500,4.833,6.400,6.400,6.400,7.744,7.74,'SP110','','','Y',452.50,0,21.0,4.0,25.0,0,1,0,0,'PA','O','2014-02-03',6.400,'',0,1,0,0.0,6.033,'JED360',18.100,'','3 BOXES DO NOT STACK'),
	('',569,'Garlic-braids, organic','GARLIC-BRAIDS, ORGAN',4.0,'ea','GARLIC-BRAIDS, ORGANFLO','VEG',5000,'','',0.000,'2013-11-21',0.00,72.000,18.000,18.275,18.275,18.275,22.113,22.11,'SP110','','','Y',0.00,0,0.0,0.0,0.0,0,0,0,0,'FLO','O','2013-11-21',18.275,'',1,0,0,0.0,18.000,'FLO000',72.000,'',''),
	('',570,'Paula Red- 3 lb bags, organic','PAULA RED- 3 LB BAGS',12.0,'ea','PAULA RED- 3 LB BAGSVT','FRA',5001,'','',0.000,'1999-03-22',0.00,27.000,2.250,2.342,2.342,2.342,2.834,2.83,'SP110','','','Y',0.00,0,0.0,0.0,0.0,0,0,0,0,'VT','M','1995-10-01',2.342,'',1,0,0,0.0,2.250,'ANG000',27.000,'',''),
	('',571,'Peppers-anaheim, organic','PEPPERS-ANAHEIM, ORG',10.0,'lb','PEPPERS-ANAHEIM, ORGLOC','VEG',5002,'','',0.000,'2012-07-27',0.00,20.000,2.000,2.110,2.110,2.110,2.553,2.55,'SP110','','','Y',0.00,0,0.0,0.0,0.0,0,0,0,0,'LOC','O','2010-07-28',2.110,'',0,0,0,0.0,2.000,'ALB000',20.000,'',''),
	('',575,'Pummelos plu#3129','PUMMELOS PLU#3129',14.0,'ea','PUMMELOS PLU#3129CA','FRC',5006,'','',0.000,'2015-04-01',0.00,33.000,2.357,2.614,2.614,2.614,3.163,3.16,'','','','Y',0.00,0,0.0,0.0,0.0,0,0,0,0,'CA','RW','2015-04-01',2.614,'',1,0,0,0.0,2.614,'JED360',36.600,'',''),
	('',576,'Pears-red bartlett, minimally treated','PEARS-RED BARTLETT,',22.0,'lb','PEARS-RED BARTLETT,HEP','FRO',5007,'','',0.000,'2014-09-22',0.00,22.000,1.000,1.050,1.050,1.050,1.271,1.27,'SP110','','','Y',0.00,0,0.0,0.0,0.0,0,0,0,0,'HEP','M','2014-09-22',1.050,'',0,0,0,0.0,1.000,'HEP000',22.000,'',''),
	('',577,'Brussels sprouts-green baby mesh bag','BRUSSELS SPROUTS-GRE',10.0,'ea','BRUSSELS SPROUTS-GREHOL','VEG',5008,'','',0.000,'2015-03-30',0.00,17.500,1.750,1.860,1.860,1.860,2.251,2.25,'SP110','','','Y',0.00,0,0.0,0.0,0.0,0,0,0,0,'HOL','R','2015-03-30',1.860,'',0,0,0,0.0,1.750,'BAL000',17.500,'',''),
	('',581,'Peppers-poblano, label organic','PEPPERS-POBLANO, LAB',10.0,'lb','PEPPERS-POBLANO, LABLAN','VEG',5012,'org white label','',0.000,'2015-07-08',0.00,18.000,1.800,1.910,1.930,1.930,2.335,2.34,'SP110','UNIT02','','Y',55.80,0,3.0,0.1,3.1,0,1,0,0,'LAN','O','2015-07-07',1.930,'',0,1,0,0.0,1.800,'LAN000',18.000,'',''),
	('',584,'Melons-galia.','MELONS-GALIA.',8.0,'ea','MELONS-GALIA.PAN','FRO',5015,'','',0.000,'2012-05-23',0.00,11.000,1.375,1.438,1.438,1.438,1.740,1.74,'SP50','','','Y',0.00,0,0.0,0.0,0.0,0,0,0,0,'PAN','R','2011-05-25',1.438,'',1,0,0,0.0,1.375,'BAL000',11.000,'',''),
	('',585,'Curry leaf-organic','CURRY LEAF-ORGANIC',12.0,'ea','CURRY LEAF-ORGANICFL','VEG',5016,'','',0.000,'2015-07-06',0.00,21.000,1.750,1.842,1.842,1.842,2.229,2.23,'SP110','','','Y',63.00,0,1.0,2.0,3.0,0,1,0,0,'FL','O','2015-02-09',1.842,'',1,1,0,0.0,1.750,'FOR000',21.000,'','1 WIDE FACE FRONT'),
	('',586,'Okra-cups, 7.5 oz','OKRA-CUPS, 7.5 OZ',16.0,'ea','OKRA-CUPS, 7.5 OZMEX','VEG',5017,'','',0.000,'2014-11-11',0.00,25.000,1.563,1.857,1.857,1.857,2.247,2.25,'SP110','','','Y',0.00,0,0.0,0.0,0.0,0,0,0,0,'MEX','R','2014-11-11',1.857,'',0,0,0,0.0,1.788,'JED360',28.600,'',''),
	('',588,'Arugula loose organic','ARUGULA LOOSE ORGANI',3.0,'lb','ARUGULA LOOSE ORGANIREM','VEG',5019,'','',0.000,'2015-07-08',0.00,19.000,6.333,6.700,6.700,6.700,8.107,8.11,'SP110','','','Y',1.90,0,0.0,0.1,0.1,0,1,0,0,'REM','O','2015-07-08',6.700,'',0,1,0,0.0,6.333,'REM000',19.000,'',''),
	('',590,'Passion fruit.','PASSION FRUIT.',5.0,'lb','PASSION FRUIT.NZ','FRO',5021,'','',0.000,'2015-05-22',0.00,50.000,10.000,10.100,10.100,10.100,12.221,12.22,'SP50','','','Y',0.00,0,0.0,0.0,0.0,0,0,0,0,'NZ','R','2015-05-22',10.100,'',1,0,0,0.0,10.000,'BAL000',50.000,'','DISPLAY IN TRAYS DO NOT MOUND'),
	('',592,'Tatsoi organic','TATSOI ORGANIC',10.0,'lb','TATSOI ORGANICNY','VEG',5023,'','',0.000,'2015-06-17',0.00,28.000,2.800,2.910,2.910,2.910,3.521,3.52,'SP110','','','Y',0.00,0,0.0,0.0,0.0,0,0,0,0,'NY','O','2015-06-17',2.910,'',1,0,0,0.0,2.800,'HEP000',28.000,'','2 WIDE'),
	('',593,'Kiwi-gold, organic','KIWI-GOLD, ORGANIC',49.0,'ea','KIWI-GOLD, ORGANICNZ','FRO',5024,'','',0.000,'2015-07-08',0.00,36.000,0.735,0.757,0.757,0.757,0.916,0.92,'SP110','','','Y',363.60,0,10.0,0.1,10.1,0,1,0,0,'NZ','O','2015-07-03',0.757,'',1,1,0,0.0,0.735,'FOR000',36.000,'',''),
	('',594,'Amaranth (callaloo) organic','AMARANTH (CALLALOO)',12.0,'bu','AMARANTH (CALLALOO)FRE','VEG',5025,'','',0.000,'2015-07-08',0.00,18.000,1.500,1.592,1.592,1.592,1.926,1.93,'SP110','','','Y',19.80,0,1.0,0.1,1.1,0,1,0,0,'FRE','O','2015-07-07',1.592,'',1,1,0,0.0,1.500,'FRE000',18.000,'',''),
	('',595,'Sprouts-sweet pea shoots, organic','SPROUTS-SWEET PEA SH',10.0,'ea','SPROUTS-SWEET PEA SHLOC','VEG',5026,'','',0.000,'2015-07-06',0.00,27.750,2.775,2.825,2.825,2.825,3.418,3.42,'SP50','','','Y',111.00,0,2.0,2.0,4.0,0,1,0,0,'LOC','O','2015-02-09',2.825,'',0,1,0,0.0,2.775,'FOR000',27.750,'','2 WIDE FACE FRONT'),
	('',598,'Cucumber-West Indian gherkin organic','CUCUMBER-WEST INDIAN',10.0,'lb','CUCUMBER-WEST INDIANLAN','VEG',5029,'','',0.000,'2014-10-24',0.00,36.000,3.600,3.710,3.710,3.710,4.489,4.49,'SP110','','','Y',0.00,0,0.0,0.0,0.0,0,0,0,0,'LAN','O','2014-10-24',3.710,'',1,0,0,0.0,3.600,'LAN000',36.000,'','organic'),
	('',599,'Mushroom-enoki','MUSHROOM-ENOKI',12.0,'ea','MUSHROOM-ENOKIKOR','VEG',5030,'','',0.000,'2015-07-05',0.00,10.000,0.833,1.025,1.025,1.025,1.240,1.24,'SP50','','','Y',35.40,0,2.0,1.0,3.0,0,1,0,0,'KOR','R','2015-03-02',1.025,'',0,1,0,0.0,0.983,'JED180',11.800,'','1 WIDE'),
	('',600,'Melons-galia, organic','MELONS-GALIA, ORGANI',22.0,'lb','MELONS-GALIA, ORGANIUSA','FRO',5031,'','',0.000,'2015-07-08',0.00,39.000,1.773,1.823,1.823,1.823,2.206,2.21,'SP110','','','Y',819.00,0,20.0,1.0,21.0,0,1,0,0,'USA','O','2015-06-12',1.823,'',1,1,0,0.0,1.773,'ALB000',39.000,'',''),
	('',601,'Carrots-5# bags, organic','CARROTS-5# BAGS, ORG',10.0,'ea','CARROTS-5# BAGS, ORGUSA','VEG',5032,'','',0.000,'2015-07-06',0.00,40.000,4.000,4.110,4.110,4.110,4.973,4.97,'SP110','','','Y',420.00,0,9.0,1.5,10.5,0,1,0,0,'USA','O','2007-01-29',4.110,'',0,1,0,0.0,4.000,'ALB000',40.000,'','2 WIDE'),
	('',602,'Tomatoes-plum, yellow, organic','TOMATOES-PLUM, YELLO',20.0,'lb','TOMATOES-PLUM, YELLOLAN','VEG',5033,'','',0.000,'2015-07-08',0.00,40.000,2.000,2.055,2.055,2.055,2.487,2.49,'SP110','','','Y',124.00,0,3.0,0.1,3.1,0,1,0,0,'LAN','O','2015-07-07',2.055,'',0,1,0,0.0,2.000,'LAN000',40.000,'',''),
	('',603,'Melons-honeydew golden','MELONS-HONEYDEW GOLD',6.0,'ea','MELONS-HONEYDEW GOLDGUA','FRO',5034,'','',0.000,'2015-03-23',0.00,16.000,2.667,2.750,2.750,2.750,3.328,3.33,'SP50','','','Y',0.00,0,0.0,0.0,0.0,0,0,0,0,'GUA','R','2015-02-24',2.750,'',1,0,0,0.0,2.667,'BAL000',16.000,'',''),
	('',604,'Tangerine-satsuma, 5 lb box organic','TANGERINE-SATSUMA, 5',1.0,'ea','TANGERINE-SATSUMA, 5USA','FRC',5035,'','',0.000,'2014-12-23',0.00,9.000,9.000,9.100,9.100,9.100,11.011,11.01,'SP10','','','Y',0.00,0,0.0,0.0,0.0,0,0,0,0,'USA','O','2014-12-23',9.100,'',0,0,0,0.0,9.000,'ALB000',9.000,'',''),
	('',605,'Mangoes-ataulfo, organic','MANGOES-ATAULFO, ORG',10.0,'lb','MANGOES-ATAULFO, ORGMEX','FRO',5036,'','',0.000,'2015-06-22',0.00,13.000,1.300,1.410,1.410,1.410,1.706,1.71,'SP110','','','Y',0.00,0,0.0,0.0,0.0,0,0,0,0,'MEX','O','2015-06-22',1.410,'',1,0,0,0.0,1.300,'FOR000',13.000,'','DISPLAY IN BOX DO NOT MOUND'),
	('',606,'Platanos- label, organic','PLATANOS- LABEL, ORG',40.0,'lb','PLATANOS- LABEL, ORGMEX','FRO',5037,'org white label & unbunch','',0.000,'2015-07-06',0.00,45.000,1.125,1.153,1.163,1.163,1.407,1.41,'SP110','UNIT01','','Y',135.00,0,2.0,1.0,3.0,0,1,0,0,'MEX','O','2015-02-11',1.163,'',0,1,0,0.0,1.125,'ALB000',45.000,'',''),
	('',607,'Apricots-minimally treated','APRICOTS-MINIMALLY T',20.0,'lb','APRICOTS-MINIMALLY THEP','FRO',5038,'','',0.000,'2015-07-08',0.00,50.000,2.500,2.555,2.575,2.575,3.116,3.12,'SP110','UNIT02','','Y',255.00,0,5.0,0.1,5.1,0,1,0,0,'HEP','M','2015-07-07',2.575,'',0,1,0,0.0,2.500,'HEP000',50.000,'',''),
	('',608,'Plums-santa rosa, minimally treated','PLUMS-SANTA ROSA, MI',20.0,'lb','PLUMS-SANTA ROSA, MIHEP','FRO',5039,'','',0.000,'2014-09-12',0.00,27.500,1.375,1.430,1.430,1.430,1.730,1.73,'SP110','','','Y',0.00,0,0.0,0.0,0.0,0,0,0,0,'HEP','M','2014-09-12',1.430,'',0,0,0,0.0,1.375,'HEP000',27.500,'',''),
	('',609,'Monstera deliciosa, organic','MONSTERA DELICIOSA,',8.0,'ea','MONSTERA DELICIOSA,FL','FRO',5040,'','',0.000,'2014-08-29',0.00,40.000,5.000,5.138,5.138,5.138,6.217,6.22,'SP110','','','Y',0.00,0,0.0,0.0,0.0,0,0,0,0,'FL','O','2014-08-29',5.138,'',1,0,0,0.0,5.000,'ALB000',40.000,'',''),
	('',610,'Melons-honeydew, label organic','MELONS-HONEYDEW, LAB',8.0,'ea','MELONS-HONEYDEW, LABUSA','FRO',5041,'org white label','',0.000,'2015-07-08',0.00,29.000,3.625,3.763,3.763,3.763,4.553,4.55,'SP110','','','Y',0.00,0,0.0,0.0,0.0,0,0,0,0,'USA','O','2015-07-08',3.763,'',1,0,0,0.0,3.625,'BAL000',29.000,'',''),
	('',611,'Melons-cantaloupe organic','MELONS-CANTALOUPE OR',35.0,'lb','MELONS-CANTALOUPE ORMEU','FRO',5042,'white organic label','',0.000,'2015-07-07',0.00,23.000,0.657,0.688,0.688,0.688,0.832,0.83,'SP110','','','Y',874.00,0,36.0,2.0,38.0,0,1,0,0,'MEU','O','2015-05-05',0.688,'',0,1,0,0.0,0.657,'BAL000',23.000,'',''),
	('',612,'Plums-catalina, organic','PLUMS-CATALINA, ORGA',28.0,'lb','PLUMS-CATALINA, ORGAUSA','FRO',5043,'','',0.000,'2010-08-23',0.00,29.000,1.036,1.075,1.075,1.075,1.301,1.30,'SP110','','','Y',0.00,0,0.0,0.0,0.0,0,0,0,0,'USA','O','2010-08-23',1.075,'',0,0,0,0.0,1.036,'ALB000',29.000,'',''),
	('',613,'Plums-owen t organic','PLUMS-OWEN T ORGANIC',28.0,'lb','PLUMS-OWEN T ORGANICUSA','FRO',5044,'','',0.000,'2015-07-08',0.00,45.000,1.607,1.646,1.646,1.646,1.992,1.99,'SP110','','','Y',364.50,0,8.1,0.0,8.1,0,1,0,0,'USA','O','2015-07-06',1.646,'',0,1,0,0.0,1.607,'FOR000',45.000,'',''),
	('',614,'Tomatoes-orange, organic','TOMATOES-ORANGE, ORG',20.0,'lb','TOMATOES-ORANGE, ORGLOC','VEG',5045,'','',0.000,'2013-08-08',0.00,40.000,2.000,2.055,2.055,2.055,2.487,2.49,'SP110','','','Y',0.00,0,0.0,0.0,0.0,0,0,0,0,'LOC','O','2013-08-08',2.055,'',0,0,0,0.0,2.000,'HEP000',40.000,'',''),
	('',615,'NatbyNat  whole qt milk','NATBYNAT  WHOLE QT M',12.0,'ea','NATBYNAT  WHOLE QT MUSA','ZZZ',5046,'','',0.000,'2012-01-23',0.00,21.650,1.804,1.804,1.804,1.804,2.183,2.18,'','','','Y',0.00,0,0.0,0.0,0.0,0,0,0,0,'USA','O','2012-01-23',1.804,'',1,1,0,0.0,1.804,'ALB000',21.650,'',''),
	('',616,'Pears-red starkcrimson','PEARS-RED STARKCRIMS',22.0,'lb','PEARS-RED STARKCRIMSUSA','FRO',5047,'','',0.000,'2014-12-18',0.00,24.000,1.091,1.278,1.278,1.278,1.546,1.55,'SP50','','','Y',0.00,0,0.0,0.0,0.0,0,0,0,0,'USA','RW','2014-12-18',1.278,'',0,0,0,0.0,1.255,'JED360',27.600,'','2 BOXES'),
	('',618,'Spinach-baby, 16 oz, organic','SPINACH-BABY, 16 OZ,',6.0,'ea','SPINACH-BABY, 16 OZ,MEU','VEG',5049,'check date! be careful rotating','',0.000,'2015-07-06',0.00,29.300,4.883,5.066,5.066,5.066,6.130,6.13,'SP110','','','Y',1289.20,0,42.0,2.0,44.0,0,1,0,0,'MEU','O','2015-02-09',5.066,'',0,1,0,0.0,4.883,'ALB000',29.300,'','2 WIDE FACE UP'),
	('',620,'Plums-santa rosa, organic','PLUMS-SANTA ROSA, OR',28.0,'lb','PLUMS-SANTA ROSA, ORUSA','FRO',5051,'','',0.000,'2014-07-11',0.00,41.000,1.464,1.503,1.503,1.503,1.819,1.82,'SP110','','','Y',0.00,0,0.0,0.0,0.0,0,0,0,0,'USA','O','2014-07-11',1.503,'',0,0,0,0.0,1.464,'ALB000',41.000,'',''),
	('',621,'Peppers-habanero, organic','PEPPERS-HABANERO, OR',10.0,'lb','PEPPERS-HABANERO, ORMEX','VEG',5052,'','',0.000,'2015-06-23',0.00,44.000,4.400,4.510,4.510,4.510,5.457,5.46,'SP110','','','Y',0.00,0,0.0,0.0,0.0,0,0,0,0,'MEX','O','2015-06-23',4.510,'',0,0,0,0.0,4.400,'ALB000',44.000,'',''),
	('',622,'Jersey Mac, minimally treated','JERSEY MAC, MINIMALL',38.0,'lb','JERSEY MAC, MINIMALLHEP','FRA',5053,'','',0.000,'2014-08-20',0.00,35.000,0.921,0.950,0.950,0.950,1.150,1.15,'SP110','','','Y',0.00,0,0.0,0.0,0.0,0,0,0,0,'HEP','M','2014-08-20',0.950,'',0,0,0,0.0,0.921,'HEP000',35.000,'',''),
	('',624,'Grapes-thompson seedless organic','GRAPES-THOMPSON SEED',17.0,'lb','GRAPES-THOMPSON SEEDCA','FRO',5055,'','',0.000,'2014-10-21',0.00,37.500,2.206,2.271,2.271,2.271,2.748,2.75,'SP110','','','Y',0.00,0,0.0,0.0,0.0,0,0,0,0,'CA','O','2014-10-21',2.271,'',0,0,0,0.0,2.206,'FOR000',37.500,'','BIODYNAMIC'),
	('',625,'Tomato grape gold organic','TOMATO GRAPE GOLD OR',12.0,'ea','TOMATO GRAPE GOLD ORLAN','VEG',5056,'','',0.000,'2015-07-06',0.00,34.000,2.833,2.925,2.925,2.925,3.539,3.54,'SP110','','','Y',0.00,0,0.0,0.0,0.0,0,0,0,0,'LAN','O','2015-07-06',2.925,'',0,0,0,0.0,2.833,'LAN000',34.000,'',''),
	('',626,'Tomato cherry red organic','TOMATO CHERRY RED OR',12.0,'ea','TOMATO CHERRY RED ORLAN','VEG',5057,'','',0.000,'2015-07-06',0.00,36.000,3.000,3.092,3.092,3.092,3.741,3.74,'SP110','','','Y',0.00,0,0.0,0.0,0.0,0,0,0,0,'LAN','O','2015-07-06',3.092,'',0,0,0,0.0,3.000,'LAN000',36.000,'',''),
	('',627,'Watercress bag organic','WATERCRESS BAG ORGAN',12.0,'ea','WATERCRESS BAG ORGANUSA','VEG',5058,'','',0.000,'2015-07-07',0.00,21.000,1.750,1.842,1.842,1.842,2.229,2.23,'SP110','','','Y',63.00,0,1.0,2.0,3.0,0,1,0,0,'USA','O','2015-05-25',1.842,'',0,1,0,0.0,1.750,'FOR000',21.000,'',''),
	('',628,'Pummelo-label organic plu#93129','PUMMELO-LABEL ORGANI',38.0,'lb','PUMMELO-LABEL ORGANIUSA','FRC',5059,'','',0.000,'2015-03-04',0.00,30.000,0.789,0.818,0.828,0.828,1.002,1.00,'SP110','UNIT01','','Y',0.00,0,0.0,0.0,0.0,0,0,0,0,'USA','O','2015-03-02',0.828,'',1,0,0,0.0,0.789,'FOR000',30.000,'',''),
	('',629,'Peaches-white, label organic','PEACHES-WHITE, LABEL',18.0,'lb','PEACHES-WHITE, LABELUSA','FRO',5060,'write WHITE on box','',0.000,'2010-08-24',0.00,25.000,1.389,1.450,1.450,1.450,1.755,1.76,'SP110','','','Y',0.00,0,0.0,0.0,0.0,0,0,0,0,'USA','O','2010-08-24',1.450,'',0,0,0,0.0,1.389,'ALB000',25.000,'',''),
	('',630,'Carrots-loose yellow, organic','CARROTS-LOOSE YELLOW',20.0,'lb','CARROTS-LOOSE YELLOWLOC','VEG',5061,'','',0.000,'2015-02-04',0.00,35.000,1.750,1.805,1.805,1.805,2.184,2.18,'SP110','','','Y',0.00,0,0.0,0.0,0.0,0,0,0,0,'LOC','O','2015-02-04',1.805,'',0,0,0,0.0,1.750,'LAN000',35.000,'',''),
	('',632,'Organic twisties','ORGANIC TWISTIES',1.0,'ea','ORGANIC TWISTIESUSA','ZZZ',5063,'','',0.000,'2014-09-12',0.00,0.100,0.100,0.100,0.100,0.100,0.121,0.12,'','','','Y',0.00,0,0.0,0.0,0.0,0,0,0,0,'USA','O','2011-07-24',0.100,'',1,0,0,0.0,0.100,'ALB000',0.100,'',''),
	('',633,'Walnuts in shell, organic','WALNUTS IN SHELL, OR',20.0,'lb','WALNUTS IN SHELL, ORUSA','NUT',5064,'','',0.000,'2015-03-17',0.00,103.100,5.155,5.210,5.210,5.210,6.304,6.30,'SP110','','','Y',0.00,0,0.0,0.0,0.0,0,0,0,0,'USA','O','2015-03-17',5.210,'',0,0,0,0.0,5.155,'ALB000',103.100,'','3 BOXES'),
	('',634,'Mushroom-eryngii king trumpet organic','MUSHROOM-ERYNGII (KI',10.0,'ea','MUSHROOM-ERYNGII (KIUSA','VEG',5065,'','',0.000,'2015-07-06',0.00,28.000,2.800,2.910,2.910,2.910,3.521,3.52,'SP110','','','Y',0.00,0,0.0,0.0,0.0,0,0,0,0,'USA','O','2015-07-06',2.910,'',0,0,0,0.0,2.800,'ALB000',28.000,'','1 WIDE'),
	('',635,'Guava organic','GUAVA ORGANIC',10.0,'lb','GUAVA ORGANICHON','FRO',5066,'','',0.000,'2015-04-06',0.00,30.000,3.000,3.110,3.110,3.110,3.763,3.76,'SP110','','','Y',0.00,0,0.0,0.0,0.0,0,0,0,0,'HON','O','2015-04-06',3.110,'',0,0,0,0.0,3.000,'BAL000',30.000,'',''),
	('',637,'Wheatgrass-tray, organic','WHEATGRASS-TRAY, ORG',1.0,'ea','WHEATGRASS-TRAY, ORGLOC','VEG',5068,'','',0.000,'2015-07-07',0.00,12.750,12.750,13.850,13.850,13.850,16.759,16.76,'SP110','','','Y',0.00,0,0.0,0.0,0.0,0,0,0,0,'LOC','O','2015-07-07',13.850,'',0,0,0,0.0,12.750,'PER000',12.750,'','DISPLAY IN BAG'),
	('',638,'Squash-yellow gooseneck, organic','SQUASH-YELLOW GOOSEN',20.0,'lb','SQUASH-YELLOW GOOSENHEP','VEG',5069,'','',0.000,'2015-05-22',0.00,30.000,1.500,1.555,1.555,1.555,1.882,1.88,'SP110','','','Y',0.00,0,0.0,0.0,0.0,0,0,0,0,'HEP','O','2013-07-02',1.555,'',0,0,0,0.0,1.500,'HEP000',30.000,'',''),
	('',639,'Tomato grape signature organic','TOMATO GRAPE SIGNATU',12.0,'ea','TOMATO GRAPE SIGNATUUSA','VEG',5070,'','',0.000,'2015-07-02',0.00,30.000,2.500,2.592,2.592,2.592,3.136,3.14,'SP110','','','Y',0.00,0,0.0,0.0,0.0,0,0,0,0,'USA','O','2014-12-23',2.592,'',0,0,0,0.0,2.500,'ALB000',30.000,'','DISPLAY IN BOXES'),
	('',643,'Mangoes-keitt, organic','MANGOES-KEITT, ORGAN',10.0,'lb','MANGOES-KEITT, ORGANMEU','FRO',5074,'','',0.000,'2014-10-20',0.00,21.000,2.100,2.210,2.210,2.210,2.674,2.67,'SP110','','','Y',0.00,0,0.0,0.0,0.0,0,0,0,0,'MEU','O','2014-10-20',2.210,'',0,0,0,0.0,2.100,'ALB000',21.000,'','DISPLAY IN BOX'),
	('',646,'Cherries-white quart minimally treated','CHERRIES-WHITE QUART',8.0,'ea','CHERRIES-WHITE QUARTHEP','FRO',5077,'','',0.000,'2015-07-08',0.00,46.000,5.750,5.888,5.888,5.888,7.124,7.12,'SP110','','','Y',1150.00,0,22.0,3.0,25.0,0,1,0,0,'HEP','M','2015-06-30',5.888,'',0,1,0,0.0,5.750,'HEP000',46.000,'',''),
	('',647,'Dragon fruit-organic','DRAGON FRUIT-ORGANIC',10.0,'ea','DRAGON FRUIT-ORGANICCA','FRO',5078,'','',0.000,'2015-07-08',0.00,42.000,4.200,4.310,4.310,4.310,5.215,5.22,'SP110','','','Y',0.00,0,0.0,0.0,0.0,0,0,0,0,'CA','O','2014-08-20',4.310,'',0,0,0,0.0,4.200,'BAL000',42.000,'',''),
	('',648,'Garlic-elephant, taped, organic','GARLIC-ELEPHANT, TAP',20.0,'lb','GARLIC-ELEPHANT, TAPNY','VEG',5079,'red tape unless in mesh bag','',0.000,'2015-04-03',0.00,142.000,7.100,7.155,7.155,7.155,8.658,8.66,'SP110','','','Y',0.00,0,0.0,0.0,0.0,0,0,0,0,'NY','O','2015-04-03',7.155,'',0,0,0,0.0,7.100,'RIB000',142.000,'',''),
	('',649,'Kale-lacinato, bunch organic','KALE-LACINATO, BUNCH',24.0,'bu','KALE-LACINATO, BUNCHLOC','VEG',5080,'','',0.000,'2015-07-08',0.00,36.000,1.500,1.546,1.546,1.546,1.871,1.87,'SP110','','','Y',1296.00,0,34.0,2.0,36.0,0,1,0,0,'LOC','O','2014-10-27',1.546,'',1,1,0,0.0,1.500,'HEP000',36.000,'','4 WIDE'),
	('',654,'Carrots-loose chantenay organic','CARROTS-LOOSE CHANTE',40.0,'lb','CARROTS-LOOSE CHANTEBLU','VEG',5085,'','',0.000,'2015-05-22',0.00,52.000,1.300,1.328,1.328,1.328,1.607,1.61,'SP110','','','Y',0.00,0,0.0,0.0,0.0,0,0,0,0,'BLU','O','2011-10-31',1.328,'',0,0,0,0.0,1.300,'BLU000',52.000,'',''),
	('',655,'Tomatoes-heirloom, organic','TOMATOES-HEIRLOOM, O',10.0,'lb','TOMATOES-HEIRLOOM, OLAN','VEG',5086,'','',0.000,'2015-07-08',0.00,36.000,3.600,3.710,3.710,3.710,4.489,4.49,'SP110','','','Y',2808.00,0,69.0,9.0,78.0,0,1,0,0,'LAN','O','2015-06-22',3.710,'',0,1,0,0.0,3.600,'LAN000',36.000,'',''),
	('',656,'Tomato cherry sungold local organic','TOMATO CHERRY SUNGOL',12.0,'ea','TOMATO CHERRY SUNGOLLAN','VEG',5087,'','',0.000,'2015-07-08',0.00,38.000,3.167,3.259,3.259,3.259,3.943,3.94,'SP110','','','Y',421.80,0,11.0,0.1,11.1,0,1,0,0,'LAN','O','2015-07-07',3.259,'',0,1,0,0.0,3.167,'LAN000',38.000,'','ORGANIC'),
	('',657,'Pumpkins-blue queensland, organic','PUMPKINS-BLUE QUEENS',35.0,'lb','PUMPKINS-BLUE QUEENSLAN','VEG',5088,'','',0.000,'2014-12-19',0.00,32.000,0.914,0.945,0.945,0.945,1.143,1.14,'SP110','','','Y',0.00,0,0.0,0.0,0.0,0,0,0,0,'LAN','O','2014-12-19',0.945,'',0,0,0,0.0,0.914,'LAN000',32.000,'',''),
	('',658,'Plums-oblinaga, minimally treated','PLUMS-OBLINAGA, MINI',20.0,'lb','PLUMS-OBLINAGA, MINIHEP','FRO',5089,'','',0.000,'2014-08-25',0.00,27.500,1.375,1.430,1.430,1.430,1.730,1.73,'SP110','','','Y',0.00,0,0.0,0.0,0.0,0,0,0,0,'HEP','M','2014-08-25',1.430,'',0,0,0,0.0,1.375,'HEP000',27.500,'',''),
	('',659,'Tomato cherry mixed medley organic','TOMATO CHERRY MIXED',12.0,'ea','TOMATO CHERRY MIXEDUSA','VEG',5090,'','',0.000,'2015-07-02',0.00,30.000,2.500,2.592,2.592,2.592,3.136,3.14,'SP110','','','Y',0.00,0,0.0,0.0,0.0,0,0,0,0,'USA','O','2015-01-02',2.592,'',0,0,0,0.0,2.500,'FOR000',30.000,'','DISPLAY IN BOX'),
	('',660,'Grapes-niagara cup green with seeds','GRAPES-NIAGARA CUP G',9.0,'ea','GRAPES-NIAGARA CUP GFIN','FRO',5091,'','',0.000,'2014-11-24',0.00,17.000,1.889,1.945,1.945,1.945,2.353,2.35,'SP50','','','Y',0.00,0,0.0,0.0,0.0,0,0,0,0,'FIN','R','2014-11-24',1.945,'',1,0,0,0.0,1.889,'HEP000',17.000,'','2 WIDE'),
	('',661,'Pears-devoe, minimally treated','PEARS-DEVOE, MINIMAL',22.0,'lb','PEARS-DEVOE, MINIMALHEP','FRO',5092,'','',0.000,'2014-11-03',0.00,25.000,1.136,1.186,1.186,1.186,1.435,1.44,'SP110','','','Y',0.00,0,0.0,0.0,0.0,0,0,0,0,'HEP','M','2014-11-03',1.186,'',0,0,0,0.0,1.136,'HEP000',25.000,'','1 BOX HIGH DO NOT STACK'),
	('',662,'Eggplant-Japanese, organic','EGGPLANT-JAPANESE, O',10.0,'lb','EGGPLANT-JAPANESE, OLAN','VEG',5093,'','',0.000,'2015-07-06',0.00,25.000,2.500,2.610,2.610,2.610,3.158,3.16,'SP110','','','Y',300.00,0,10.0,2.0,12.0,0,1,0,0,'LAN','O','2015-07-02',2.610,'',0,1,0,0.0,2.500,'LAN000',25.000,'',''),
	('',666,'Asparagus-purple, organic','ASPARAGUS-PURPLE, OR',11.0,'lb','ASPARAGUS-PURPLE, ORLAN','VEG',5097,'','',0.000,'2015-06-29',0.00,66.000,6.000,6.100,6.100,6.100,7.381,7.38,'SP110','','','Y',0.00,0,0.0,0.0,0.0,0,0,0,0,'LAN','O','2015-06-29',6.100,'',0,0,0,0.0,6.000,'LAN000',66.000,'','1 WIDE'),
	('',667,'Mizuna-organic','MIZUNA-ORGANIC',12.0,'bu','MIZUNA-ORGANICLAN','VEG',5098,'','',0.000,'2015-06-16',0.00,18.000,1.500,1.592,1.592,1.592,1.926,1.93,'SP110','','','Y',0.00,0,0.0,0.0,0.0,0,0,0,0,'LAN','O','2015-06-16',1.592,'',1,0,0,0.0,1.500,'LAN000',18.000,'','1 WIDE'),
	('',668,'Peppers-sweet mix cups/bags organic','PEPPERS-SWEET MIX CU',12.0,'ea','PEPPERS-SWEET MIX CUMEX','VEG',5099,'rubber band to keep closed','',0.000,'2015-07-06',0.00,39.900,3.325,3.417,3.417,3.417,4.135,4.14,'SP110','','','Y',359.10,0,8.0,1.0,9.0,0,1,0,0,'MEX','O','2015-06-22',3.417,'',0,1,0,0.0,3.325,'ALB000',39.900,'','2 WIDE'),
	('',669,'Shepherd\'s purse, organic','SHEPHERD\'S PURSE, OR',24.0,'bu','SHEPHERD\'S PURSE, ORNY','VEG',5100,'','',0.000,'2009-07-30',0.00,24.000,1.000,1.046,1.046,1.046,1.266,1.27,'SP110','','','Y',0.00,0,0.0,0.0,0.0,0,0,0,0,'NY','O','1998-04-19',1.046,'',1,0,0,0.0,1.000,'REG000',24.000,'',''),
	('',670,'Peas-sugar snap bag organic','PEAS-SUGAR SNAP BAG',12.0,'ea','PEAS-SUGAR SNAP BAGMEX','VEG',5101,'','',0.000,'2015-07-08',0.00,35.900,2.992,3.084,3.084,3.084,3.732,3.73,'SP110','','','Y',3.59,0,0.1,0.0,0.1,0,1,1,0,'MEX','O','2015-07-08',3.084,'',0,1,0,0.0,2.992,'ALB000',35.900,'',''),
	('',672,'Chinese broccoli (Gai lon)','CHINESE BROCCOLI (GA',40.0,'lb','CHINESE BROCCOLI (GAFL','VEG',5103,'','',0.000,'2004-10-08',0.00,38.000,0.950,0.963,0.963,0.963,1.165,1.17,'SP50','','','Y',0.00,0,0.0,0.0,0.0,0,0,0,0,'FL','R','1999-12-06',0.963,'',0,0,0,0.0,0.950,'ALB000',38.000,'',''),
	('',673,'Okra-cups, 15 oz','OKRA-CUPS, 15 OZ',10.0,'ea','OKRA-CUPS, 15 OZMEX','VEG',5104,'','',0.000,'2014-09-10',0.00,22.000,2.200,2.610,2.610,2.610,3.158,3.16,'SP50','','','Y',0.00,0,0.0,0.0,0.0,0,0,0,0,'MEX','R','2014-09-10',2.610,'',0,0,0,0.0,2.560,'JED360',25.600,'',''),
	('',674,'Mushrooms-portobello with stems organic','MUSHROOMS-PORTOBELLO',5.0,'lb','MUSHROOMS-PORTOBELLOLOC','VEG',5105,'','',0.000,'2015-07-07',0.00,13.000,2.600,3.540,3.540,3.540,4.283,4.28,'SP110','','','Y',234.06,0,14.0,0.1,14.1,0,1,0,0,'LOC','O','2014-03-03',3.540,'',0,1,0,0.0,3.320,'JED360',16.600,'','3 BOXES'),
	('',675,'Onions-pearl, bags','ONIONS-PEARL, BAGS',12.0,'ea','ONIONS-PEARL, BAGSUSA','VEG',5106,'','',0.000,'2015-03-30',0.00,18.000,1.500,1.842,1.842,1.842,2.229,2.23,'SP50','','','Y',0.00,0,0.0,0.0,0.0,0,0,0,0,'USA','R','2015-03-30',1.842,'',0,0,0,0.0,1.800,'JED360',21.600,'',''),
	('',676,'Coconut-young Thai','COCONUT-YOUNG THAI',9.0,'ea','COCONUT-YOUNG THAITHA','FRO',5107,'','',0.000,'2015-07-06',0.00,24.500,2.722,2.844,2.844,2.844,3.441,3.44,'SP110','','','Y',303.80,0,12.0,0.4,12.4,0,1,0,0,'THA','R','2015-06-01',2.844,'',1,1,0,0.0,2.722,'FOR000',24.500,'','2 WIDE'),
	('',677,'Turmeric-organic','TURMERIC-ORGANIC',30.0,'lb','TURMERIC-ORGANICHAW','VEG',5108,'','',0.000,'2015-06-05',0.00,293.900,9.797,9.834,9.834,9.834,11.899,11.90,'SP110','','','Y',0.00,0,0.0,0.0,0.0,0,0,0,0,'HAW','O','2015-05-28',9.834,'',0,0,0,0.0,9.797,'ALB000',293.900,'','DISPLAY IN BOX'),
	('',678,'Sprouts-broccoli, organic','SPROUTS-BROCCOLI, OR',12.0,'ea','SPROUTS-BROCCOLI, ORMD','VEG',5109,'','',0.000,'2015-07-06',0.00,24.000,2.000,2.042,2.042,2.042,2.471,2.47,'SP50','','','Y',168.00,0,5.0,2.0,7.0,0,1,0,0,'MD','O','2015-07-06',2.042,'',0,1,0,0.0,2.000,'ALB000',24.000,'','3 WIDE FACE FRONT'),
	('',680,'Eggfruit (canistel)-organic','EGGFRUIT (CANISTEL)-',5.0,'lb','EGGFRUIT (CANISTEL)-FL','FRO',5111,'','',0.000,'2013-12-19',0.00,35.000,7.000,7.220,7.220,7.220,8.736,8.74,'SP110','','','Y',0.00,0,0.0,0.0,0.0,0,0,0,0,'FL','O','2013-12-19',7.220,'',0,0,0,0.0,7.000,'ALB000',35.000,'',''),
	('',681,'Lettuce-romaine hearts organic','LETTUCE-ROMAINE HEAR',12.0,'ea','LETTUCE-ROMAINE HEARUSA','VEG',5112,'','',0.000,'2015-07-08',0.00,26.000,2.167,2.259,2.259,2.259,2.733,2.73,'SP110','','','Y',676.00,0,24.0,2.0,26.0,0,1,0,0,'USA','O','2015-03-04',2.259,'',0,1,0,0.0,2.167,'FOR000',26.000,'','4 WIDE FACE FRONT'),
	('',683,'Peppers-dried hot loose organic','PEPPERS-DRIED HOT LO',6.0,'lb','PEPPERS-DRIED HOT LOHEP','VEG',5114,'','',0.000,'2015-06-26',0.00,36.000,6.000,6.183,6.183,6.183,7.481,7.48,'SP110','','','Y',0.00,0,0.0,0.0,0.0,0,0,0,0,'HEP','O','2015-06-26',6.183,'',0,0,0,0.0,6.000,'HEP000',36.000,'',''),
	('',684,'Cucumber-lemon, organic','CUCUMBER-LEMON, ORGA',10.0,'lb','CUCUMBER-LEMON, ORGALAN','VEG',5115,'','',0.000,'2015-07-08',0.00,20.000,2.000,2.110,2.110,2.110,2.553,2.55,'SP110','','','Y',0.00,0,0.0,0.0,0.0,0,0,0,0,'LAN','O','2015-07-08',2.110,'',0,0,0,0.0,2.000,'LAN000',20.000,'',''),
	('',685,'Sunflower-each stem, organic #7792','SUNFLOWER-EACH STEM,',30.0,'ea','SUNFLOWER-EACH STEM,OLD','FLO',5116,'','',0.000,'2015-07-08',0.00,35.000,1.167,1.170,1.170,1.170,1.416,1.42,'SP10','','','Y',3.50,0,0.1,0.0,0.1,0,1,1,0,'OLD','O','2015-07-08',1.170,'',1,1,0,0.0,1.167,'ANG000',35.000,'',''),
	('',686,'Zinnias each stem organic','ZINNIAS EACH STEM OR',1.0,'ea','ZINNIAS EACH STEM ORHEF','FLO',5117,'','',0.000,'2014-10-13',0.00,0.170,0.170,0.210,0.210,0.210,0.254,0.25,'SP04','','','Y',0.00,0,0.0,0.0,0.0,0,0,0,0,'HEF','O','2014-10-13',0.210,'',1,0,0,0.0,0.170,'HEP000',0.170,'',''),
	('',687,'Tomato grape.','TOMATO GRAPE.',12.0,'ea','TOMATO GRAPE.USA','VEG',5118,'','',0.000,'2015-07-03',0.00,12.000,1.000,1.342,1.342,1.342,1.624,1.62,'SP50','','','Y',0.00,0,0.0,0.0,0.0,0,0,0,0,'USA','R','2015-07-03',1.342,'',0,0,0,0.0,1.300,'JED360',15.600,'','DISPLAY IN BOX'),
	('',688,'Beans-burgundy, organic','BEANS-BURGUNDY, ORGA',10.0,'lb','BEANS-BURGUNDY, ORGALAN','VEG',5120,'','',0.000,'2015-07-01',0.00,30.000,3.000,3.110,3.110,3.110,3.763,3.76,'SP110','','','Y',0.00,0,0.0,0.0,0.0,0,0,0,0,'LAN','O','2015-07-01',3.110,'',0,0,0,0.0,3.000,'LAN000',30.000,'',''),
	('',689,'Chickweed-wild, organic','CHICKWEED-WILD, ORGA',10.0,'lb','CHICKWEED-WILD, ORGAHEP','VEG',5121,'','',0.000,'2014-04-30',0.00,50.000,5.000,5.110,5.110,5.110,6.183,6.18,'SP110','','','Y',0.00,0,0.0,0.0,0.0,0,0,0,0,'HEP','O','2013-05-01',5.110,'',1,0,0,0.0,5.000,'HEP000',50.000,'',''),
	('',691,'Potatoes-mixed mini, organic','POTATOES-MIXED MINI,',15.0,'lb','POTATOES-MIXED MINI,LOC','VEG',5123,'','',0.000,'2014-09-22',0.00,22.500,1.500,1.573,1.573,1.573,1.903,1.90,'SP110','','','Y',0.00,0,0.0,0.0,0.0,0,0,0,0,'LOC','O','2014-09-22',1.573,'',0,0,0,0.0,1.500,'FRE000',22.500,'',''),
	('',692,'Nasturtiums-edible flowers, cup organic','NASTURTIUMS-EDIBLE F',12.0,'ea','NASTURTIUMS-EDIBLE FLAN','FLO',5124,'','',0.000,'2010-06-28',0.00,42.000,3.500,3.592,3.592,3.592,4.346,4.35,'SP110','','','Y',0.00,0,0.0,0.0,0.0,0,0,0,0,'LAN','O','2010-06-28',3.592,'',1,0,0,0.0,3.500,'LAN000',42.000,'',''),
	('',694,'Basil-Thai, organic','BASIL-THAI, ORGANIC',12.0,'ea','BASIL-THAI, ORGANICLAN','VEG',5126,'whole case in one bag','',0.000,'2015-07-06',0.00,21.000,1.750,1.842,1.862,1.862,2.253,2.25,'SP110','UNIT02','','Y',0.00,0,0.0,0.0,0.0,0,0,0,0,'LAN','O','2015-07-06',1.862,'',0,0,0,0.0,1.750,'LAN000',21.000,'','DISPLAY IN BAG'),
	('',697,'Gai lan-organic','GAI LAN-ORGANIC',24.0,'bu','GAI LAN-ORGANICNY','VEG',5129,'','',0.000,'2014-11-19',0.00,40.000,1.667,1.713,1.713,1.713,2.073,2.07,'SP110','','','Y',0.00,0,0.0,0.0,0.0,0,0,0,0,'NY','O','2014-11-19',1.713,'',1,0,0,0.0,1.667,'STI000',40.000,'',''),
	('',698,'Paula red, minimally treated','PAULA RED, MINIMALLY',38.0,'lb','PAULA RED, MINIMALLYHEP','FRA',5130,'','',0.000,'2014-09-08',0.00,35.000,0.921,0.950,0.950,0.950,1.150,1.15,'SP110','','','Y',0.00,0,0.0,0.0,0.0,0,0,0,0,'HEP','M','2014-09-08',0.950,'',0,0,0,0.0,0.921,'HEP000',35.000,'',''),
	('',699,'Beans-cranberry, for shelling, organic','BEANS-CRANBERRY, FOR',5.0,'lb','BEANS-CRANBERRY, FORLOC','VEG',5131,'','',0.000,'2014-09-01',0.00,8.750,1.750,1.970,1.970,1.970,2.384,2.38,'SP110','','','Y',0.00,0,0.0,0.0,0.0,0,0,0,0,'LOC','O','2014-09-01',1.970,'',0,0,0,0.0,1.750,'FRE000',8.750,'',''),
	('',701,'Yautia (taro or malanga)','YAUTIA (TARO OR MALA',40.0,'lb','YAUTIA (TARO OR MALACOS','VEG',5133,'','',0.000,'2002-07-03',0.00,30.000,0.750,0.763,0.763,0.763,0.923,0.92,'SP50','','','Y',0.00,0,0.0,0.0,0.0,0,0,0,0,'COS','R','2002-07-03',0.763,'',0,0,0,0.0,0.750,'DAR000',30.000,'',''),
	('',702,'Greens-mache baby organic','GREENS-MACHE BABY OR',4.0,'lb','GREENS-MACHE BABY ORHEP','VEG',5134,'','',0.000,'2015-04-13',0.00,24.000,6.000,6.275,6.275,6.275,7.593,7.59,'SP110','','','Y',0.00,0,0.0,0.0,0.0,0,0,0,0,'HEP','O','2015-04-13',6.275,'',0,0,0,0.0,6.000,'HEP000',24.000,'',''),
	('',703,'Sapodillas-organic','SAPODILLAS-ORGANIC',5.0,'lb','SAPODILLAS-ORGANICFL','FRO',5135,'','',0.000,'2015-07-06',0.00,33.300,6.660,6.880,6.880,6.880,8.325,8.33,'SP110','','','Y',69.93,0,2.0,0.1,2.1,0,1,0,0,'FL','O','2015-06-26',6.880,'',0,1,0,0.0,6.660,'ALB000',33.300,'','DISPLAY IN BOX'),
	('',704,'Tomato cherry Flora heirloom IPM','TOMATO CHERRY FLORA',10.0,'ea','TOMATO CHERRY FLORALI','VEG',5136,'','',0.000,'2015-05-22',0.00,30.000,3.000,3.110,3.110,3.110,3.763,3.76,'SP110','','','Y',0.00,0,0.0,0.0,0.0,0,0,0,0,'LI','I','2015-05-22',3.110,'',0,0,0,0.0,3.000,'FLN000',30.000,'',''),
	('',705,'Chayote (merliton)','CHAYOTE (MERLITON)',40.0,'lb','CHAYOTE (MERLITON)COS','VEG',5137,'','',0.000,'2015-04-17',0.00,20.000,0.500,0.590,0.590,0.590,0.714,0.71,'','','','Y',0.00,0,0.0,0.0,0.0,0,0,0,0,'COS','R','2015-04-17',0.590,'',0,0,0,0.0,0.590,'JED360',23.600,'',''),
	('',706,'Oro blanco plu#3092','ORO BLANCO PLU#3092',26.0,'lb','ORO BLANCO PLU#3092USA','FRC',5138,'','',0.000,'2015-03-05',0.00,36.000,1.385,1.404,1.404,1.404,1.699,1.70,'SP50','','','Y',0.00,0,0.0,0.0,0.0,0,0,0,0,'USA','RW','2015-03-05',1.404,'',0,0,0,0.0,1.385,'BAL000',36.000,'',''),
	('',707,'Onion-Cippolini, organic','ONION-CIPPOLINI, ORG',6.0,'lb','ONION-CIPPOLINI, ORGUSA','VEG',5139,'','',0.000,'2014-12-09',0.00,25.000,4.167,4.350,4.350,4.350,5.264,5.26,'SP110','','','Y',0.00,0,0.0,0.0,0.0,0,0,0,0,'USA','O','2014-12-09',4.350,'',1,0,0,0.0,4.167,'BAL000',25.000,'',''),
	('',708,'Beans-fava, organic','BEANS-FAVA, ORGANIC',25.0,'lb','BEANS-FAVA, ORGANICUSA','VEG',5140,'','',0.000,'2015-07-06',0.00,43.300,1.732,1.776,1.776,1.776,2.149,2.15,'SP110','','','Y',151.55,0,3.0,0.5,3.5,0,1,0,0,'USA','O','2015-04-03',1.776,'',0,1,0,0.0,1.732,'ALB000',43.300,'',''),
	('',709,'Grapes-red globe with seeds#94636 organi','GRAPES-RED GLOBE WIT',18.0,'lb','GRAPES-RED GLOBE WITPER','FRO',5141,'','',0.000,'2015-07-07',0.00,38.000,2.111,2.172,2.172,2.172,2.628,2.63,'SP110','','','Y',0.00,0,0.0,0.0,0.0,0,0,0,0,'PER','O','2015-07-07',2.172,'',0,0,0,0.0,2.111,'FOR000',38.000,'','ORGANIC'),
	('',711,'Tomato grape Lady Moon organic','TOMATO GRAPE LADY MO',12.0,'ea','TOMATO GRAPE LADY MOUSA','VEG',5143,'','',0.000,'2015-07-06',0.00,30.000,2.500,2.592,2.592,2.592,3.136,3.14,'SP110','','','Y',0.00,0,0.0,0.0,0.0,0,0,0,0,'USA','O','2015-07-06',2.592,'',0,0,0,0.0,2.500,'FOR000',30.000,'','DISPLAY IN BOX'),
	('',712,'Mint- organic','MINT- ORGANIC',12.0,'bu','MINT- ORGANICFRE','VEG',5144,'organic twistie','',0.000,'2015-07-08',0.00,20.000,1.667,1.759,1.759,1.759,2.128,2.13,'SP110','','','Y',480.00,0,22.0,2.0,24.0,0,1,0,0,'FRE','O','2015-06-23',1.759,'',1,1,0,0.0,1.667,'FRE000',20.000,'',''),
	('',714,'Carrots- bunch rainbow, organic','CARROTS- BUNCH RAINB',14.0,'bu','CARROTS- BUNCH RAINBHEP','VEG',5146,'','',0.000,'2015-07-08',0.00,38.000,2.714,2.793,2.793,2.793,3.380,3.38,'SP110','','','Y',117.80,0,3.0,0.1,3.1,0,1,0,0,'HEP','O','2015-07-07',2.793,'',1,1,0,0.0,2.714,'HEP000',38.000,'','CARROTS FACE OUT'),
	('',715,'Grapes-ribier, with seeds organic','GRAPES-RIBIER, WITH',18.0,'lb','GRAPES-RIBIER, WITHUSA','FRO',5147,'','',0.000,'2014-11-04',0.00,37.000,2.056,2.117,2.117,2.117,2.562,2.56,'SP110','','','Y',0.00,0,0.0,0.0,0.0,0,0,0,0,'USA','O','2014-11-04',2.117,'',0,0,0,0.0,2.056,'ALB000',37.000,'',''),
	('',716,'Cherries-red, quart minimally treated','CHERRIES-RED, QUART',8.0,'ea','CHERRIES-RED, QUARTHEP','FRO',5148,'','',0.000,'2015-07-08',0.00,46.000,5.750,5.888,5.888,5.888,7.124,7.12,'SP110','','','Y',1844.60,0,40.0,0.1,40.1,0,1,0,0,'HEP','M','2015-07-06',5.888,'',1,1,0,0.0,5.750,'HEP000',46.000,'',''),
	('',717,'Apricots-organic','APRICOTS-ORGANIC',10.0,'lb','APRICOTS-ORGANICUSA','FRO',5149,'','',0.000,'2015-06-08',0.00,37.000,3.700,3.810,3.810,3.810,4.610,4.61,'SP110','','','Y',0.00,0,0.0,0.0,0.0,0,0,0,0,'USA','O','2015-06-08',3.810,'',0,0,0,0.0,3.700,'ALB000',37.000,'',''),
	('',718,'Raspberries-red, organic','RASPBERRIES-RED, ORG',12.0,'ea','RASPBERRIES-RED, ORGCA','FRO',5150,'','',0.000,'2015-07-08',0.00,25.000,2.083,2.175,2.175,2.175,2.632,2.63,'SP110','','','Y',1625.00,0,62.0,3.0,65.0,0,1,0,0,'CA','O','2015-05-01',2.175,'',0,1,0,0.0,2.083,'ALB000',25.000,'','4 WIDE'),
	('',719,'Pluots.','PLUOTS.',15.0,'lb','PLUOTS.CHI','FRO',5151,'','',0.000,'2015-07-07',0.00,29.000,1.933,1.966,1.966,1.966,2.379,2.38,'SP50','','','Y',0.00,0,0.0,0.0,0.0,0,0,0,0,'CHI','R','2015-06-05',1.966,'',0,0,0,0.0,1.933,'BAL000',29.000,'','DISPLAY IN TRAY'),
	('',720,'Salad Mix-5oz cups organic','SALAD MIX-5OZ CUPS O',12.0,'ea','SALAD MIX-5OZ CUPS OBLM','VEG',5152,'check date! be careful rotating','',0.000,'2015-07-08',0.00,31.800,2.650,2.742,2.742,2.742,3.318,3.32,'SP110','','','Y',1224.30,0,37.0,1.5,38.5,0,1,0,0,'BLM','O','2015-03-10',2.742,'',0,1,0,0.0,2.650,'BLM000',31.800,'','2 WIDE'),
	('',721,'Mushroom-bunapi (white beech) organic','MUSHROOM-BUNAPI (WHI',24.0,'ea','MUSHROOM-BUNAPI (WHIUSA','VEG',5153,'','',0.000,'2014-09-02',0.00,48.000,2.000,2.046,2.046,2.046,2.476,2.48,'SP110','','','Y',0.00,0,0.0,0.0,0.0,0,0,0,0,'USA','O','2014-09-02',2.046,'',0,0,0,0.0,2.000,'BAL000',48.000,'','ORGANIC'),
	('',722,'Cranberries-label, organic','CRANBERRIES-LABEL, O',18.0,'ea','CRANBERRIES-LABEL, OCAU','FRO',5154,'','',0.000,'2014-12-24',0.00,50.000,2.778,2.839,2.839,2.839,3.435,3.44,'SP110','','','Y',0.00,0,0.0,0.0,0.0,0,0,0,0,'CAU','O','2014-12-24',2.839,'',0,0,0,0.0,2.778,'ALB000',50.000,'','4 WIDE'),
	('',723,'Tomato cherry Earthbound organic','TOMATO CHERRY EARTHB',12.0,'ea','TOMATO CHERRY EARTHBMEX','VEG',5155,'','',0.000,'2015-07-02',0.00,18.500,1.542,1.634,1.634,1.634,1.977,1.98,'SP110','','','Y',0.00,0,0.0,0.0,0.0,0,0,0,0,'MEX','O','2015-02-13',1.634,'',0,0,0,0.0,1.542,'BAL000',18.500,'',''),
	('',724,'Nectarines-white, organic','NECTARINES-WHITE, OR',25.0,'lb','NECTARINES-WHITE, ORUSA','FRO',5156,'','',0.000,'2015-07-08',0.00,42.000,1.680,1.724,1.724,1.724,2.086,2.09,'SP110','','','Y',630.00,0,14.0,1.0,15.0,0,1,0,0,'USA','O','2015-05-29',1.724,'',0,1,0,0.0,1.680,'ALB000',42.000,'','2 BOXES'),
	('',725,'Peppers-orange, label organic','PEPPERS-ORANGE, LABE',11.0,'lb','PEPPERS-ORANGE, LABEHOL','VEG',5157,'org white label unless pre-label','',0.000,'2015-07-08',0.00,45.000,4.091,4.191,4.211,4.211,5.095,5.10,'SP110','UNIT02','','Y',315.00,0,6.0,1.0,7.0,0,1,0,0,'HOL','O','2014-11-17',4.211,'',0,1,0,0.0,4.091,'FOR000',45.000,'','SMALL SPOT'),
	('',726,'Pears-red clapp minimally treated','PEARS-RED CLAPP MINI',22.0,'lb','PEARS-RED CLAPP MINIHEP','FRO',5158,'','',0.000,'2014-09-12',0.00,20.000,0.909,0.959,0.959,0.959,1.160,1.16,'SP110','','','Y',0.00,0,0.0,0.0,0.0,0,0,0,0,'HEP','M','2014-09-12',0.959,'',0,0,0,0.0,0.909,'HEP000',20.000,'',''),
	('',727,'Salad-flower power, 5oz cup, organic','SALAD-FLOWER POWER,',24.0,'ea','SALAD-FLOWER POWER,REM','VEG',5159,'','',0.000,'2014-11-10',0.00,81.000,3.375,3.421,3.421,3.421,4.139,4.14,'SP110','','','Y',0.00,0,0.0,0.0,0.0,0,0,0,0,'REM','O','2014-11-10',3.421,'',0,0,0,0.0,3.375,'REM000',81.000,'','2 WIDE'),
	('',728,'Salad-herb mix, organic','SALAD-HERB MIX, ORGA',8.0,'ea','SALAD-HERB MIX, ORGAUSA','VEG',5160,'check date! be careful rotating','',0.000,'2015-01-29',0.00,20.900,2.613,2.751,2.751,2.751,3.329,3.33,'SP110','','','Y',0.00,0,0.0,0.0,0.0,0,0,0,0,'USA','O','2015-01-29',2.751,'',1,0,0,0.0,2.613,'ALB000',20.900,'','7 WIDE'),
	('',729,'Broccolini.','BROCCOLINI.',18.0,'bu','BROCCOLINI.USA','VEG',5161,'','',0.000,'2015-01-05',0.00,20.000,1.111,1.139,1.139,1.139,1.378,1.38,'SP50','','','Y',0.00,0,0.0,0.0,0.0,0,0,0,0,'USA','R','2013-12-02',1.139,'',1,0,0,0.0,1.111,'BAL000',20.000,'','2 WIDE'),
	('',730,'Mangoes-organic','MANGOES-ORGANIC',10.0,'lb','MANGOES-ORGANICMEX','FRO',5162,'','',0.000,'2015-07-06',0.00,12.000,1.200,1.310,1.310,1.310,1.585,1.59,'SP110','','','Y',480.00,0,29.0,11.0,40.0,0,1,0,0,'MEX','O','2015-06-18',1.310,'',0,1,0,0.0,1.200,'FOR000',12.000,'','DISPLAY IN BOX DO NOT MOUND'),
	('',731,'Tomatoes-heirloom cups organic','TOMATOES-HEIRLOOM CU',8.0,'ea','TOMATOES-HEIRLOOM CUHEP','VEG',5163,'','',0.000,'2015-07-03',0.00,24.000,3.000,3.138,3.138,3.138,3.797,3.80,'SP110','','','Y',0.00,0,0.0,0.0,0.0,0,0,0,0,'HEP','O','2014-10-28',3.138,'',0,0,0,0.0,3.000,'HEP000',24.000,'',''),
	('',732,'Pears-red bartlett, organic','PEARS-RED BARTLETT,',40.0,'lb','PEARS-RED BARTLETT,ARG','FRO',5164,'','',0.000,'2014-05-19',0.00,45.000,1.125,1.153,1.153,1.153,1.395,1.40,'SP110','','','Y',0.00,0,0.0,0.0,0.0,0,0,0,0,'ARG','O','2014-05-19',1.153,'',0,0,0,0.0,1.125,'FOR000',45.000,'',''),
	('',733,'Pinova-organic','PINOVA-ORGANIC',38.0,'lb','PINOVA-ORGANICUSA','FRA',5165,'','',0.000,'2014-11-17',0.00,64.500,1.697,1.726,1.726,1.726,2.088,2.09,'SP110','','','Y',0.00,0,0.0,0.0,0.0,0,0,0,0,'USA','O','2014-11-17',1.726,'',0,0,0,0.0,1.697,'FOR000',64.500,'',''),
	('',734,'Grapes-champagne, cups, organic','GRAPES-CHAMPAGNE, CU',16.0,'ea','GRAPES-CHAMPAGNE, CUUSA','FRO',5166,'','',0.000,'2014-08-12',0.00,48.000,3.000,3.069,3.069,3.069,3.713,3.71,'SP110','','','Y',0.00,0,0.0,0.0,0.0,0,0,0,0,'USA','O','2014-08-12',3.069,'',0,0,0,0.0,3.000,'ALB000',48.000,'',''),
	('',735,'Pluots-organic','PLUOTS-ORGANIC',18.0,'lb','PLUOTS-ORGANICUSA','FRO',5167,'','',0.000,'2015-07-08',0.00,45.000,2.500,2.561,2.561,2.561,3.099,3.10,'SP110','','','Y',724.50,0,16.1,0.0,16.1,0,1,0,0,'USA','O','2015-07-06',2.561,'',0,1,0,0.0,2.500,'FOR000',45.000,'',''),
	('',736,'Gooseberries-red or green, organic','GOOSEBERRIES-RED OR',12.0,'ea','GOOSEBERRIES-RED ORSTO','FRO',5168,'','',0.000,'2009-07-13',0.00,43.000,3.583,3.675,3.675,3.675,4.447,4.45,'SP110','','','Y',0.00,0,0.0,0.0,0.0,0,0,0,0,'STO','O','2009-07-13',3.675,'',1,0,0,0.0,3.583,'ANG000',43.000,'',''),
	('',737,'Coconuts-water','COCONUTS-WATER',10.0,'ea','COCONUTS-WATERFL','FRO',5169,'','',0.000,'2012-10-19',0.00,10.000,1.000,1.050,1.050,1.050,1.271,1.27,'SP50','','','Y',0.00,0,0.0,0.0,0.0,0,0,0,0,'FL','O','2002-08-19',1.050,'',1,0,0,0.0,1.000,'DAR000',10.000,'',''),
	('',738,'Melons-hami, organic','MELONS-HAMI, ORGANIC',40.0,'lb','MELONS-HAMI, ORGANICHEP','FRO',5170,'','',0.000,'2012-05-15',0.00,24.000,0.600,0.628,0.628,0.628,0.760,0.76,'SP110','','','Y',0.00,0,0.0,0.0,0.0,0,0,0,0,'HEP','O','2001-08-22',0.628,'',0,0,0,0.0,0.600,'HEP000',24.000,'',''),
	('',739,'Spinach-baby, 5oz, organic','SPINACH-BABY, 5OZ, O',12.0,'ea','SPINACH-BABY, 5OZ, OBLM','VEG',5171,'check date! be careful rotating','',0.000,'2015-07-08',0.00,33.000,2.750,2.842,2.842,2.842,3.439,3.44,'SP110','','','Y',1353.00,0,40.0,1.0,41.0,0,1,0,0,'BLM','O','2015-02-09',2.842,'',1,1,0,0.0,2.750,'BLM000',33.000,'','2 WIDE'),
	('',740,'Peppers-purple, organic','PEPPERS-PURPLE, ORGA',15.0,'lb','PEPPERS-PURPLE, ORGALOC','VEG',5172,'','',0.000,'2012-10-24',0.00,23.000,1.533,1.606,1.606,1.606,1.943,1.94,'SP110','','','Y',0.00,0,0.0,0.0,0.0,0,0,0,0,'LOC','O','2012-10-24',1.606,'',0,0,0,0.0,1.533,'LAN000',23.000,'','ORGANIC'),
	('',741,'NatbyNat Buttermilk','NATBYNAT BUTTERMILK',12.0,'ea','NATBYNAT BUTTERMILKUSA','ZZZ',5173,'','',0.000,'2012-01-23',0.00,24.000,2.000,2.000,2.000,2.000,2.420,2.42,'','','','Y',0.00,0,0.0,0.0,0.0,0,0,0,0,'USA','O','2012-01-23',2.000,'',1,1,0,0.0,2.000,'ALB000',24.000,'',''),
	('',743,'Grapes-black with seeds, organic','GRAPES-BLACK WITH SE',10.0,'lb','GRAPES-BLACK WITH SESOU','FRO',5175,'','',0.000,'2015-04-14',0.00,33.500,3.350,3.460,3.460,3.460,4.187,4.19,'SP110','','','Y',0.00,0,0.0,0.0,0.0,0,0,0,0,'SOU','O','2015-04-14',3.460,'',0,0,0,0.0,3.350,'FOR000',33.500,'','1 BOX HIGH DO NOT STACK'),
	('',744,'Taro','TARO',40.0,'lb','TAROMEX','VEG',5176,'','',0.000,'2013-12-10',0.00,22.000,0.550,0.653,0.653,0.653,0.790,0.79,'SP50','','','Y',0.00,0,0.0,0.0,0.0,0,0,0,0,'MEX','R','2013-12-10',0.653,'',0,0,0,0.0,0.640,'JED360',25.600,'',''),
	('',745,'Oranges-mango, organic','ORANGES-MANGO, ORGAN',20.0,'lb','ORANGES-MANGO, ORGANUSA','FRC',5177,'','',0.000,'2015-01-26',0.00,34.000,1.700,1.755,1.755,1.755,2.124,2.12,'SP110','','','Y',0.00,0,0.0,0.0,0.0,0,0,0,0,'USA','O','2015-01-26',1.755,'',1,0,0,0.0,1.700,'ALB000',34.000,'',''),
	('',746,'Herbs-cup organic local','HERBS-CUP ORGANIC LO',20.0,'ea','HERBS-CUP ORGANIC LOFLO','VEG',5178,'','',0.000,'2015-04-29',0.00,36.250,1.813,1.868,1.888,1.888,2.284,2.28,'SP110','UNIT02','','Y',0.00,0,0.0,0.0,0.0,0,0,0,0,'FLO','O','2015-04-29',1.888,'',0,0,0,0.0,1.813,'FLO000',36.250,'',''),
	('',747,'Salad-baby romaine cups, organic','SALAD-BABY ROMAINE C',8.0,'ea','SALAD-BABY ROMAINE CUSA','VEG',5179,'check date! be careful rotating','',0.000,'2015-03-11',0.00,21.000,2.625,2.763,2.763,2.763,3.343,3.34,'SP110','','','Y',0.00,0,0.0,0.0,0.0,0,0,0,0,'USA','O','2015-03-09',2.763,'',0,0,0,0.0,2.625,'ALB000',21.000,'','2 WIDE'),
	('',748,'Strawberries-open pint local organic','STRAWBERRIES-OPEN PI',12.0,'ea','STRAWBERRIES-OPEN PILAN','FRO',5180,'','',0.000,'2015-06-10',0.00,42.000,3.500,3.592,3.592,3.592,4.346,4.35,'SP110','','','Y',0.00,0,0.0,0.0,0.0,0,0,0,0,'LAN','O','2015-06-10',3.592,'',1,0,0,0.0,3.500,'LAN000',42.000,'',''),
	('',749,'Blueberries-NJ pint organic','BLUEBERRIES-NJ PINT',12.0,'ea','BLUEBERRIES-NJ PINTNJ','FRO',5181,'','',0.000,'2015-07-08',0.00,36.000,3.000,3.092,3.092,3.092,3.741,3.74,'SP110','','','Y',3459.60,0,96.0,0.1,96.1,0,1,0,0,'NJ','O','2015-06-17',3.092,'',0,1,0,0.0,3.000,'LAN000',36.000,'','2 WIDE'),
	('',750,'Amaranth-red, organic','AMARANTH-RED, ORGANI',24.0,'bu','AMARANTH-RED, ORGANIBLU','VEG',5182,'','',0.000,'2012-04-30',0.00,26.000,1.083,1.083,1.083,1.083,1.310,1.31,'','','','Y',0.00,0,0.0,0.0,0.0,0,0,0,0,'BLU','O','2002-08-07',1.083,'',1,0,0,0.0,1.083,'BLU000',26.000,'',''),
	('',751,'Cherries-sour, quart minimally treated','CHERRIES-SOUR, QUART',8.0,'ea','CHERRIES-SOUR, QUARTHEP','FRO',5183,'','',0.000,'2015-07-08',0.00,46.000,5.750,5.888,5.888,5.888,7.124,7.12,'SP110','','','Y',920.00,0,20.0,0.0,20.0,0,1,0,0,'HEP','M','2015-07-07',5.888,'',1,1,0,0.0,5.750,'HEP000',46.000,'',''),
	('',752,'Plums-minimally treated, any','PLUMS-MINIMALLY TREA',20.0,'lb','PLUMS-MINIMALLY TREAHEP','FRO',5184,'','',0.000,'2013-08-27',0.00,27.500,1.375,1.430,1.430,1.430,1.730,1.73,'SP110','','','Y',0.00,0,0.0,0.0,0.0,0,0,0,0,'HEP','M','2013-08-27',1.430,'',0,0,0,0.0,1.375,'HEP000',27.500,'',''),
	('',753,'Calendula-each stem, organic','CALENDULA-EACH STEM,',1.0,'ea','CALENDULA-EACH STEM,HEF','FLO',5185,'','',0.000,'2014-07-28',0.00,0.170,0.170,0.210,0.210,0.210,0.254,0.25,'SP04','','','Y',0.00,0,0.0,0.0,0.0,0,0,0,0,'HEF','O','2014-07-28',0.210,'',1,0,0,0.0,0.170,'HEP000',0.170,'',''),
	('',754,'Broccoli Chinese (gai lan)-organic','BROCCOLI CHINESE (GA',24.0,'bu','BROCCOLI CHINESE (GALOC','VEG',5186,'','',0.000,'2013-10-21',0.00,40.000,1.667,1.713,1.713,1.713,2.073,2.07,'SP110','','','Y',0.00,0,0.0,0.0,0.0,0,0,0,0,'LOC','O','2013-10-21',1.713,'',0,0,0,0.0,1.667,'STI000',40.000,'',''),
	('',755,'Pears-Asian, minimally treated','PEARS-ASIAN, MINIMAL',22.0,'lb','PEARS-ASIAN, MINIMALHEP','FRO',5187,'','',0.000,'2015-03-30',0.00,22.000,1.000,1.050,1.050,1.050,1.271,1.27,'SP110','','','Y',0.00,0,0.0,0.0,0.0,0,0,0,0,'HEP','M','2015-03-30',1.050,'',0,0,0,0.0,1.000,'HEP000',22.000,'','1 BOX SMALL SPOT'),
	('',756,'Cauliflower-purple, organic','CAULIFLOWER-PURPLE,',18.0,'lb','CAULIFLOWER-PURPLE,LOC','VEG',5188,'','',0.000,'2015-07-07',0.00,38.000,2.111,2.172,2.172,2.172,2.628,2.63,'SP110','','','Y',421.80,0,11.1,0.0,11.1,0,1,0,0,'LOC','O','2015-07-06',2.172,'',0,1,0,0.0,2.111,'HEP000',38.000,'',''),
	('',757,'Beans-shelling purple, organic','BEANS-SHELLING PURPL',5.0,'lb','BEANS-SHELLING PURPLLAN','VEG',5189,'','',0.000,'2009-10-21',0.00,12.000,2.400,2.620,2.620,2.620,3.170,3.17,'SP110','','','Y',0.00,0,0.0,0.0,0.0,0,0,0,0,'LAN','O','2009-10-21',2.620,'',0,0,0,0.0,2.400,'LAN000',12.000,'',''),
	('',758,'Onion-Vidalia 4159 4166 blank label','ONION-VIDALIA 4159 4',40.0,'lb','ONION-VIDALIA 4159 4USA','VEG',5190,'blank label unless pre-label','',0.000,'2015-07-07',0.00,26.000,0.650,0.753,0.763,0.763,0.923,0.92,'SP50','UNIT01','','Y',325.60,0,8.0,3.0,11.0,0,1,0,0,'USA','R','2014-03-31',0.763,'',0,1,0,0.0,0.740,'JED360',29.600,'','2 CRATES HIGH'),
	('',759,'Oranges-cara cara red 93110 organic','ORANGES-CARA CARA RE',40.0,'lb','ORANGES-CARA CARA REUSA','FRC',5191,'','',0.000,'2015-04-23',0.00,60.000,1.500,1.528,1.528,1.528,1.849,1.85,'SP110','','','Y',0.00,0,0.0,0.0,0.0,0,0,0,0,'USA','O','2015-04-23',1.528,'',0,0,0,0.0,1.500,'FOR000',60.000,'',''),
	('',760,'Garlic-with stalks, organic','GARLIC-WITH STALKS,',50.0,'ea','GARLIC-WITH STALKS,LOC','VEG',5192,'','',0.000,'2015-06-26',0.00,37.500,0.750,0.772,0.772,0.772,0.934,0.93,'SP110','','','Y',0.00,0,0.0,0.0,0.0,0,0,0,0,'LOC','O','2015-06-26',0.772,'',1,0,0,0.0,0.750,'HEP000',37.500,'',''),
	('',761,'Cucumber-long seedless, organic','CUCUMBER-LONG SEEDLE',25.0,'lb','CUCUMBER-LONG SEEDLEHEP','VEG',5193,'','',0.000,'2015-07-03',0.00,25.000,1.000,1.044,1.044,1.044,1.263,1.26,'SP110','','','Y',0.00,0,0.0,0.0,0.0,0,0,0,0,'HEP','O','2015-07-03',1.044,'',0,0,0,0.0,1.000,'HEP000',25.000,'',''),
	('',763,'Mushroom-chanterelles','MUSHROOM-CHANTERELLE',3.0,'lb','MUSHROOM-CHANTERELLEUSA','VEG',5195,'','',0.000,'2014-12-19',0.00,45.000,15.000,15.167,15.167,15.167,18.352,18.35,'SP50','','','Y',0.00,0,0.0,0.0,0.0,0,0,0,0,'USA','R','2014-12-19',15.167,'',0,0,0,0.0,15.000,'IRW000',45.000,'','1 BOX DO NOT STACK'),
	('',764,'Mushroom-black trumpet','MUSHROOM-BLACK TRUMP',3.0,'lb','MUSHROOM-BLACK TRUMPUSA','VEG',5196,'','',0.000,'2015-03-05',0.00,36.000,12.000,12.167,12.167,12.167,14.722,14.72,'SP50','','','Y',0.00,0,0.0,0.0,0.0,0,0,0,0,'USA','R','2015-03-05',12.167,'',0,0,0,0.0,12.000,'IRW000',36.000,'',''),
	('',766,'Strawberries-1 lb box','STRAWBERRIES-1 LB BO',8.0,'ea','STRAWBERRIES-1 LB BOCA','FRO',5198,'','',0.000,'2015-05-19',0.00,25.800,3.225,3.288,3.288,3.288,3.978,3.98,'SP50','','','Y',0.00,0,0.0,0.0,0.0,0,0,0,0,'CA','R','2015-05-19',3.288,'',1,0,0,0.0,3.225,'ELI000',25.800,'','8 WIDE'),
	('',768,'Salad-mache/blend, organic','SALAD-MACHE/BLEND, O',6.0,'ea','SALAD-MACHE/BLEND, OUSA','VEG',5200,'check date! be careful rotating','',0.000,'2015-06-10',0.00,20.300,3.383,3.566,3.566,3.566,4.315,4.32,'SP110','','','Y',0.00,0,0.0,0.0,0.0,0,0,0,0,'USA','O','2015-06-10',3.566,'',1,0,0,0.0,3.383,'ALB000',20.300,'','1 WIDE'),
	('',769,'Peppers-Hungarian, organic','PEPPERS-HUNGARIAN, O',10.0,'lb','PEPPERS-HUNGARIAN, OLAN','VEG',5201,'','',0.000,'2014-07-28',0.00,28.000,2.800,2.910,2.910,2.910,3.521,3.52,'SP110','','','Y',0.00,0,0.0,0.0,0.0,0,0,0,0,'LAN','O','2014-07-28',2.910,'',1,0,0,0.0,2.800,'LAN000',28.000,'',''),
	('',770,'Mushroom-bunashimeji brown beech organic','MUSHROOM-BUNASHIMEJI',24.0,'ea','MUSHROOM-BUNASHIMEJIUSA','VEG',5202,'','',0.000,'2015-07-08',0.00,40.900,1.704,1.750,1.750,1.750,2.118,2.12,'SP110','','','Y',0.00,0,0.0,0.0,0.0,0,0,0,0,'USA','O','2015-07-08',1.750,'',1,0,0,0.0,1.704,'ALB000',40.900,'','2 WIDE'),
	('',771,'Cucumber-Persian bagged organic','CUCUMBER-PERSIAN BAG',12.0,'ea','CUCUMBER-PERSIAN BAGMEX','VEG',5203,'','',0.000,'2015-07-08',0.00,28.000,2.333,2.425,2.425,2.425,2.934,2.93,'SP110','','','Y',728.00,0,24.0,2.0,26.0,0,1,0,0,'MEX','O','2015-04-27',2.425,'',0,1,0,0.0,2.333,'ELI000',28.000,'','2 WIDE'),
	('',772,'Gala-organic','GALA-ORGANIC',38.0,'lb','GALA-ORGANICNZ','FRA',5204,'','',0.000,'2015-07-08',0.00,52.000,1.368,1.397,1.397,1.397,1.690,1.69,'SP110','','','Y',0.00,0,0.0,0.0,0.0,0,0,0,0,'NZ','O','2015-07-08',1.397,'',0,0,0,0.0,1.368,'FOR000',52.000,'',''),
	('',773,'Peaches-donut, organic','PEACHES-DONUT, ORG',9.0,'lb','PEACHES-DONUT, ORGUSA','FRO',5205,'','',0.000,'2015-07-06',0.00,40.000,4.444,4.566,4.566,4.566,5.525,5.53,'SP110','','','Y',0.00,0,0.0,0.0,0.0,0,0,0,0,'USA','O','2015-07-06',4.566,'',0,0,0,0.0,4.444,'FOR000',40.000,'','2 BOXES'),
	('',774,'Hon tsai tai-organic','HON TSAI TAI-ORGANIC',10.0,'lb','HON TSAI TAI-ORGANICHEP','VEG',5206,'','',0.000,'2010-04-22',0.00,80.000,8.000,8.110,8.110,8.110,9.813,9.81,'SP110','','','Y',0.00,0,0.0,0.0,0.0,0,0,0,0,'HEP','O','2010-04-22',8.110,'',1,0,0,0.0,8.000,'HEP000',80.000,'',''),
	('',775,'Vitamin greens-loose, organic','VITAMIN GREENS-LOOSE',20.0,'lb','VITAMIN GREENS-LOOSEHEP','VEG',5207,'','',0.000,'2009-11-17',0.00,28.000,1.400,1.455,1.455,1.455,1.761,1.76,'SP110','','','Y',0.00,0,0.0,0.0,0.0,0,0,0,0,'HEP','O','2009-11-17',1.455,'',1,0,0,0.0,1.400,'HEP000',28.000,'',''),
	('',776,'Onions-spring bunch organic','ONIONS-SPRING BUNCH',12.0,'bu','ONIONS-SPRING BUNCHLOC','VEG',5208,'','',0.000,'2015-07-08',0.00,22.000,1.833,1.925,1.925,1.925,2.329,2.33,'SP110','','','Y',341.00,0,13.0,2.5,15.5,0,1,0,0,'LOC','O','2015-06-18',1.925,'',1,1,0,0.0,1.833,'LAN000',22.000,'',''),
	('',778,'Vitamin greens bunch, organic','VITAMIN GREENS BUNCH',24.0,'bu','VITAMIN GREENS BUNCHLAN','VEG',5210,'','',0.000,'2013-11-04',0.00,38.000,1.583,1.629,1.629,1.629,1.971,1.97,'SP110','','','Y',0.00,0,0.0,0.0,0.0,0,0,0,0,'LAN','O','2013-11-04',1.629,'',0,0,0,0.0,1.583,'LAN000',38.000,'',''),
	('',779,'Melons-ginkaku, organic','MELONS-GINKAKU, ORGA',35.0,'lb','MELONS-GINKAKU, ORGAHEP','FRO',5211,'','',0.000,'2014-08-20',0.00,30.000,0.857,0.888,0.888,0.888,1.074,1.07,'SP110','','','Y',0.00,0,0.0,0.0,0.0,0,0,0,0,'HEP','O','2004-09-21',0.888,'',0,0,0,0.0,0.857,'REG000',30.000,'',''),
	('',780,'Melons-summer kiss','MELONS-SUMMER KISS',9.0,'ea','MELONS-SUMMER KISSUSA','FRO',5212,'','',0.000,'2014-06-12',0.00,30.000,3.333,3.389,3.389,3.389,4.101,4.10,'SP50','','','Y',0.00,0,0.0,0.0,0.0,0,0,0,0,'USA','O','2014-06-12',3.389,'',1,0,0,0.0,3.333,'BAL000',30.000,'',''),
	('',781,'Melon-orange sherbert, organic','MELON-ORANGE SHERBER',15.0,'lb','MELON-ORANGE SHERBERUSA','FRO',5213,'','',0.000,'2006-08-07',0.00,18.000,1.200,1.273,1.273,1.273,1.540,1.54,'SP110','','','Y',0.00,0,0.0,0.0,0.0,0,0,0,0,'USA','O','2006-08-07',1.273,'',0,0,0,0.0,1.200,'FOR000',18.000,'',''),
	('',782,'Tomato cherry Lady Moon organic','TOMATO CHERRY LADY M',12.0,'ea','TOMATO CHERRY LADY MUSA','VEG',5214,'','',0.000,'2015-07-02',0.00,32.000,2.667,2.759,2.759,2.759,3.338,3.34,'SP110','','','Y',0.00,0,0.0,0.0,0.0,0,0,0,0,'USA','O','2014-05-30',2.759,'',1,0,0,0.0,2.667,'FOR000',32.000,'',''),
	('',783,'Mushroom-chef\'s sampler mix cup, organic','MUSHROOM-CHEF\'S SAMP',10.0,'ea','MUSHROOM-CHEF\'S SAMPUSA','VEG',5215,'','',0.000,'2014-07-18',0.00,49.500,4.950,5.060,5.060,5.060,6.123,6.12,'SP110','','','Y',0.00,0,0.0,0.0,0.0,0,0,0,0,'USA','O','2011-12-06',5.060,'',1,0,0,0.0,4.950,'CAP000',49.500,'',''),
	('',784,'Golden delicious minimally treated','GOLDEN DELICIOUS MIN',38.0,'lb','GOLDEN DELICIOUS MINHEP','FRA',5216,'','',0.000,'2015-02-13',0.00,35.000,0.921,0.950,0.950,0.950,1.150,1.15,'SP110','','','Y',0.00,0,0.0,0.0,0.0,0,0,0,0,'HEP','M','2015-02-13',0.950,'',0,0,0,0.0,0.921,'HEP000',35.000,'',''),
	('',785,'Plums-methley, minimally treated','PLUMS-METHLEY, MINIM',20.0,'lb','PLUMS-METHLEY, MINIMHEP','FRO',5217,'','',0.000,'2014-08-20',0.00,27.500,1.375,1.430,1.430,1.430,1.730,1.73,'SP110','','','Y',0.00,0,0.0,0.0,0.0,0,0,0,0,'HEP','M','2014-08-20',1.430,'',0,0,0,0.0,1.375,'HEP000',27.500,'',''),
	('',786,'Cactus leaves (nopales)','CACTUS LEAVES (NOPAL',10.0,'lb','CACTUS LEAVES (NOPALMEX','VEG',5218,'','',0.000,'2015-04-23',0.00,15.500,1.550,1.660,1.660,1.660,2.009,2.01,'SP110','','','Y',0.00,0,0.0,0.0,0.0,0,0,0,0,'MEX','R','2015-04-23',1.660,'',0,0,0,0.0,1.550,'BAL000',15.500,'',''),
	('',787,'Mushroom-maitake bag, organic','MUSHROOM-MAITAKE BAG',24.0,'ea','MUSHROOM-MAITAKE BAGUSA','VEG',5219,'','',0.000,'2015-06-29',0.00,47.000,1.958,2.004,2.004,2.004,2.425,2.43,'SP110','','','Y',0.00,0,0.0,0.0,0.0,0,0,0,0,'USA','O','2015-06-29',2.004,'',1,0,0,0.0,1.958,'ALB000',47.000,'','2 WIDE'),
	('',788,'Mushroom-oyster','MUSHROOM-OYSTER',5.0,'lb','MUSHROOM-OYSTERPA','VEG',5220,'','',0.000,'2015-07-05',0.00,16.500,3.300,3.760,3.760,3.760,4.550,4.55,'SP50','','','Y',36.60,0,1.0,1.0,2.0,0,1,0,0,'PA','R','2015-06-22',3.760,'',0,1,0,0.0,3.660,'JED180',18.300,'','1 BOX'),
	('',789,'Raspberries-sunshine gold','RASPBERRIES-SUNSHINE',12.0,'ea','RASPBERRIES-SUNSHINEUSA','FRO',5221,'','',0.000,'2015-05-15',0.00,38.000,3.167,3.209,3.209,3.209,3.883,3.88,'SP50','','','Y',0.00,0,0.0,0.0,0.0,0,0,0,0,'USA','R','2015-05-15',3.209,'',1,0,0,0.0,3.167,'BAL000',38.000,'','3 WIDE'),
	('',790,'Tamarillos-organic','TAMARILLOS-ORGANIC',33.0,'ea','TAMARILLOS-ORGANICNEW','FRO',5222,'','',0.000,'2004-07-16',0.00,34.650,1.050,1.083,1.083,1.083,1.310,1.31,'SP110','','','Y',0.00,0,0.0,0.0,0.0,0,0,0,0,'NEW','O','2004-07-16',1.083,'',1,0,0,0.0,1.050,'ALB000',34.650,'',''),
	('',791,'Turnip greens organic','TURNIP GREENS ORGANI',24.0,'ea','TURNIP GREENS ORGANIHEP','VEG',5223,'','',0.000,'2014-11-21',0.00,30.000,1.250,1.250,1.250,1.250,1.513,1.51,'','','','Y',0.00,0,0.0,0.0,0.0,0,0,0,0,'HEP','O','2014-11-21',1.250,'',1,0,0,0.0,1.250,'HEP000',30.000,'',''),
	('',792,'Peppers-ghost HOT organic','PEPPERS-GHOST HOT OR',2.0,'lb','PEPPERS-GHOST HOT ORLAN','VEG',5224,'','',0.000,'2014-01-06',0.00,10.000,5.000,5.550,5.550,5.550,6.716,6.72,'SP110','','','Y',0.00,0,0.0,0.0,0.0,0,0,0,0,'LAN','R','2013-09-20',5.550,'',0,0,0,0.0,5.000,'LAN000',10.000,'',''),
	('',794,'Lemon grass-bunch, organic','LEMON GRASS-BUNCH, O',24.0,'bu','LEMON GRASS-BUNCH, OHEP','VEG',5226,'','',0.000,'2014-11-17',0.00,48.000,2.000,2.046,2.046,2.046,2.476,2.48,'SP110','','','Y',0.00,0,0.0,0.0,0.0,0,0,0,0,'HEP','O','2014-11-17',2.046,'',1,0,0,0.0,2.000,'HEP000',48.000,'',''),
	('',795,'Greens-mizuna baby organic','GREENS-MIZUNA BABY O',3.0,'lb','GREENS-MIZUNA BABY OLAN','VEG',5227,'','',0.000,'2015-05-04',0.00,21.000,7.000,7.367,7.367,7.367,8.914,8.91,'SP110','','','Y',0.00,0,0.0,0.0,0.0,0,0,0,0,'LAN','O','2015-05-04',7.367,'',0,0,0,0.0,7.000,'LAN000',21.000,'',''),
	('',796,'Arugula-cup, organic','ARUGULA-CUP, ORGANIC',12.0,'ea','ARUGULA-CUP, ORGANICREM','VEG',5228,'','',0.000,'2015-07-06',0.00,33.000,2.750,2.842,2.842,2.842,3.439,3.44,'SP110','','','Y',726.00,0,20.0,2.0,22.0,0,1,0,0,'REM','O','2015-06-24',2.842,'',1,1,0,0.0,2.750,'REM000',33.000,'','2 WIDE'),
	('',797,'Beans-cannelini, for shelling, organic','BEANS-CANNELINI, FOR',25.0,'lb','BEANS-CANNELINI, FORFLO','VEG',5229,'','',0.000,'2012-08-08',0.00,32.500,1.300,1.344,1.344,1.344,1.626,1.63,'SP110','','','Y',0.00,0,0.0,0.0,0.0,0,0,0,0,'FLO','O','2007-09-13',1.344,'',0,0,0,0.0,1.300,'BLU000',32.500,'',''),
	('',798,'Plums-yellow shiro, minimally treated','PLUMS-YELLOW SHIRO,',20.0,'lb','PLUMS-YELLOW SHIRO,HEP','FRO',5230,'','',0.000,'2014-08-29',0.00,27.500,1.375,1.430,1.430,1.430,1.730,1.73,'SP110','','','Y',0.00,0,0.0,0.0,0.0,0,0,0,0,'HEP','M','2014-08-29',1.430,'',0,0,0,0.0,1.375,'DAR000',27.500,'',''),
	('',799,'Cucumber-Persian','CUCUMBER-PERSIAN',20.0,'lb','CUCUMBER-PERSIANDMM','BAG',5231,'','',0.000,'2015-07-08',0.00,22.000,1.100,1.305,1.305,1.305,1.579,1.58,'SP50','','','Y',0.00,0,0.0,0.0,0.0,0,0,0,0,'DMM','R','2015-07-08',1.305,'',0,0,0,0.0,1.280,'JED360',25.600,'','2 WIDE OUT OF BOX'),
	('',800,'Mushroom-maitake cup, organic','MUSHROOM-MAITAKE CUP',6.0,'ea','MUSHROOM-MAITAKE CUPLOC','VEG',5232,'','',0.000,'2015-07-06',0.00,19.000,3.167,3.350,3.350,3.350,4.054,4.05,'SP110','','','Y',95.00,0,5.0,0.0,5.0,0,1,0,0,'LOC','O','2015-04-08',3.350,'',0,1,0,0.0,3.167,'IRW000',19.000,'','2 WIDE FACE FRONT'),
	('',801,'Mushroom-morels','MUSHROOM-MORELS',3.0,'lb','MUSHROOM-MORELSPAC','VEG',5233,'cup and UPC sticker','',0.000,'2015-06-24',0.00,63.000,21.000,21.500,21.550,21.550,26.076,26.08,'SP150','UNIT05','','Y',0.00,0,0.0,0.0,0.0,0,0,0,0,'PAC','R','2015-06-24',21.550,'',1,0,0,0.0,21.000,'IRW000',63.000,'',''),
	('',802,'Mangoes-ataulfo.','MANGOES-ATAULFO.',10.0,'lb','MANGOES-ATAULFO.ECP','FRO',5234,'','',0.000,'2015-01-12',0.00,8.000,0.800,1.120,1.120,1.120,1.355,1.36,'SP50','','','Y',0.00,0,0.0,0.0,0.0,0,0,0,0,'ECP','R','2015-01-12',1.120,'',1,0,0,0.0,1.070,'JED270',10.700,'','DISPLAY IN BOX DO NOT MOUND'),
	('',803,'Pears-Asian, Subarashii Kudamono, IPM','PEARS-ASIAN, SUBARAS',8.5,'lb','PEARS-ASIAN, SUBARASPA','FRO',5235,'','',0.000,'2015-01-12',0.00,21.000,2.471,2.600,2.600,2.600,3.146,3.15,'SP110','','','Y',0.00,0,0.0,0.0,0.0,0,0,0,0,'PA','I','2015-01-12',2.600,'',1,0,0,0.0,2.471,'BAL000',21.000,'','DISPLAY IN TRAYS DO NOT MOUND'),
	('',809,'Raspberries-local organic','RASPBERRIES-LOCAL OR',12.0,'ea','RASPBERRIES-LOCAL ORLAN','FRO',5241,'','',0.000,'2015-07-07',0.00,42.000,3.500,3.592,3.592,3.592,4.346,4.35,'SP110','','','Y',0.00,0,0.0,0.0,0.0,0,0,0,0,'LAN','O','2015-07-07',3.592,'',1,0,0,0.0,3.500,'LAN000',42.000,'',''),
	('',810,'Pea tendrils-organic','PEA TENDRILS-ORGANIC',3.0,'lb','PEA TENDRILS-ORGANICLAN','VEG',5242,'','',0.000,'2013-06-21',0.00,30.000,10.000,10.367,10.367,10.367,12.544,12.54,'SP110','','','Y',0.00,0,0.0,0.0,0.0,0,0,0,0,'LAN','O','2013-06-21',10.367,'',0,0,0,0.0,10.000,'LAN000',30.000,'','DISPLAY IN BAG'),
	('',811,'Kiwi-gold.','KIWI-GOLD.',100.0,'ea','KIWI-GOLD.CHI','FRO',5243,'','',0.000,'2014-11-06',0.00,31.000,0.310,0.351,0.351,0.351,0.425,0.43,'SP50','','','Y',0.00,0,0.0,0.0,0.0,0,0,0,0,'CHI','R','2014-07-03',0.351,'',1,0,0,0.0,0.346,'JED360',34.600,'',''),
	('',812,'Potatoes-creamer organic','POTATOES-CREAMER ORG',18.0,'lb','POTATOES-CREAMER ORGUSA','VEG',5244,'','',0.000,'2015-07-07',0.00,36.000,2.000,2.061,2.061,2.061,2.494,2.49,'SP110','','','Y',360.00,0,8.0,2.0,10.0,0,1,0,0,'USA','O','2015-05-29',2.061,'',0,1,0,0.0,2.000,'BAL000',36.000,'',''),
	('',813,'Currants-black or red, organic','CURRANTS-BLACK OR RE',12.0,'ea','CURRANTS-BLACK OR RELAN','FRO',5245,'','',0.000,'2015-06-30',0.00,45.000,3.750,3.842,3.842,3.842,4.649,4.65,'SP110','','','Y',0.00,0,0.0,0.0,0.0,0,0,0,0,'LAN','O','2015-06-30',3.842,'',1,0,0,0.0,3.750,'LAN000',45.000,'',''),
	('',814,'Tomato grape Chesapeake organic','TOMATO GRAPE CHESAPE',12.0,'ea','TOMATO GRAPE CHESAPEMD','VEG',5246,'','',0.000,'2015-07-02',0.00,27.000,2.250,2.342,2.342,2.342,2.834,2.83,'SP110','','','Y',0.00,0,0.0,0.0,0.0,0,0,0,0,'MD','O','2013-11-25',2.342,'',0,0,0,0.0,2.250,'ALB000',27.000,'',''),
	('',815,'Plums-green gage minimally treated','PLUMS-GREEN GAGE MIN',20.0,'lb','PLUMS-GREEN GAGE MINHEP','FRO',5247,'','',0.000,'2015-02-20',0.00,27.500,1.375,1.430,1.430,1.430,1.730,1.73,'SP110','','','Y',0.00,0,0.0,0.0,0.0,0,0,0,0,'HEP','M','2014-09-24',1.430,'',0,0,0,0.0,1.375,'HEP000',27.500,'',''),
	('',816,'Tydeman, minimally treated','TYDEMAN, MINIMALLY T',38.0,'lb','TYDEMAN, MINIMALLY THEP','FRA',5248,'','',0.000,'2014-08-21',0.00,35.000,0.921,0.950,0.950,0.950,1.150,1.15,'SP110','','','Y',0.00,0,0.0,0.0,0.0,0,0,0,0,'HEP','M','2014-08-21',0.950,'',0,0,0,0.0,0.921,'HEP000',35.000,'',''),
	('',817,'Turnips-bunch various organic','TURNIPS-BUNCH VARIOU',24.0,'bu','TURNIPS-BUNCH VARIOUMIL','VEG',5249,'','',0.000,'2015-07-07',0.00,48.000,2.000,2.046,2.046,2.046,2.476,2.48,'SP110','','','Y',0.00,0,0.0,0.0,0.0,0,0,0,0,'MIL','O','2014-11-20',2.046,'',1,0,0,0.0,2.000,'BLU000',48.000,'','TURNIPS FACE OUT'),
	('',818,'Broccoli-purple, loose, organic','BROCCOLI-PURPLE, LOO',20.0,'lb','BROCCOLI-PURPLE, LOOLAN','VEG',5250,'','',0.000,'2015-06-29',0.00,36.000,1.800,1.855,1.855,1.855,2.245,2.25,'SP110','','','Y',0.00,0,0.0,0.0,0.0,0,0,0,0,'LAN','O','2015-06-29',1.855,'',0,0,0,0.0,1.800,'LAN000',36.000,'',''),
	('',819,'Tomatoes-on vine, label organic','TOMATOES-ON VINE, LA',11.0,'lb','TOMATOES-ON VINE, LAMEX','VEG',5251,'','',0.000,'2015-07-06',0.00,22.000,2.000,2.100,2.100,2.100,2.541,2.54,'SP110','','','Y',0.00,0,0.0,0.0,0.0,0,0,0,0,'MEX','O','2015-07-06',2.100,'',0,0,0,0.0,2.000,'ALB000',22.000,'','2 BOXES HIGH'),
	('',820,'Ground Cherry organic','GROUND CHERRY ORGANI',12.0,'ea','GROUND CHERRY ORGANILOC','FRO',5252,'','',0.000,'2014-11-12',0.00,36.000,3.000,3.092,3.092,3.092,3.741,3.74,'SP110','','','Y',0.00,0,0.0,0.0,0.0,0,0,0,0,'LOC','O','2014-11-12',3.092,'',1,0,0,0.0,3.000,'HEP000',36.000,'',''),
	('',822,'Watermelon-seedless','WATERMELON-SEEDLESS',50.0,'lb','WATERMELON-SEEDLESSPAN','FRO',5254,'','',0.000,'2014-08-28',0.00,23.750,0.475,0.485,0.485,0.485,0.587,0.59,'SP50','','','Y',0.00,0,0.0,0.0,0.0,0,0,0,0,'PAN','R','2014-08-28',0.485,'',0,0,0,0.0,0.475,'LAN000',23.750,'',''),
	('',823,'Shallots-loose, label organic','SHALLOTS-LOOSE, LABE',20.0,'lb','SHALLOTS-LOOSE, LABEUSA','VEG',5255,'org white label','',0.000,'2015-07-06',0.00,55.300,2.765,2.820,2.840,2.840,3.436,3.44,'SP110','UNIT02','','Y',276.50,0,3.0,2.0,5.0,0,1,0,0,'USA','O','2014-11-28',2.840,'',0,1,0,0.0,2.765,'ALB000',55.300,'',''),
	('',824,'Fava bean tendrils, organic','FAVA BEAN TENDRILS,',3.0,'lb','FAVA BEAN TENDRILS,LAN','VEG',5256,'','',0.000,'2011-08-03',0.00,26.000,8.667,9.034,9.034,9.034,10.931,10.93,'SP110','','','Y',0.00,0,0.0,0.0,0.0,0,0,0,0,'LAN','O','2011-08-03',9.034,'',1,0,0,0.0,8.667,'LAN000',26.000,'',''),
	('',825,'Watercress-upland type','WATERCRESS-UPLAND TY',12.0,'ea','WATERCRESS-UPLAND TYUSA','VEG',5257,'','',0.000,'2015-07-06',0.00,20.000,1.667,1.759,1.759,1.759,2.128,2.13,'SP110','','','Y',90.00,0,4.0,0.5,4.5,0,1,0,0,'USA','P','2015-06-10',1.759,'',1,1,0,0.0,1.667,'ALB000',20.000,'','DISPLAY STANDING UP'),
	('',827,'Fieldcress-baby, organic','FIELDCRESS-BABY, ORG',10.0,'lb','FIELDCRESS-BABY, ORGHEP','VEG',5259,'','',0.000,'2005-05-20',0.00,30.000,3.000,3.110,3.110,3.110,3.763,3.76,'SP110','','','Y',0.00,0,0.0,0.0,0.0,0,0,0,0,'HEP','O','2005-05-20',3.110,'',0,0,0,0.0,3.000,'HEP000',30.000,'',''),
	('',828,'Greens-yukina savoy baby organic','GREENS-YUKINA SAVOY',4.0,'lb','GREENS-YUKINA SAVOYHEP','VEG',5260,'','',0.000,'2014-04-22',0.00,24.000,6.000,6.275,6.275,6.275,7.593,7.59,'SP110','','','Y',0.00,0,0.0,0.0,0.0,0,0,0,0,'HEP','O','2013-04-25',6.275,'',0,0,0,0.0,6.000,'HEP000',24.000,'',''),
	('',829,'Mangoes-Haitian, organic','MANGOES-HAITIAN, ORG',10.0,'lb','MANGOES-HAITIAN, ORGHAI','FRO',5261,'','',0.000,'2015-07-01',0.00,9.000,0.900,1.280,1.280,1.280,1.549,1.55,'SP110','','','Y',0.00,0,0.0,0.0,0.0,0,0,0,0,'HAI','O','2015-06-05',1.280,'',1,0,0,0.0,1.170,'JED270',11.700,'','DISPLAY IN BOX DO NOT MOUND'),
	('',830,'Blueberries.','BLUEBERRIES.',12.0,'ea','BLUEBERRIES.MEX','FRO',5262,'','',0.000,'2015-07-07',0.00,36.000,3.000,3.192,3.192,3.192,3.862,3.86,'SP50','','','Y',0.00,0,0.0,0.0,0.0,0,0,0,0,'MEX','R','2015-06-19',3.192,'',0,0,0,0.0,3.150,'JED180',37.800,'','2 WIDE'),
	('',831,'Tomatoes-cocktail backyard farm','TOMATOES-COCKTAIL BA',12.0,'ea','TOMATOES-COCKTAIL BAME','VEG',5263,'','',0.000,'2015-07-06',0.00,30.000,2.500,2.542,2.542,2.542,3.076,3.08,'SP50','','','Y',723.00,0,24.0,0.1,24.1,0,1,0,0,'ME','R','2015-05-18',2.542,'',1,1,0,0.0,2.500,'BAL000',30.000,'',''),
	('',832,'Rambutan','RAMBUTAN',5.0,'lb','RAMBUTANCOS','FRO',5264,'','',0.000,'2014-10-16',0.00,12.000,2.400,2.860,2.860,2.860,3.461,3.46,'SP50','','','Y',0.00,0,0.0,0.0,0.0,0,0,0,0,'COS','R','2014-10-16',2.860,'',0,0,0,0.0,2.760,'JED180',13.800,'',''),
	('',833,'Walnuts-in the shell','WALNUTS-IN THE SHELL',50.0,'lb','WALNUTS-IN THE SHELLUSA','NUT',5265,'','',0.000,'2015-05-04',0.00,160.000,3.200,3.282,3.282,3.282,3.971,3.97,'SP50','','','Y',0.00,0,0.0,0.0,0.0,0,0,0,0,'USA','R','2015-05-04',3.282,'',0,0,0,0.0,3.272,'JED360',163.600,'','PLU-4943'),
	('',834,'Grapes-concord quarts','GRAPES-CONCORD QUART',9.0,'ea','GRAPES-CONCORD QUARTFIN','FRO',5266,'','',0.000,'2014-11-24',0.00,17.000,1.889,1.945,1.945,1.945,2.353,2.35,'SP50','','','Y',0.00,0,0.0,0.0,0.0,0,0,0,0,'FIN','R','2014-11-24',1.945,'',0,0,0,0.0,1.889,'HEP000',17.000,'','2 WIDE'),
	('',835,'Greens-ovation mix organic','GREENS-OVATION MIX O',4.0,'lb','GREENS-OVATION MIX OHEP','VEG',5267,'','',0.000,'2014-04-22',0.00,24.000,6.000,6.275,6.275,6.275,7.593,7.59,'SP110','','','Y',0.00,0,0.0,0.0,0.0,0,0,0,0,'HEP','O','2013-03-11',6.275,'',0,0,0,0.0,6.000,'HEP000',24.000,'',''),
	('',838,'Kaffir lime leaves, organic','KAFFIR LIME LEAVES,',10.0,'ea','KAFFIR LIME LEAVES,USA','VEG',5270,'','',0.000,'2009-07-01',0.00,36.000,3.600,3.710,3.710,3.710,4.489,4.49,'SP110','','','Y',0.00,0,0.0,0.0,0.0,0,0,0,0,'USA','O','2009-07-01',3.710,'',0,0,0,0.0,3.600,'FOR000',36.000,'',''),
	('',839,'Tangerine- organic','TANGERINE- ORGANIC',20.0,'lb','TANGERINE- ORGANICUSA','FRC',5271,'','',0.000,'2015-01-06',0.00,36.000,1.800,1.855,1.855,1.855,2.245,2.25,'SP110','','','Y',0.00,0,0.0,0.0,0.0,0,0,0,0,'USA','OW','2015-01-06',1.855,'',0,0,0,0.0,1.800,'ALB000',36.000,'',''),
	('',840,'Squash-baby, organic','SQUASH-BABY, ORGANIC',5.0,'lb','SQUASH-BABY, ORGANICLOC','VEG',5272,'','',0.000,'2012-06-21',0.00,18.000,3.600,3.820,3.820,3.820,4.622,4.62,'SP110','','','Y',0.00,0,0.0,0.0,0.0,0,0,0,0,'LOC','O','2012-06-21',3.820,'',0,0,0,0.0,3.600,'LAN000',18.000,'',''),
	('',841,'Squash-yellow stripe organic','SQUASH-YELLOW STRIPE',25.0,'lb','SQUASH-YELLOW STRIPEHEP','VEG',5273,'','',0.000,'2015-07-08',0.00,30.000,1.200,1.244,1.244,1.244,1.505,1.51,'SP110','','','Y',123.00,0,4.0,0.1,4.1,0,1,0,0,'HEP','O','2015-07-06',1.244,'',0,1,0,0.0,1.200,'HEP000',30.000,'','1 WIDE'),
	('',842,'Mushrooms-portabello no stems organ','MUSHROOMS-PORTABELLO',3.5,'lb','MUSHROOMS-PORTABELLOPA','VEG',5274,'','',0.000,'2015-06-23',0.00,13.000,3.714,5.057,5.057,5.057,6.119,6.12,'SP110','','','Y',1.66,0,0.0,0.1,0.1,0,1,0,0,'PA','O','2014-03-03',5.057,'',1,1,0,0.0,4.743,'JED360',16.600,'','PAY MORE WHEN YOU REMOVE STEMS'),
	('',843,'Zeigler Apple Cider','ZEIGLER APPLE CIDER',9.0,'ea','ZEIGLER APPLE CIDERUSA','ZZZ',5275,'','',0.000,'2014-09-07',0.00,29.000,3.222,3.222,3.222,3.222,3.899,3.90,'','','','Y',0.00,0,0.0,0.0,0.0,0,0,0,0,'USA','O','2014-09-07',3.222,'',1,1,0,0.0,3.222,'ALB000',29.000,'',''),
	('',844,'Volcano lemon shots 46024','VOLCANO LEMON SHOTS',24.0,'ea','VOLCANO LEMON SHOTSUSA','ZZZ',5276,'','',0.000,'2012-10-07',0.00,24.000,1.000,1.000,1.000,1.000,1.210,1.21,'','','','Y',0.00,0,0.0,0.0,0.0,0,0,0,0,'USA','O','2012-10-07',1.000,'',1,1,0,0.0,1.000,'FOR000',24.000,'',''),
	('',845,'Burdock-10 oz bags, organic','BURDOCK-10 OZ BAGS,',16.0,'ea','BURDOCK-10 OZ BAGS,USA','VEG',5277,'','',0.000,'2012-04-12',0.00,46.000,2.875,2.875,2.875,2.875,3.479,3.48,'','','','Y',0.00,0,0.0,0.0,0.0,0,0,0,0,'USA','O','2012-04-12',2.875,'',1,0,0,0.0,2.875,'ALB000',46.000,'',''),
	('',846,'Candycrisp, minimally treated','CANDYCRISP, MINIMALL',38.0,'lb','CANDYCRISP, MINIMALLHEP','FRA',5278,'','',0.000,'2015-06-24',0.00,35.000,0.921,0.950,0.950,0.950,1.150,1.15,'SP110','','','Y',0.00,0,0.0,0.0,0.0,0,0,0,0,'HEP','M','2015-06-24',0.950,'',0,0,0,0.0,0.921,'HEP000',35.000,'',''),
	('',847,'Squash-musque de provence, organic','SQUASH-MUSQUE DE PRO',35.0,'lb','SQUASH-MUSQUE DE PROLAN','VEG',5279,'','',0.000,'2011-11-22',0.00,30.000,0.857,0.888,0.888,0.888,1.074,1.07,'SP110','','','Y',0.00,0,0.0,0.0,0.0,0,0,0,0,'LAN','O','2011-11-22',0.888,'',0,0,0,0.0,0.857,'LAN000',30.000,'',''),
	('',848,'Tomato grape sunripe organic','TOMATO GRAPE SUNRIPE',12.0,'ea','TOMATO GRAPE SUNRIPEUSA','VEG',5280,'','',0.000,'2015-07-02',0.00,28.500,2.375,2.467,2.467,2.467,2.985,2.99,'SP110','','','Y',0.00,0,0.0,0.0,0.0,0,0,0,0,'USA','O','2014-05-19',2.467,'',1,0,0,0.0,2.375,'ALB000',28.500,'','ORGANIC'),
	('',849,'Volcano juice-blood orange organic','VOLCANO JUICE-BLOOD',6.0,'ea','VOLCANO JUICE-BLOODUSA','ZZZ',5281,'','',0.000,'2012-01-23',0.00,23.730,3.955,3.955,3.955,3.955,4.786,4.79,'','','','Y',0.00,0,0.0,0.0,0.0,0,0,0,0,'USA','O','2012-01-23',3.955,'',1,1,0,0.0,3.955,'ALB000',23.730,'',''),
	('',850,'Grapes-cotton candy green organic','GRAPES-COTTON CANDY',18.0,'lb','GRAPES-COTTON CANDYMEX','FRO',5282,'','',0.000,'2015-06-23',0.00,53.300,2.961,3.022,3.022,3.022,3.657,3.66,'SP110','','','Y',0.00,0,0.0,0.0,0.0,0,0,0,0,'MEX','O','2015-06-23',3.022,'',1,0,0,0.0,2.961,'ALB000',53.300,'',''),
	('',851,'Apricots-quart cup, organic','APRICOTS-QUART CUP,',16.0,'ea','APRICOTS-QUART CUP,USA','FRO',5283,'','',0.000,'2015-07-03',0.00,56.000,3.500,3.569,3.569,3.569,4.318,4.32,'SP110','','','Y',0.00,0,0.0,0.0,0.0,0,0,0,0,'USA','O','2015-07-03',3.569,'',1,0,0,0.0,3.500,'BAL000',56.000,'',''),
	('',852,'Cucumber-white, organic','CUCUMBER-WHITE, ORGA',20.0,'lb','CUCUMBER-WHITE, ORGALAN','VEG',5284,'','',0.000,'2015-07-08',0.00,38.000,1.900,1.955,1.955,1.955,2.366,2.37,'SP110','','','Y',421.80,0,11.0,0.1,11.1,0,1,0,0,'LAN','O','2015-06-16',1.955,'',0,1,0,0.0,1.900,'LAN000',38.000,'','SMALL SPOT'),
	('',853,'Nectarines-white donut, organic','NECTARINES-WHITE DON',14.0,'lb','NECTARINES-WHITE DONUSA','FRO',5285,'','',0.000,'2014-08-27',0.00,38.000,2.714,2.793,2.793,2.793,3.380,3.38,'SP110','','','Y',0.00,0,0.0,0.0,0.0,0,0,0,0,'USA','O','2009-07-13',2.793,'',0,0,0,0.0,2.714,'ALB000',38.000,'',''),
	('',854,'Beans-French, in bags','BEANS-FRENCH, IN BAG',12.0,'ea','BEANS-FRENCH, IN BAGPER','VEG',5286,'','',0.000,'2010-03-25',0.00,22.000,1.833,1.875,1.875,1.875,2.269,2.27,'SP50','','','Y',0.00,0,0.0,0.0,0.0,0,0,0,0,'PER','R','2010-03-25',1.875,'',0,0,0,0.0,1.833,'BAL000',22.000,'',''),
	('',855,'Kiwi berries-organic','KIWI BERRIES-ORGANIC',12.0,'ea','KIWI BERRIES-ORGANICPA','FRO',5287,'','',0.000,'2014-11-13',0.00,45.000,3.750,3.842,3.842,3.842,4.649,4.65,'SP110','','','Y',0.00,0,0.0,0.0,0.0,0,0,0,0,'PA','O','2014-11-13',3.842,'',0,0,0,0.0,3.750,'FOR000',45.000,'',''),
	('',856,'Beans-romano organic','BEANS-ROMANO ORGANIC',10.0,'lb','BEANS-ROMANO ORGANICLOC','VEG',5288,'','',0.000,'2015-07-08',0.00,30.000,3.000,3.110,3.110,3.110,3.763,3.76,'SP110','','','Y',0.00,0,0.0,0.0,0.0,0,0,0,0,'LOC','O','2015-07-08',3.110,'',0,0,0,0.0,3.000,'LAN000',30.000,'',''),
	('',857,'Andrew&Everett cheddar-sliced','ANDREW&EVERETT CHEDD',12.0,'ea','ANDREW&EVERETT CHEDDUSA','ZZZ',5289,'','',0.000,'2012-01-23',0.00,28.560,2.380,2.380,2.380,2.380,2.880,2.88,'','','','Y',0.00,0,0.0,0.0,0.0,0,0,0,0,'USA','O','2012-01-23',2.380,'',1,1,0,0.0,2.380,'ALB000',28.560,'',''),
	('',858,'Andrew&Everett provolone-sliced','ANDREW&EVERETT PROVO',12.0,'ea','ANDREW&EVERETT PROVOUSA','ZZZ',5290,'','',0.000,'2012-01-23',0.00,28.560,2.380,2.380,2.380,2.380,2.880,2.88,'','','','Y',0.00,0,0.0,0.0,0.0,0,0,0,0,'USA','O','2012-01-23',2.380,'',1,1,0,0.0,2.380,'ALB000',28.560,'',''),
	('',859,'Longans','LONGANS',10.0,'lb','LONGANSFL','FRO',5291,'','',0.000,'2013-09-10',0.00,44.500,4.450,4.500,4.500,4.500,5.445,5.45,'SP50','','','Y',0.00,0,0.0,0.0,0.0,0,0,0,0,'FL','R','2013-09-10',4.500,'',0,0,0,0.0,4.450,'BAL000',44.500,'',''),
	('',860,'Tangerine-sunburst 5 lb box, organic','TANGERINE-SUNBURST 5',1.0,'ea','TANGERINE-SUNBURST 5FL','FRC',5292,'','',0.000,'2012-12-31',0.00,7.000,7.000,7.000,7.000,7.000,8.470,8.47,'','','','Y',0.00,0,0.0,0.0,0.0,0,0,0,0,'FL','O','2012-12-31',7.000,'',0,0,0,0.0,7.000,'ALB000',7.000,'',''),
	('',861,'Tomatoes-heirloom flora IPM','TOMATOES-HEIRLOOM FL',15.0,'lb','TOMATOES-HEIRLOOM FLLI','VEG',5293,'','',0.000,'2015-07-03',0.00,45.000,3.000,3.033,3.033,3.033,3.670,3.67,'SP50','','','Y',0.00,0,0.0,0.0,0.0,0,0,0,0,'LI','I','2015-07-03',3.033,'',0,0,0,0.0,3.000,'FLN000',45.000,'',''),
	('',862,'Tarragon-organic','TARRAGON-ORGANIC',28.0,'ea','TARRAGON-ORGANICPAR','VEG',5294,'','',0.000,'2008-04-18',0.00,14.000,0.500,0.539,0.539,0.539,0.652,0.65,'SP110','','','Y',0.00,0,0.0,0.0,0.0,0,0,0,0,'PAR','O','2008-04-18',0.539,'',0,0,0,0.0,0.500,'FOR000',14.000,'',''),
	('',863,'Fuji-3#bag, organic','FUJI-3#BAG, ORGANIC',12.0,'ea','FUJI-3#BAG, ORGANICUSA','FRA',5295,'','',0.000,'2015-05-21',0.00,54.500,4.542,4.634,4.634,4.634,5.607,5.61,'SP110','','','Y',0.00,0,0.0,0.0,0.0,0,0,0,0,'USA','O','2015-05-21',4.634,'',0,0,0,0.0,4.542,'FOR000',54.500,'',''),
	('',864,'Kale-purple loose organic','KALE-PURPLE LOOSE OR',7.5,'lb','KALE-PURPLE LOOSE ORHEP','VEG',5296,'','',0.000,'2015-05-22',0.00,17.000,2.267,2.414,2.414,2.414,2.921,2.92,'SP110','','','Y',0.00,0,0.0,0.0,0.0,0,0,0,0,'HEP','O','2014-05-14',2.414,'',0,0,0,0.0,2.267,'LAN000',17.000,'',''),
	('',866,'Basil-loose, organic','BASIL-LOOSE, ORGANIC',3.0,'lb','BASIL-LOOSE, ORGANICNY','VEG',5298,'','',0.000,'2014-09-26',0.00,24.000,8.000,8.367,8.367,8.367,10.124,10.12,'SP110','','','Y',0.00,0,0.0,0.0,0.0,0,0,0,0,'NY','O','2014-09-26',8.367,'',0,0,0,0.0,8.000,'FLO000',24.000,'',''),
	('',867,'Red Jacket Fuji Apple Juice','RED JACKET FUJI APPL',8.0,'ea','RED JACKET FUJI APPLUSA','ZZZ',5299,'','',0.000,'2012-06-27',0.00,17.000,2.125,2.125,2.125,2.125,2.571,2.57,'','','','Y',0.00,0,0.0,0.0,0.0,0,0,0,0,'USA','R','2011-01-30',2.125,'',0,0,0,0.0,2.125,'BLM000',17.000,'',''),
	('',868,'NatbyNat  two% qt milk','NATBYNAT  TWO% QT MI',12.0,'ea','NATBYNAT  TWO% QT MIUSA','ZZZ',5300,'','',0.000,'2012-01-23',0.00,21.650,1.804,1.804,1.804,1.804,2.183,2.18,'','','','Y',0.00,0,0.0,0.0,0.0,0,0,0,0,'USA','O','2012-01-23',1.804,'',0,0,0,0.0,1.804,'ALB000',21.650,'',''),
	('',869,'Zeigler\'s Lemonade','ZEIGLER\'S LEMONADE',9.0,'ea','ZEIGLER\'S LEMONADEUSA','ZZZ',5301,'','',0.000,'2011-09-04',0.00,20.000,2.222,2.222,2.222,2.222,2.689,2.69,'','','','Y',0.00,0,0.0,0.0,0.0,0,0,0,0,'USA','O','2011-09-04',2.222,'',0,0,0,0.0,2.222,'ALB000',20.000,'',''),
	('',870,'Mushroom-porcini','MUSHROOM-PORCINI',5.0,'lb','MUSHROOM-PORCINIUSA','VEG',5302,'','',0.000,'2015-06-10',0.00,90.000,18.000,18.220,18.220,18.220,22.046,22.05,'SP110','','','Y',0.00,0,0.0,0.0,0.0,0,0,0,0,'USA','R','2015-06-10',18.220,'',0,0,0,0.0,18.000,'IRW000',90.000,'',''),
	('',871,'Ginger.','GINGER.',30.0,'lb','GINGER.HAW','VEG',5303,'refrigerate','',0.000,'2015-06-05',0.00,75.000,2.500,2.517,2.517,2.517,3.046,3.05,'SP50','','','Y',0.00,0,0.0,0.0,0.0,0,0,0,0,'HAW','R','2013-04-18',2.517,'',0,0,0,0.0,2.500,'FOR000',75.000,'',''),
	('',873,'Potatoes-10 lb bag white, organic','POTATOES-10 LB BAG W',3.0,'ea','POTATOES-10 LB BAG WHEP','VEG',5305,'','',0.000,'2010-02-25',0.00,12.000,4.000,4.367,4.367,4.367,5.284,5.28,'SP110','','','Y',0.00,0,0.0,0.0,0.0,0,0,0,0,'HEP','O','2010-02-25',4.367,'',0,0,0,0.0,4.000,'HEP000',12.000,'',''),
	('',874,'Passion fruit-organic','PASSION FRUIT-ORGANI',4.3,'lb','PASSION FRUIT-ORGANIUSA','FRO',5306,'','',0.000,'2015-01-30',0.00,54.000,12.558,13.651,13.651,13.651,16.518,16.52,'SP110','','','Y',0.00,0,0.0,0.0,0.0,0,0,0,0,'USA','O','2015-01-21',13.651,'',0,0,0,0.0,13.395,'JED360',57.600,'','DISPLAY IN TRAY DO NOT MOUND'),
	('',875,'Greens-kale purple baby organic','GREENS-KALE PURPLE B',3.0,'lb','GREENS-KALE PURPLE BLAN','VEG',5307,'','',0.000,'2014-04-22',0.00,24.000,8.000,8.367,8.367,8.367,10.124,10.12,'SP110','','','Y',0.00,0,0.0,0.0,0.0,0,0,0,0,'LAN','O','2014-04-18',8.367,'',0,0,0,0.0,8.000,'LAN000',24.000,'',''),
	('',876,'Dandelions greens, wild, organic','DANDELIONS GREENS, W',3.0,'lb','DANDELIONS GREENS, WLOC','VEG',5308,'','',0.000,'2015-06-03',0.00,21.000,7.000,7.367,7.367,7.367,8.914,8.91,'SP110','','','Y',0.00,0,0.0,0.0,0.0,0,0,0,0,'LOC','O','2014-09-16',7.367,'',0,0,0,0.0,7.000,'LAN000',21.000,'',''),
	('',877,'Greens-beet greens baby organic','GREENS-BEET GREENS B',4.0,'lb','GREENS-BEET GREENS BHEP','VEG',5309,'','',0.000,'2015-05-27',0.00,26.000,6.500,6.775,6.775,6.775,8.198,8.20,'SP110','','','Y',0.00,0,0.0,0.0,0.0,0,0,0,0,'HEP','O','2015-05-27',6.775,'',0,0,0,0.0,6.500,'HEP000',26.000,'',''),
	('',878,'Spinach local savoy loose organic','SPINACH LOCAL SAVOY',15.0,'lb','SPINACH LOCAL SAVOYLOC','VEG',5310,'','',0.000,'2015-06-29',0.00,50.000,3.333,3.406,3.406,3.406,4.121,4.12,'SP110','','','Y',0.00,0,0.0,0.0,0.0,0,0,0,0,'LOC','O','2015-06-29',3.406,'',0,0,0,0.0,3.333,'BLU000',50.000,'','DISPLAY IN CRATE OUT OF BAG'),
	('',879,'Greens-chard young organic','GREENS-CHARD YOUNG O',15.0,'lb','GREENS-CHARD YOUNG OLAN','VEG',5311,'','',0.000,'2015-07-06',0.00,65.000,4.333,4.406,4.406,4.406,5.331,5.33,'SP110','','','Y',136.50,0,2.0,0.1,2.1,0,1,0,0,'LAN','O','2015-07-03',4.406,'',0,1,0,0.0,4.333,'LAN000',65.000,'',''),
	('',880,'Salsify','SALSIFY',11.0,'lb','SALSIFYBEL','VEG',5312,'','',0.000,'2014-08-15',0.00,29.000,2.636,2.681,2.681,2.681,3.244,3.24,'SP50','','','Y',0.00,0,0.0,0.0,0.0,0,0,0,0,'BEL','R','2012-11-02',2.681,'',0,0,0,0.0,2.636,'BAL000',29.000,'',''),
	('',881,'Nettles (stinging), 4oz organic','NETTLES (STINGING),',12.0,'ea','NETTLES (STINGING),LAN','VEG',5313,'plain twisties','',0.000,'2015-05-28',0.00,32.000,2.667,2.759,2.759,2.759,3.338,3.34,'SP110','','','Y',0.00,0,0.0,0.0,0.0,0,0,0,0,'LAN','O','2015-05-28',2.759,'',1,0,0,0.0,2.667,'LAN000',32.000,'',''),
	('',886,'Geraniums-hanging basket, organic','GERANIUMS-HANGING BA',1.0,'ea','GERANIUMS-HANGING BALAN','PLA',5318,'','',0.000,'2010-04-14',0.00,10.000,10.000,11.100,11.100,11.100,13.431,13.43,'SP110','','','Y',0.00,0,0.0,0.0,0.0,0,0,0,0,'LAN','O','2009-05-05',11.100,'',0,0,0,0.0,10.000,'LAN000',10.000,'',''),
	('',887,'Petunias-4\" pot, organic','PETUNIAS-4\" POT, ORG',15.0,'ea','PETUNIAS-4\" POT, ORGMAR','PLA',5319,'','',0.000,'2010-04-14',0.00,48.000,3.200,3.273,3.273,3.273,3.960,3.96,'SP110','','','Y',0.00,0,0.0,0.0,0.0,0,0,0,0,'MAR','O','2010-04-12',3.273,'',0,0,0,0.0,3.200,'ANG000',48.000,'',''),
	('',889,'Figs-black, each fig','FIGS-BLACK, EACH FIG',24.0,'ea','FIGS-BLACK, EACH FIGUSA','FRO',5321,'','',0.000,'2013-09-04',0.00,6.000,0.250,0.346,0.346,0.346,0.419,0.42,'SP50','','','Y',0.00,0,0.0,0.0,0.0,0,0,0,0,'USA','R','2010-07-08',0.346,'',1,0,0,0.0,0.325,'JED180',7.800,'',''),
	('',890,'Asparagus-white','ASPARAGUS-WHITE',11.0,'lb','ASPARAGUS-WHITEPER','VEG',5322,'','',0.000,'2011-12-05',0.00,21.000,1.909,1.954,1.954,1.954,2.364,2.36,'SP50','','','Y',0.00,0,0.0,0.0,0.0,0,0,0,0,'PER','R','2010-06-01',1.954,'',0,0,0,0.0,1.909,'BAL000',21.000,'',''),
	('',891,'Tomato cherry open pint local organic','TOMATO CHERRY OPEN P',12.0,'ea','TOMATO CHERRY OPEN PHEP','VEG',5323,'','',0.000,'2015-07-08',0.00,28.000,2.333,2.425,2.425,2.425,2.934,2.93,'SP110','','','Y',0.00,0,0.0,0.0,0.0,0,0,0,0,'HEP','O','2015-07-08',2.425,'',1,0,0,0.0,2.333,'HEP000',28.000,'',''),
	('',892,'Onions-spring loose, organic','ONIONS-SPRING LOOSE,',40.0,'lb','ONIONS-SPRING LOOSE,LAN','VEG',5324,'','',0.000,'2015-07-06',0.00,40.000,1.000,1.028,1.028,1.028,1.244,1.24,'SP110','','','Y',480.00,0,10.0,2.0,12.0,0,1,0,0,'LAN','O','2015-06-30',1.028,'',0,1,0,0.0,1.000,'LAN000',40.000,'',''),
	('',893,'Pears-bartlett organic','PEARS-BARTLETT ORGAN',40.0,'lb','PEARS-BARTLETT ORGANARG','FRO',5325,'','',0.000,'2015-07-03',0.00,27.000,0.675,0.703,0.703,0.703,0.851,0.85,'SP110','','','Y',0.00,0,0.0,0.0,0.0,0,0,0,0,'ARG','O','2015-05-04',0.703,'',0,0,0,0.0,0.675,'ANG000',27.000,'',''),
	('',894,'Melon-bitter organic','MELON-BITTER ORGANIC',25.0,'lb','MELON-BITTER ORGANICHEP','VEG',5326,'','',0.000,'2014-09-10',0.00,25.000,1.000,1.044,1.044,1.044,1.263,1.26,'SP110','','','Y',0.00,0,0.0,0.0,0.0,0,0,0,0,'HEP','O','2014-09-10',1.044,'',0,0,0,0.0,1.000,'HEP000',25.000,'',''),
	('',895,'Salad-spicy greens, 5oz cup organic','SALAD-SPICY GREENS,',24.0,'ea','SALAD-SPICY GREENS,REM','VEG',5327,'','',0.000,'2015-07-06',0.00,66.000,2.750,2.796,2.796,2.796,3.383,3.38,'SP110','','','Y',363.00,0,5.0,0.5,5.5,0,1,0,0,'REM','O','2015-06-26',2.796,'',0,1,0,0.0,2.750,'REM000',66.000,'','2 WIDE'),
	('',897,'Broccoflower-organic','BROCCOFLOWER-ORGANIC',20.0,'lb','BROCCOFLOWER-ORGANICFLO','VEG',5329,'','',0.000,'2011-12-15',0.00,32.000,1.600,1.655,1.655,1.655,2.003,2.00,'SP110','','','Y',0.00,0,0.0,0.0,0.0,0,0,0,0,'FLO','O','2011-12-02',1.655,'',0,0,0,0.0,1.600,'LAN000',32.000,'',''),
	('',898,'Onions-pearl, bags organic','ONIONS-PEARL, BAGS O',12.0,'ea','ONIONS-PEARL, BAGS OUSA','VEG',5330,'','',0.000,'2015-02-16',0.00,33.900,2.825,2.917,2.917,2.917,3.530,3.53,'SP110','','','Y',0.00,0,0.0,0.0,0.0,0,0,0,0,'USA','O','2015-02-16',2.917,'',0,0,0,0.0,2.825,'ALB000',33.900,'',''),
	('',899,'Corn-non-GMO','CORN-NON-GMO',48.0,'ea','CORN-NON-GMOGA','VEG',5331,'','',0.000,'2015-07-07',0.00,15.500,0.323,0.333,0.333,0.333,0.403,0.40,'SP50','','','Y',0.00,0,0.0,0.0,0.0,0,0,0,0,'GA','R','2015-07-07',0.333,'',1,0,0,0.0,0.323,'FOR000',15.500,'','2 WIDE'),
	('',900,'Peppers-mini sweet loose organic','PEPPERS-MINI SWEET L',15.0,'lb','PEPPERS-MINI SWEET LLOC','VEG',5332,'','',0.000,'2015-06-22',0.00,60.000,4.000,4.073,4.073,4.073,4.928,4.93,'SP110','','','Y',0.00,0,0.0,0.0,0.0,0,0,0,0,'LOC','O','2015-06-22',4.073,'',0,0,0,0.0,4.000,'GRI000',60.000,'',''),
	('',901,'Broccolini-organic','BROCCOLINI-ORGANIC',18.0,'bu','BROCCOLINI-ORGANICMEU','VEG',5333,'','',0.000,'2015-07-08',0.00,28.000,1.556,1.617,1.617,1.617,1.957,1.96,'SP110','','','Y',170.80,0,6.0,0.1,6.1,0,1,0,0,'MEU','O','2015-07-07',1.617,'',1,1,0,0.0,1.556,'FOR000',28.000,'','2 WIDE'),
	('',902,'Tomato cherry on vine organic','TOMATO CHERRY ON VIN',12.0,'ea','TOMATO CHERRY ON VINMEX','VEG',5334,'','',0.000,'2015-07-02',0.00,42.600,3.550,3.642,3.642,3.642,4.407,4.41,'SP110','','','Y',0.00,0,0.0,0.0,0.0,0,0,0,0,'MEX','O','2015-06-26',3.642,'',0,0,0,0.0,3.550,'ALB000',42.600,'',''),
	('',903,'Carrots-loose cosmic red, organic','CARROTS-LOOSE COSMIC',25.0,'lb','CARROTS-LOOSE COSMICFLO','VEG',5335,'','',0.000,'2014-11-14',0.00,30.000,1.200,1.244,1.244,1.244,1.505,1.51,'SP110','','','Y',0.00,0,0.0,0.0,0.0,0,0,0,0,'FLO','O','2013-09-03',1.244,'',0,0,0,0.0,1.200,'FLO000',30.000,'',''),
	('',904,'Collards-loose, organic','COLLARDS-LOOSE, ORGA',15.0,'lb','COLLARDS-LOOSE, ORGAHEP','VEG',5336,'','',0.000,'2013-05-10',0.00,22.500,1.500,1.573,1.573,1.573,1.903,1.90,'SP110','','','Y',0.00,0,0.0,0.0,0.0,0,0,0,0,'HEP','O','2013-05-10',1.573,'',0,0,0,0.0,1.500,'HEP000',22.500,'',''),
	('',905,'Dates-medjool, cups organic','DATES-MEDJOOL, CUPS',22.0,'ea','DATES-MEDJOOL, CUPSUSA','FRO',5337,'','',0.000,'2013-08-14',0.00,86.900,3.950,4.000,4.000,4.000,4.840,4.84,'SP110','','','Y',0.00,0,0.0,0.0,0.0,0,0,0,0,'USA','O','2013-08-14',4.000,'',0,0,0,0.0,3.950,'PYR000',86.900,'',''),
	('',906,'Sweet potato-any organic','SWEET POTATO-ANY ORG',40.0,'lb','SWEET POTATO-ANY ORGUSA','VEG',5338,'','',0.000,'2015-06-21',0.00,53.000,1.325,1.353,1.353,1.353,1.637,1.64,'SP110','','','Y',5.30,0,0.0,0.1,0.1,0,1,0,0,'USA','O','2013-02-04',1.353,'',0,1,0,0.0,1.325,'FOR000',53.000,'',''),
	('',907,'Potato-red (new), organic','POTATO-RED (NEW), OR',20.0,'lb','POTATO-RED (NEW), ORLAN','VEG',5339,'','',0.000,'2014-04-02',0.00,30.000,1.500,1.555,1.555,1.555,1.882,1.88,'SP110','','','Y',0.00,0,0.0,0.0,0.0,0,0,0,0,'LAN','O','2013-07-05',1.555,'',0,0,0,0.0,1.500,'LAN000',30.000,'',''),
	('',908,'Kiwi berries.','KIWI BERRIES.',12.0,'ea','KIWI BERRIES.NEW','FRO',5340,'','',0.000,'2014-09-05',0.00,25.000,2.083,2.125,2.125,2.125,2.571,2.57,'SP50','','','Y',0.00,0,0.0,0.0,0.0,0,0,0,0,'NEW','R','2010-03-31',2.125,'',0,0,0,0.0,2.083,'BAL000',25.000,'',''),
	('',909,'Violas-4\" pot, organic','VIOLAS-4\" POT, ORGAN',15.0,'ea','VIOLAS-4\" POT, ORGANMAR','PLA',5341,'','',0.000,'2010-04-12',0.00,48.000,3.200,3.273,3.273,3.273,3.960,3.96,'SP110','','','Y',0.00,0,0.0,0.0,0.0,0,0,0,0,'MAR','O','2010-04-12',3.273,'',0,0,0,0.0,3.200,'ANG000',48.000,'',''),
	('',911,'Earthbound Carrot Juice Organic','EARTHBOUND CARROT JU',6.0,'ea','EARTHBOUND CARROT JUUSA','ZZZ',5343,'','',0.000,'2014-02-03',0.00,21.000,3.500,3.500,3.500,3.500,4.235,4.24,'','','','Y',0.00,0,0.0,0.0,0.0,0,0,0,0,'USA','O','2014-02-03',3.500,'',0,0,0,0.0,3.500,'BAL000',21.000,'',''),
	('',912,'Arugula plant sleeved, pesticide-free','ARUGULA PLANT SLEEVE',12.0,'ea','ARUGULA PLANT SLEEVENY','VEG',5344,'','',0.000,'2013-04-15',0.00,24.000,2.000,2.092,2.092,2.092,2.531,2.53,'SP110','','','Y',0.00,0,0.0,0.0,0.0,0,0,0,0,'NY','P','2013-04-15',2.092,'',0,0,0,0.0,2.000,'ANG000',24.000,'',''),
	('',913,'Herbs-basil bags, organic','HERBS-BASIL BAGS, OR',24.0,'ea','HERBS-BASIL BAGS, ORMEX','PLA',5345,'','',0.000,'2013-11-29',0.00,40.000,1.667,1.713,1.713,1.713,2.073,2.07,'SP110','','','Y',0.00,0,0.0,0.0,0.0,0,0,0,0,'MEX','O','2013-11-29',1.713,'',0,0,0,0.0,1.667,'LAN000',40.000,'',''),
	('',915,'Vegetable-potted 4 pack, organic','VEGETABLE-POTTED 4 P',8.0,'ea','VEGETABLE-POTTED 4 PMAR','PLA',5347,'','',0.000,'2015-06-12',0.00,19.000,2.375,2.513,2.513,2.513,3.041,3.04,'SP110','','','Y',0.00,0,0.0,0.0,0.0,0,0,0,0,'MAR','O','2015-06-12',2.513,'',1,0,0,0.0,2.375,'ANG000',19.000,'',''),
	('',916,'Watermelon-yellow with seeds organic','WATERMELON-YELLOW WI',35.0,'lb','WATERMELON-YELLOW WIFLO','FRO',5348,'','',0.000,'2014-09-18',0.00,20.000,0.571,0.602,0.602,0.602,0.728,0.73,'SP110','','','Y',0.00,0,0.0,0.0,0.0,0,0,0,0,'FLO','O','2014-09-18',0.602,'',1,0,0,0.0,0.571,'FLO000',20.000,'','Sweet Gem'),
	('',917,'Watercress-wild crafted, loose organic','WATERCRESS-WILD CRAF',3.0,'lb','WATERCRESS-WILD CRAFLAN','VEG',5349,'','',0.000,'2012-05-21',0.00,18.000,6.000,6.367,6.367,6.367,7.704,7.70,'SP110','','','Y',0.00,0,0.0,0.0,0.0,0,0,0,0,'LAN','O','2012-05-21',6.367,'',0,0,0,0.0,6.000,'LAN000',18.000,'',''),
	('',919,'Greens-tatsoi baby organic','GREENS-TATSOI BABY O',3.0,'lb','GREENS-TATSOI BABY OLAN','VEG',5351,'','',0.000,'2014-04-22',0.00,19.000,6.333,6.700,6.700,6.700,8.107,8.11,'SP110','','','Y',0.00,0,0.0,0.0,0.0,0,0,0,0,'LAN','O','2014-03-28',6.700,'',0,0,0,0.0,6.333,'LAN000',19.000,'',''),
	('',920,'Peppers-cherry hot, organic','PEPPERS-CHERRY HOT,',10.0,'lb','PEPPERS-CHERRY HOT,MEX','VEG',5352,'','',0.000,'2015-06-22',0.00,40.000,4.000,4.110,4.110,4.110,4.973,4.97,'SP110','','','Y',0.00,0,0.0,0.0,0.0,0,0,0,0,'MEX','O','2015-06-22',4.110,'',0,0,0,0.0,4.000,'ALB000',40.000,'',''),
	('',921,'Garlic-spring bunch organic','GARLIC-SPRING BUNCH',12.0,'bu','GARLIC-SPRING BUNCHLAN','VEG',5353,'','',0.000,'2015-06-29',0.00,30.000,2.500,2.592,2.592,2.592,3.136,3.14,'SP110','','','Y',0.00,0,0.0,0.0,0.0,0,0,0,0,'LAN','O','2015-06-29',2.592,'',1,0,0,0.0,2.500,'LAN000',30.000,'',''),
	('',922,'Komatsuna-bunch, organic','KOMATSUNA-BUNCH, ORG',24.0,'bu','KOMATSUNA-BUNCH, ORGNY','VEG',5354,'','',0.000,'2014-11-21',0.00,36.000,1.500,1.546,1.546,1.546,1.871,1.87,'SP110','','','Y',0.00,0,0.0,0.0,0.0,0,0,0,0,'NY','O','2014-11-21',1.546,'',0,0,0,0.0,1.500,'HEP000',36.000,'',''),
	('',923,'Greens-Asian mix baby, organic','GREENS-ASIAN MIX BAB',3.0,'lb','GREENS-ASIAN MIX BABLOC','VEG',5355,'','',0.000,'2015-05-19',0.00,12.000,4.000,4.367,4.367,4.367,5.284,5.28,'SP110','','','Y',0.00,0,0.0,0.0,0.0,0,0,0,0,'LOC','O','2015-05-19',4.367,'',0,0,0,0.0,4.000,'FOR000',12.000,'',''),
	('',924,'Garlic-black, bagged (G1D)','GARLIC-BLACK, BAGGED',12.0,'ea','GARLIC-BLACK, BAGGEDCA','VEG',5356,'','',0.000,'2015-07-06',0.00,47.000,3.917,4.009,4.009,4.009,4.851,4.85,'SP110','','','Y',122.20,0,0.0,2.6,2.6,0,1,0,0,'CA','R','2014-10-27',4.009,'',0,1,0,0.0,3.917,'BAL000',47.000,'',''),
	('',925,'Tomatoes-cocoa, 1lb cup','TOMATOES-COCOA, 1LB',10.0,'ea','TOMATOES-COCOA, 1LBMEX','VEG',5357,'','',0.000,'2015-04-02',0.00,29.500,2.950,3.000,3.000,3.000,3.630,3.63,'SP50','','','Y',0.00,0,0.0,0.0,0.0,0,0,0,0,'MEX','R','2015-02-08',3.000,'',0,0,0,0.0,2.950,'ELI000',29.500,'',''),
	('',926,'Cherries-sour, pint minimally treated','CHERRIES-SOUR, PINT',12.0,'ea','CHERRIES-SOUR, PINTHEP','FRO',5358,'','',0.000,'2015-07-07',0.00,30.000,2.500,2.592,2.592,2.592,3.136,3.14,'SP110','','','Y',0.00,0,0.0,0.0,0.0,0,0,0,0,'HEP','M','2015-07-01',2.592,'',1,0,0,0.0,2.500,'HEP000',30.000,'',''),
	('',927,'Cherries-red, organic','CHERRIES-RED, ORGANI',16.0,'lb','CHERRIES-RED, ORGANIWA','FRO',5359,'','',0.000,'2015-07-08',0.00,40.000,2.500,2.569,2.569,2.569,3.108,3.11,'SP110','','','Y',1360.00,0,32.0,2.0,34.0,0,1,0,0,'WA','O','2015-06-02',2.569,'',0,1,0,0.0,2.500,'ALB000',40.000,'',''),
	('',929,'Beans-Chinese red noodle, organic','BEANS-CHINESE RED NO',10.0,'lb','BEANS-CHINESE RED NOLAN','VEG',5361,'','',0.000,'2014-07-08',0.00,28.000,2.800,2.910,2.910,2.910,3.521,3.52,'SP110','','','Y',0.00,0,0.0,0.0,0.0,0,0,0,0,'LAN','O','2012-08-08',2.910,'',0,0,0,0.0,2.800,'BLU000',28.000,'',''),
	('',930,'Beans-mixed, organic','BEANS-MIXED, ORGANIC',25.0,'lb','BEANS-MIXED, ORGANICBLU','VEG',5362,'','',0.000,'2014-10-01',0.00,75.000,3.000,3.044,3.044,3.044,3.683,3.68,'SP110','','','Y',0.00,0,0.0,0.0,0.0,0,0,0,0,'BLU','O','2014-10-01',3.044,'',0,0,0,0.0,3.000,'BLU000',75.000,'',''),
	('',931,'Peaches-donut white, minimally treated','PEACHES-DONUT WHITE,',20.0,'lb','PEACHES-DONUT WHITE,HEP','FRO',5363,'','',0.000,'2015-06-08',0.00,35.000,1.750,1.805,1.805,1.805,2.184,2.18,'SP110','','','Y',0.00,0,0.0,0.0,0.0,0,0,0,0,'HEP','M','2014-09-12',1.805,'',0,0,0,0.0,1.750,'HEP000',35.000,'','1 BOX HIGH DO NOT STACK'),
	('',932,'Blackberries- local, organic','BLACKBERRIES- LOCAL,',12.0,'ea','BLACKBERRIES- LOCAL,LOC','FRO',5364,'','',0.000,'2014-09-05',0.00,36.000,3.000,3.092,3.092,3.092,3.741,3.74,'SP110','','','Y',0.00,0,0.0,0.0,0.0,0,0,0,0,'LOC','O','2014-09-05',3.092,'',0,0,0,0.0,3.000,'HEP000',36.000,'','2 WIDE'),
	('',933,'Lettuce-salanova organic','LETTUCE-SALANOVA ORG',12.0,'lb','LETTUCE-SALANOVA ORGLAN','VEG',5365,'','',0.000,'2015-06-12',0.00,29.000,2.417,2.509,2.509,2.509,3.036,3.04,'SP110','','','Y',0.00,0,0.0,0.0,0.0,0,0,0,0,'LAN','O','2015-06-12',2.509,'',0,0,0,0.0,2.417,'LAN000',29.000,'',''),
	('',934,'Broccoli-florets, organic','BROCCOLI-FLORETS, OR',10.0,'lb','BROCCOLI-FLORETS, ORLAN','VEG',5366,'','',0.000,'2015-04-25',0.00,18.000,1.800,1.910,1.910,1.910,2.311,2.31,'SP110','','','Y',0.00,0,0.0,0.0,0.0,0,0,0,0,'LAN','O','2015-04-25',1.910,'',0,0,0,0.0,1.800,'LAN000',18.000,'',''),
	('',935,'Peppers-sweet mix organic','PEPPERS-SWEET MIX OR',12.0,'ea','PEPPERS-SWEET MIX ORMEX','VEG',5367,'','',0.000,'2015-06-05',0.00,27.000,2.250,2.342,2.342,2.342,2.834,2.83,'SP110','','','Y',0.00,0,0.0,0.0,0.0,0,0,0,0,'MEX','O','2015-04-20',2.342,'',0,0,0,0.0,2.250,'ALB000',27.000,'','3 WIDE'),
	('',936,'Greens-elegance mix organic','GREENS-ELEGANCE MIX',4.0,'lb','GREENS-ELEGANCE MIXHEP','VEG',5368,'','',0.000,'2015-05-20',0.00,26.000,6.500,6.775,6.775,6.775,8.198,8.20,'SP110','','','Y',0.00,0,0.0,0.0,0.0,0,0,0,0,'HEP','O','2015-05-20',6.775,'',0,0,0,0.0,6.500,'HEP000',26.000,'',''),
	('',938,'Herbs-4\" pot, organic','HERBS-4\" POT, ORGANI',12.0,'ea','HERBS-4\" POT, ORGANIMAR','PLA',5370,'','',0.000,'2015-06-05',0.00,39.000,3.250,3.342,3.342,3.342,4.044,4.04,'SP110','','','Y',0.00,0,0.0,0.0,0.0,0,0,0,0,'MAR','O','2015-06-05',3.342,'',1,0,0,0.0,3.250,'ANG000',39.000,'',''),
	('',939,'Flowers-potted 6 pack, organic','FLOWERS-POTTED 6 PAC',6.0,'ea','FLOWERS-POTTED 6 PACMAR','PLA',5371,'','',0.000,'2012-06-05',0.00,18.000,3.000,3.183,3.183,3.183,3.851,3.85,'SP110','','','Y',0.00,0,0.0,0.0,0.0,0,0,0,0,'MAR','O','2012-06-05',3.183,'',0,0,0,0.0,3.000,'ANG000',18.000,'',''),
	('',940,'Flowers-6\" pot, organic','FLOWERS-6\" POT, ORGA',6.0,'ea','FLOWERS-6\" POT, ORGAMAR','PLA',5372,'','',0.000,'2012-06-04',0.00,38.000,6.333,6.516,6.516,6.516,7.884,7.88,'SP110','','','Y',0.00,0,0.0,0.0,0.0,0,0,0,0,'MAR','O','2012-06-04',6.516,'',0,0,0,0.0,6.333,'ANG000',38.000,'',''),
	('',941,'Garlic greens-bunch, organic','GARLIC GREENS-BUNCH,',12.0,'bu','GARLIC GREENS-BUNCH,LAN','VEG',5373,'','',0.000,'2015-07-07',0.00,48.000,4.000,4.092,4.092,4.092,4.951,4.95,'SP110','','','Y',0.00,0,0.0,0.0,0.0,0,0,0,0,'LAN','O','2015-06-24',4.092,'',0,0,0,0.0,4.000,'GRI000',48.000,'',''),
	('',942,'Herbs- chives organic','HERBS- CHIVES ORGANI',12.0,'ea','HERBS- CHIVES ORGANIREA','VEG',5374,'','',0.000,'2015-06-30',0.00,21.000,1.750,1.842,1.842,1.842,2.229,2.23,'SP110','','','Y',0.00,0,0.0,0.0,0.0,0,0,0,0,'REA','O','2015-06-30',1.842,'',0,0,0,0.0,1.750,'FOR000',21.000,'',''),
	('',943,'Greens-premium mix organic','GREENS-PREMIUM MIX O',4.0,'lb','GREENS-PREMIUM MIX OHEP','VEG',5375,'','',0.000,'2015-05-27',0.00,26.000,6.500,6.775,6.775,6.775,8.198,8.20,'SP110','','','Y',0.00,0,0.0,0.0,0.0,0,0,0,0,'HEP','O','2015-05-27',6.775,'',0,0,0,0.0,6.500,'HEP000',26.000,'',''),
	('',944,'Micro greens 2oz bag organic','MICRO GREENS 2OZ BAG',10.0,'ea','MICRO GREENS 2OZ BAGOLD','VEG',5376,'','',0.000,'2015-06-03',0.00,32.000,3.200,3.310,3.310,3.310,4.005,4.01,'SP110','','','Y',0.00,0,0.0,0.0,0.0,0,0,0,0,'OLD','O','2015-06-03',3.310,'',1,0,0,0.0,3.200,'ANG000',32.000,'',''),
	('',945,'Greens-spicy mix organic','GREENS-SPICY GREENS',4.0,'lb','GREENS-SPICY GREENSHEP','VEG',5377,'','',0.000,'2014-12-05',0.00,26.000,6.500,6.775,6.775,6.775,8.198,8.20,'SP110','','','Y',0.00,0,0.0,0.0,0.0,0,0,0,0,'HEP','O','2014-12-05',6.775,'',0,0,0,0.0,6.500,'HEP000',26.000,'',''),
	('',947,'Puntarelle stretta, organic','PUNTARELLE STRETTA,',12.0,'bu','PUNTARELLE STRETTA,LAN','VEG',5379,'','',0.000,'2013-06-05',0.00,27.000,2.250,2.342,2.342,2.342,2.834,2.83,'SP110','','','Y',0.00,0,0.0,0.0,0.0,0,0,0,0,'LAN','O','2013-06-05',2.342,'',0,0,0,0.0,2.250,'LAN000',27.000,'','1 WIDE SMALL SPOT'),
	('',948,'Currants-white, organic','CURRANTS-WHITE, ORGA',12.0,'ea','CURRANTS-WHITE, ORGALAN','FRO',5380,'','',0.000,'2012-07-16',0.00,40.000,3.333,3.425,3.425,3.425,4.144,4.14,'SP110','','','Y',0.00,0,0.0,0.0,0.0,0,0,0,0,'LAN','O','2012-07-16',3.425,'',0,0,0,0.0,3.333,'LAN000',40.000,'',''),
	('',949,'Cucumber-crystal apple, organic','CUCUMBER-CRYSTAL APP',10.0,'lb','CUCUMBER-CRYSTAL APPLAN','VEG',5381,'','',0.000,'2014-07-29',0.00,20.000,2.000,2.110,2.110,2.110,2.553,2.55,'SP110','','','Y',0.00,0,0.0,0.0,0.0,0,0,0,0,'LAN','O','2014-07-29',2.110,'',0,0,0,0.0,2.000,'LAN000',20.000,'',''),
	('',950,'Pears-harrow\'s delight, IPM','PEARS-HARROW\'S DELIG',25.0,'lb','PEARS-HARROW\'S DELIGLAN','FRO',5382,'','',0.000,'2011-08-10',0.00,23.500,0.940,0.984,0.984,0.984,1.191,1.19,'SP110','','','Y',0.00,0,0.0,0.0,0.0,0,0,0,0,'LAN','I','2011-08-10',0.984,'',0,0,0,0.0,0.940,'LAN000',23.500,'',''),
	('',951,'Celery-hearts, organic','CELERY-HEARTS, ORGAN',18.0,'ea','CELERY-HEARTS, ORGANMEU','VEG',5383,'','',0.000,'2014-11-03',2.97,52.000,2.889,2.950,2.950,2.950,3.570,2.97,'SP110','','','Y',0.00,0,0.0,0.0,0.0,0,0,0,0,'MEU','O','2013-02-01',2.950,'',0,0,0,0.0,2.889,'FOR000',52.000,'',''),
	('',952,'Watermelon-orange with seeds, organic','WATERMELON-ORANGE WI',35.0,'lb','WATERMELON-ORANGE WIFLO','FRO',5384,'','',0.000,'2014-09-08',0.00,25.000,0.714,0.745,0.745,0.745,0.901,0.90,'SP110','','','Y',0.00,0,0.0,0.0,0.0,0,0,0,0,'FLO','O','2014-09-08',0.745,'',0,0,0,0.0,0.714,'LAN000',25.000,'',''),
	('',953,'Snow sweet, minimally treated','SNOW SWEET, MINIMALL',38.0,'lb','SNOW SWEET, MINIMALLHEP','FRA',5385,'','',0.000,'2014-11-25',0.00,35.000,0.921,0.950,0.950,0.950,1.150,1.15,'SP110','','','Y',0.00,0,0.0,0.0,0.0,0,0,0,0,'HEP','M','2014-11-25',0.950,'',0,0,0,0.0,0.921,'HEP000',35.000,'',''),
	('',954,'Melon-kiwano organic','MELON-KIWANO ORGANIC',11.0,'lb','MELON-KIWANO ORGANICCA','VEG',5386,'','',0.000,'2014-10-13',0.00,55.450,5.041,5.141,5.141,5.141,6.221,6.22,'SP110','','','Y',0.00,0,0.0,0.0,0.0,0,0,0,0,'CA','O','2014-10-13',5.141,'',0,0,0,0.0,5.041,'ALB000',55.450,'','DISPLAY IN TRAY'),
	('',955,'Squash-triamble, organic','SQUASH-TRIAMBLE, ORG',35.0,'lb','SQUASH-TRIAMBLE, ORGLAN','VEG',5387,'','',0.000,'2014-12-19',0.00,30.000,0.857,0.888,0.888,0.888,1.074,1.07,'SP110','','','Y',0.00,0,0.0,0.0,0.0,0,0,0,0,'LAN','O','2014-12-19',0.888,'',0,0,0,0.0,0.857,'LAN000',30.000,'',''),
	('',956,'Ginger-young, local, organic','GINGER-YOUNG, LOCAL,',12.0,'lb','GINGER-YOUNG, LOCAL,OLD','VEG',5388,'green cooler moisten daily dunking OK','',0.000,'2014-11-14',0.00,115.000,9.583,9.675,9.675,9.675,11.707,11.71,'SP110','','','Y',0.00,0,0.0,0.0,0.0,0,0,0,0,'OLD','O','2014-11-14',9.675,'',0,0,0,0.0,9.583,'ANG000',115.000,'',''),
	('',957,'Squash-jarrahdale, organic','SQUASH-JARRAHDALE, O',35.0,'lb','SQUASH-JARRAHDALE, OHEP','VEG',5389,'','',0.000,'2014-11-24',0.00,30.000,0.857,0.888,0.888,0.888,1.074,1.07,'SP110','','','Y',0.00,0,0.0,0.0,0.0,0,0,0,0,'HEP','O','2014-11-24',0.888,'',0,0,0,0.0,0.857,'HEP000',30.000,'',''),
	('',958,'Squash-golden nugget, organic','SQUASH-GOLDEN NUGGET',35.0,'lb','SQUASH-GOLDEN NUGGETLAN','VEG',5390,'','',0.000,'2014-01-17',0.00,34.000,0.971,1.002,1.002,1.002,1.212,1.21,'SP110','','','Y',0.00,0,0.0,0.0,0.0,0,0,0,0,'LAN','O','2011-11-28',1.002,'',0,0,0,0.0,0.971,'LAN000',34.000,'',''),
	('',959,'Squash-seminole, organic','SQUASH-SEMINOLE, ORG',35.0,'lb','SQUASH-SEMINOLE, ORGLAN','VEG',5391,'','',0.000,'2013-01-29',0.00,28.000,0.800,0.831,0.831,0.831,1.006,1.01,'SP110','','','Y',0.00,0,0.0,0.0,0.0,0,0,0,0,'LAN','O','2013-01-29',0.831,'',0,0,0,0.0,0.800,'LAN000',28.000,'',''),
	('',960,'Cardoons-organic','CARDOONS-ORGANIC',12.0,'bu','CARDOONS-ORGANICLAN','VEG',5392,'','',0.000,'2014-09-15',0.00,27.000,2.250,2.342,2.342,2.342,2.834,2.83,'SP110','','','Y',0.00,0,0.0,0.0,0.0,0,0,0,0,'LAN','O','2014-09-15',2.342,'',0,0,0,0.0,2.250,'LAN000',27.000,'',''),
	('',961,'Micro greens cup organic','MICRO GREENS CUP ORG',12.0,'ea','MICRO GREENS CUP ORGLI','VEG',5393,'','',0.000,'2015-07-06',0.00,42.000,3.500,3.592,3.592,3.592,4.346,4.35,'SP110','','','Y',390.60,0,5.5,3.8,9.3,0,1,0,0,'LI','O','2015-05-06',3.592,'',0,1,0,0.0,3.500,'GDW000',42.000,'',''),
	('',962,'Squash-sucrine du berry, organic','SQUASH-SUCRINE DU BE',35.0,'lb','SQUASH-SUCRINE DU BELAN','VEG',5394,'','',0.000,'2014-10-15',0.00,35.000,1.000,1.031,1.031,1.031,1.248,1.25,'SP110','','','Y',0.00,0,0.0,0.0,0.0,0,0,0,0,'LAN','O','2014-10-15',1.031,'',0,0,0,0.0,1.000,'LAN000',35.000,'',''),
	('',963,'Pears-Asian dried, Subarashii 4.2 oz','PEARS-ASIAN DRIED, S',1.0,'ea','PEARS-ASIAN DRIED, SPA','FRO',5395,'','',0.000,'2012-09-25',0.00,4.000,4.000,4.000,4.000,4.000,4.840,4.84,'','','','Y',0.00,0,0.0,0.0,0.0,0,0,0,0,'PA','I','2012-09-25',4.000,'',0,0,0,0.0,4.000,'BAL000',4.000,'',''),
	('',964,'Pears-Asian dried, Subarashii 9 oz','PEARS-ASIAN DRIED S',1.0,'ea','PEARS-ASIAN DRIED SPA','FRO',5396,'','',0.000,'2012-11-20',0.00,6.000,6.000,6.000,6.000,6.000,7.260,7.26,'','','','Y',0.00,0,0.0,0.0,0.0,0,0,0,0,'PA','I','2012-11-20',6.000,'',0,0,0,0.0,6.000,'BAL000',6.000,'',''),
	('',965,'Mushroom-hedgehog','MUSHROOM-HEDGEHOG',3.0,'lb','MUSHROOM-HEDGEHOGUSA','VEG',5397,'','',0.000,'2015-04-03',0.00,51.000,17.000,17.167,17.167,17.167,20.772,20.77,'SP50','','','Y',0.00,0,0.0,0.0,0.0,0,0,0,0,'USA','R','2015-04-03',17.167,'',0,0,0,0.0,17.000,'IRW000',51.000,'','1 BOX, DO NOT STACK'),
	('',966,'Beans-green, bags organic','BEANS-GREEN, BAGS OR',6.0,'ea','BEANS-GREEN, BAGS ORUSA','VEG',5398,'check date! be careful rotating','',0.000,'2015-07-03',0.00,6.300,1.050,1.233,1.233,1.233,1.492,1.49,'SP110','','','Y',0.00,0,0.0,0.0,0.0,0,0,0,0,'USA','O','2015-07-03',1.233,'',1,0,0,0.0,1.050,'ALB000',6.300,'',''),
	('',967,'Pea shoots 4oz cups organic','PEA SHOOTS 4OZ CUPS',12.0,'ea','PEA SHOOTS 4OZ CUPSFLO','VEG',5399,'','',0.000,'2014-03-31',0.00,36.000,3.000,3.092,3.092,3.092,3.741,3.74,'SP110','','','Y',0.00,0,0.0,0.0,0.0,0,0,0,0,'FLO','O','2014-03-31',3.092,'',0,0,0,0.0,3.000,'FLO000',36.000,'',''),
	('',968,'Sumo Citrus','SUMO CITRUS',15.0,'lb','SUMO CITRUSUSA','FRC',5400,'','',0.000,'2015-03-11',0.00,44.000,2.933,2.966,2.966,2.966,3.589,3.59,'SP50','','','Y',0.00,0,0.0,0.0,0.0,0,0,0,0,'USA','RW','2015-03-09',2.966,'',0,0,0,0.0,2.933,'BAL000',44.000,'',''),
	('',969,'Peppers-turning color, organic','PEPPERS-TURNING COLO',11.0,'lb','PEPPERS-TURNING COLOMEX','VEG',5401,'org whitel labe UNLESS prelabel','',0.000,'2015-01-19',0.00,14.000,1.273,1.373,1.383,1.383,1.673,1.67,'SP110','UNIT01','','Y',0.00,0,0.0,0.0,0.0,0,0,0,0,'MEX','O','2015-01-19',1.383,'',0,0,0,0.0,1.273,'ALB000',14.000,'','DISPLAY IN BOX'),
	('',970,'Radicchio-Castle de Franco organic','RADICCHIO-CASTLE DE',3.0,'lb','RADICCHIO-CASTLE DELAN','VEG',5402,'','',0.000,'2013-06-11',0.00,20.000,6.667,7.034,7.034,7.034,8.511,8.51,'SP110','','','Y',0.00,0,0.0,0.0,0.0,0,0,0,0,'LAN','O','2013-06-11',7.034,'',0,0,0,0.0,6.667,'GRI000',20.000,'',''),
	('',971,'Pears-abate fetel, organic','PEARS-ABATE FETEL, O',40.0,'lb','PEARS-ABATE FETEL, OARG','FRO',5403,'','',0.000,'2014-12-17',0.00,36.000,0.900,0.903,0.903,0.903,1.093,1.09,'SP10','','','Y',0.00,0,0.0,0.0,0.0,0,0,0,0,'ARG','O','2013-05-31',0.903,'',0,0,0,0.0,0.900,'FOR000',36.000,'',''),
	('',972,'Tomato-Hepworth 4\" pot, organic','TOMATO-HEPWORTH 4\" P',24.0,'ea','TOMATO-HEPWORTH 4\" PHEP','PLA',5404,'','',0.000,'2015-06-05',0.00,54.000,2.250,2.296,2.306,2.306,2.790,2.79,'SP110','UNIT01','','Y',0.00,0,0.0,0.0,0.0,0,0,0,0,'HEP','O','2015-06-05',2.306,'',1,0,0,0.0,2.250,'HEP000',54.000,'',''),
	('',973,'Peppers-serrano, organic','PEPPERS-SERRANO, ORG',30.0,'lb','PEPPERS-SERRANO, ORGHEP','VEG',5405,'','',0.000,'2014-11-18',0.00,30.000,1.000,1.037,1.037,1.037,1.255,1.26,'SP110','','','Y',0.00,0,0.0,0.0,0.0,0,0,0,0,'HEP','O','2014-11-18',1.037,'',0,0,0,0.0,1.000,'HEP000',30.000,'','DISPLAY IN BOX'),
	('',974,'Peppers-shishito organic','PEPPERS-SHISHITO ORG',10.0,'lb','PEPPERS-SHISHITO ORGMEX','VEG',5406,'','',0.000,'2015-05-25',0.00,33.900,3.390,3.500,3.500,3.500,4.235,4.24,'SP110','','','Y',0.00,0,0.0,0.0,0.0,0,0,0,0,'MEX','O','2015-05-25',3.500,'',0,0,0,0.0,3.390,'ALB000',33.900,'',''),
	('',975,'Pears-bosc 3# bag organic','PEARS-BOSC 3# BAG OR',12.0,'ea','PEARS-BOSC 3# BAG ORARG','FRO',5407,'','',0.000,'2014-10-06',0.00,42.000,3.500,3.592,3.592,3.592,4.346,4.35,'SP110','','','Y',0.00,0,0.0,0.0,0.0,0,0,0,0,'ARG','O','2014-10-06',3.592,'',0,0,0,0.0,3.500,'FOR000',42.000,'',''),
	('',976,'Herbs- tarragon organic','HERBS- TARRAGON ORGA',12.0,'ea','HERBS- TARRAGON ORGAREA','VEG',5408,'','',0.000,'2015-07-06',0.00,21.000,1.750,1.842,1.842,1.842,2.229,2.23,'SP110','','','Y',4.20,0,0.0,0.2,0.2,0,1,0,0,'REA','O','2015-02-09',1.842,'',0,1,0,0.0,1.750,'FOR000',21.000,'',''),
	('',977,'Peppers-shishito.','PEPPERS-SHISHITO.',10.0,'lb','PEPPERS-SHISHITO.MEU','VEG',5409,'','',0.000,'2015-04-30',0.00,26.500,2.650,2.700,2.700,2.700,3.267,3.27,'SP50','','','Y',0.00,0,0.0,0.0,0.0,0,0,0,0,'MEU','O','2015-04-30',2.700,'',0,0,0,0.0,2.650,'BAL000',26.500,'',''),
	('',978,'Herbs- thyme organic','HERBS- THYME ORGANIC',12.0,'ea','HERBS- THYME ORGANICREA','VEG',5410,'','',0.000,'2015-06-12',0.00,21.000,1.750,1.842,1.842,1.842,2.229,2.23,'SP110','','','Y',0.00,0,0.0,0.0,0.0,0,0,0,0,'REA','O','2015-06-12',1.842,'',0,0,0,0.0,1.750,'FOR000',21.000,'',''),
	('',979,'Vegetables-4\" pot, organic','VEGETABLES-4\" POT, O',15.0,'ea','VEGETABLES-4\" POT, OMAR','PLA',5411,'','',0.000,'2015-06-05',0.00,39.000,2.600,2.673,2.673,2.673,3.234,3.23,'SP110','','','Y',0.00,0,0.0,0.0,0.0,0,0,0,0,'MAR','O','2015-06-05',2.673,'',0,0,0,0.0,2.600,'ANG000',39.000,'',''),
	('',980,'Broccoli.rabe-IPM','BROCCOLI.RABE-IPM',12.0,'bu','BROCCOLI.RABE-IPMMIG','VEG',5412,'','',0.000,'2015-06-08',0.00,20.000,1.667,1.759,1.759,1.759,2.128,2.13,'SP110','','','Y',0.00,0,0.0,0.0,0.0,0,0,0,0,'MIG','I','2015-01-07',1.759,'',0,0,0,0.0,1.667,'MIG000',20.000,'',''),
	('',981,'Kale-loose various organic','KALE-LOOSE VARIOUS O',7.5,'lb','KALE-LOOSE VARIOUS OHEP','VEG',5413,'','',0.000,'2014-06-06',0.00,30.000,4.000,4.147,4.147,4.147,5.018,5.02,'SP110','','','Y',0.00,0,0.0,0.0,0.0,0,0,0,0,'HEP','O','2014-06-06',4.147,'',0,0,0,0.0,4.000,'HEP000',30.000,'',''),
	('',982,'Radish-with leaves organic','RADISH-WITH LEAVES O',25.0,'lb','RADISH-WITH LEAVES OHEP','VEG',5414,'','',0.000,'2014-10-06',0.00,50.000,2.000,2.044,2.044,2.044,2.473,2.47,'SP110','','','Y',0.00,0,0.0,0.0,0.0,0,0,0,0,'HEP','O','2014-10-06',2.044,'',0,0,0,0.0,2.000,'HEP000',50.000,'',''),
	('',983,'Herbs- oregano organic','HERBS- OREGANO ORGAN',12.0,'ea','HERBS- OREGANO ORGANREA','VEG',5415,'','',0.000,'2015-05-25',0.00,21.000,1.750,1.842,1.842,1.842,2.229,2.23,'SP110','','','Y',0.00,0,0.0,0.0,0.0,0,0,0,0,'REA','O','2015-05-25',1.842,'',0,0,0,0.0,1.750,'FOR000',21.000,'',''),
	('',985,'Herbs- garlic chives local organic','HERBS- GARLIC CHIVES',24.0,'ea','HERBS- GARLIC CHIVESNY','VEG',5417,'','',0.000,'2015-06-10',0.00,40.000,1.667,1.713,1.743,1.743,2.109,2.11,'SP110','UNIT03','','Y',0.00,0,0.0,0.0,0.0,0,0,0,0,'NY','O','2015-06-10',1.743,'',0,0,0,0.0,1.667,'RVF000',40.000,'',''),
	('',986,'Peas-sugar snap, organic','PEAS-SUGAR SNAP, ORG',25.0,'lb','PEAS-SUGAR SNAP, ORGLOC','VEG',5418,'','',0.000,'2015-07-08',0.00,67.000,2.680,2.724,2.724,2.724,3.296,3.30,'SP110','','','Y',0.00,0,0.0,0.0,0.0,0,0,0,0,'LOC','O','2015-07-08',2.724,'',0,0,0,0.0,2.680,'HEP000',67.000,'',''),
	('',987,'Lettuce-BMX cup, organic','LETTUCE-BMX CUP, ORG',12.0,'ea','LETTUCE-BMX CUP, ORGNY','VEG',5419,'','',0.000,'2015-06-30',0.00,36.000,3.000,3.092,3.092,3.092,3.741,3.74,'SP110','','','Y',0.00,0,0.0,0.0,0.0,0,0,0,0,'NY','O','2015-06-30',3.092,'',0,0,0,0.0,3.000,'FRE000',36.000,'',''),
	('',988,'Greens-lettuce wildfire mix baby organic','GREENS-LETTUCE WILDF',4.0,'lb','GREENS-LETTUCE WILDFHEP','VEG',5420,'','',0.000,'2015-05-27',0.00,26.000,6.500,6.775,6.775,6.775,8.198,8.20,'SP110','','','Y',0.00,0,0.0,0.0,0.0,0,0,0,0,'HEP','O','2015-05-27',6.775,'',0,0,0,0.0,6.500,'HEP000',26.000,'','ORGANIC'),
	('',989,'Grapes-black seedless, organic','GRAPES-BLACK SEEDLES',18.0,'lb','GRAPES-BLACK SEEDLESMEX','FRO',5421,'','',0.000,'2014-06-30',0.00,39.000,2.167,2.228,2.228,2.228,2.696,2.70,'SP110','','','Y',0.00,0,0.0,0.0,0.0,0,0,0,0,'MEX','O','2014-06-30',2.228,'',0,0,0,0.0,2.167,'ALB000',39.000,'',''),
	('',990,'Herbs- rosemary organic','HERBS- ROSEMARY ORGA',12.0,'ea','HERBS- ROSEMARY ORGAREA','VEG',5422,'','',0.000,'2015-07-07',0.00,21.000,1.750,1.842,1.842,1.842,2.229,2.23,'SP110','','','Y',14.70,0,0.5,0.2,0.7,0,1,0,0,'REA','O','2015-04-06',1.842,'',0,1,0,0.0,1.750,'FOR000',21.000,'',''),
	('',991,'Blueberries-NY pint organic','BLUEBERRIES-NY PINT',12.0,'ea','BLUEBERRIES-NY PINTHEP','FRO',5423,'','',0.000,'2015-07-08',0.00,50.000,4.167,4.259,4.259,4.259,5.153,5.15,'SP110','','','Y',0.00,0,0.0,0.0,0.0,0,0,0,0,'HEP','O','2015-07-08',4.259,'',0,0,0,0.0,4.167,'HEP000',50.000,'','DISPLAY IN BOX'),
	('',992,'Cauliflower-white, organic','CAULIFLOWER-WHITE, O',18.0,'lb','CAULIFLOWER-WHITE, OLOC','VEG',5424,'','',0.000,'2015-07-08',0.00,33.000,1.833,1.894,1.894,1.894,2.292,2.29,'SP110','','','Y',0.00,0,0.0,0.0,0.0,0,0,0,0,'LOC','O','2015-07-08',1.894,'',0,0,0,0.0,1.833,'LAN000',33.000,'',''),
	('',993,'Herbs- sage organic','HERBS- SAGE ORGANIC',12.0,'ea','HERBS- SAGE ORGANICREA','VEG',5425,'','',0.000,'2015-06-09',0.00,21.000,1.750,1.842,1.842,1.842,2.229,2.23,'SP110','','','Y',0.00,0,0.0,0.0,0.0,0,0,0,0,'REA','O','2015-06-09',1.842,'',0,0,0,0.0,1.750,'WIN000',21.000,'',''),
	('',994,'Beans-yellow romano organic','BEANS-YELLOW ROMANO',10.0,'lb','BEANS-YELLOW ROMANOLAN','VEG',5426,'','',0.000,'2015-07-06',0.00,30.000,3.000,3.110,3.110,3.110,3.763,3.76,'SP110','','','Y',63.00,0,2.0,0.1,2.1,0,1,0,0,'LAN','O','2015-07-03',3.110,'',0,1,0,0.0,3.000,'LAN000',30.000,'',''),
	('',995,'Beans-rattlesnake organic','BEANS-RATTLESNAKE OR',10.0,'lb','BEANS-RATTLESNAKE ORLAN','VEG',5427,'','',0.000,'2013-08-08',0.00,27.000,2.700,2.810,2.810,2.810,3.400,3.40,'SP110','','','Y',0.00,0,0.0,0.0,0.0,0,0,0,0,'LAN','O','2013-08-07',2.810,'',0,0,0,0.0,2.700,'LAN000',27.000,'',''),
	('',996,'Cherimoyas','CHERIMOYAS',10.0,'lb','CHERIMOYASCHI','FRO',5428,'','',0.000,'2014-03-20',0.00,48.000,4.800,4.850,4.850,4.850,5.869,5.87,'SP50','','','Y',0.00,0,0.0,0.0,0.0,0,0,0,0,'CHI','R','2014-03-20',4.850,'',0,0,0,0.0,4.800,'BAL000',48.000,'',''),
	('',997,'Asparagus-purple.','ASPARAGUS-PURPLE.',11.0,'lb','ASPARAGUS-PURPLE.PER','VEG',5429,'','',0.000,'2012-10-30',0.00,23.000,2.091,2.136,2.136,2.136,2.585,2.59,'SP50','','','Y',0.00,0,0.0,0.0,0.0,0,0,0,0,'PER','O','2012-10-30',2.136,'',0,0,0,0.0,2.091,'BAL000',23.000,'',''),
	('',998,'Cauliflower-baby romanesco, organic','CAULIFLOWER-BABY ROM',8.0,'lb','CAULIFLOWER-BABY ROMLAN','VEG',5430,'','',0.000,'2014-12-04',0.00,20.000,2.500,2.638,2.638,2.638,3.192,3.19,'SP110','','','Y',0.00,0,0.0,0.0,0.0,0,0,0,0,'LAN','O','2014-12-04',2.638,'',0,0,0,0.0,2.500,'LAN000',20.000,'',''),
	('',999,'Salad-kale 5oz organic','SALAD-KALE 5OZ ORGAN',24.0,'ea','SALAD-KALE 5OZ ORGANREM','VEG',5431,'','',0.000,'2015-07-06',0.00,66.000,2.750,2.796,2.796,2.796,3.383,3.38,'SP110','','','Y',330.00,0,4.0,1.0,5.0,0,1,0,0,'REM','O','2015-06-26',2.796,'',1,1,0,0.0,2.750,'REM000',66.000,'','2 WIDE'),
	('',1000,'Tangerine-page mandarin with leaves','TANGERINE-PAGE MANDA',20.0,'lb','TANGERINE-PAGE MANDAUSA','FRC',5432,'','',0.000,'2015-01-09',0.00,49.000,2.450,2.475,2.475,2.475,2.995,3.00,'SP50','','','Y',0.00,0,0.0,0.0,0.0,0,0,0,0,'USA','R','2015-01-09',2.475,'',0,0,0,0.0,2.450,'BAL000',49.000,'',''),
	('',1002,'Greens-sorrel baby organic','GREENS-SORREL BABY O',3.0,'lb','GREENS-SORREL BABY OLAN','VEG',5435,'','',0.000,'2014-06-04',0.00,36.000,12.000,12.367,12.367,12.367,14.964,14.96,'SP110','','','Y',0.00,0,0.0,0.0,0.0,0,0,0,0,'LAN','O','2014-06-04',12.367,'',0,0,0,0.0,12.000,'LAN000',36.000,'',''),
	('',1003,'Soil container blend organic 46073','SOIL CONTAINER BLEND',1.0,'ea','SOIL CONTAINER BLENDUSA','ZZZ',5436,'','',0.000,'2015-06-19',0.00,4.250,4.250,4.250,4.250,4.250,5.143,5.14,'','','','Y',0.00,0,0.0,0.0,0.0,0,0,0,0,'USA','O','2013-05-24',4.250,'',0,0,0,0.0,4.250,'FOR000',4.250,'',''),
	('',1004,'Soil seed starting blend organic 46080','SOIL SEED STARTING B',1.0,'ea','SOIL SEED STARTING BUSA','ZZZ',5437,'','',0.000,'2013-09-16',0.00,5.000,5.000,5.000,5.000,5.000,6.050,6.05,'','','','Y',0.00,0,0.0,0.0,0.0,0,0,0,0,'USA','O','2013-09-16',5.000,'',0,0,0,0.0,5.000,'FOR000',5.000,'',''),
	('',1005,'Worm castings organic 46077','WORM CASTINGS ORGANI',40.0,'ea','WORM CASTINGS ORGANIUSA','ZZZ',5438,'','',0.000,'2014-02-03',0.00,80.000,2.000,2.000,2.000,2.000,2.420,2.42,'','','','Y',0.00,0,0.0,0.0,0.0,0,0,0,0,'USA','O','2014-02-03',2.000,'',0,0,0,0.0,2.000,'FOR000',80.000,'',''),
	('',1006,'Compost tea bags 46088','COMPOST TEA BAGS 460',10.0,'ea','COMPOST TEA BAGS 460USA','ZZZ',5439,'','',0.000,'2013-09-16',0.00,50.000,5.000,5.000,5.000,5.000,6.050,6.05,'','','','Y',0.00,0,0.0,0.0,0.0,0,0,0,0,'USA','O','2013-09-16',5.000,'',0,0,0,0.0,5.000,'FOR000',50.000,'',''),
	('',1007,'Greens-turnip greens baby organic','GREENS-TURNIP GREENS',3.0,'lb','GREENS-TURNIP GREENSLOC','VEG',5440,'','',0.000,'2014-04-22',0.00,24.000,8.000,8.367,8.367,8.367,10.124,10.12,'SP110','','','Y',0.00,0,0.0,0.0,0.0,0,0,0,0,'LOC','O','2014-04-21',8.367,'',0,0,0,0.0,8.000,'LAN000',24.000,'',''),
	('',1008,'Greens-yu choi sum baby organic','GREENS-YU CHOI SUM B',4.0,'lb','GREENS-YU CHOI SUM BHEP','VEG',5441,'','',0.000,'2014-05-05',0.00,26.000,6.500,6.775,6.775,6.775,8.198,8.20,'SP110','','','Y',0.00,0,0.0,0.0,0.0,0,0,0,0,'HEP','O','2014-05-05',6.775,'',0,0,0,0.0,6.500,'HEP000',26.000,'',''),
	('',1009,'Greens-kale siberian baby loose organic','GREENS-KALE SIBERIAN',4.0,'lb','GREENS-KALE SIBERIANHEP','VEG',5442,'','',0.000,'2015-05-20',0.00,26.000,6.500,6.775,6.775,6.775,8.198,8.20,'SP110','','','Y',0.00,0,0.0,0.0,0.0,0,0,0,0,'HEP','O','2015-05-20',6.775,'',0,0,0,0.0,6.500,'HEP000',26.000,'','ORGANIC'),
	('',1010,'Greens-chicory baby organic','GREENS-CHICORY BABY',4.0,'lb','GREENS-CHICORY BABYHEP','VEG',5443,'','',0.000,'2014-04-22',0.00,24.000,6.000,6.275,6.275,6.275,7.593,7.59,'SP110','','','Y',0.00,0,0.0,0.0,0.0,0,0,0,0,'HEP','O','2013-04-29',6.275,'',0,0,0,0.0,6.000,'HEP000',24.000,'',''),
	('',1011,'Greens-collards baby organic','GREENS-COLLARDS BABY',4.0,'lb','GREENS-COLLARDS BABYHEP','VEG',5444,'','',0.000,'2014-04-22',0.00,24.000,6.000,6.275,6.275,6.275,7.593,7.59,'SP110','','','Y',0.00,0,0.0,0.0,0.0,0,0,0,0,'HEP','O','2013-05-02',6.275,'',0,0,0,0.0,6.000,'HEP000',24.000,'',''),
	('',1012,'Shiso-bunch, organic','SHISO-BUNCH, ORGANIC',24.0,'bu','SHISO-BUNCH, ORGANICHEP','VEG',5445,'','',0.000,'2014-11-05',0.00,30.000,1.250,1.296,1.296,1.296,1.568,1.57,'SP110','','','Y',0.00,0,0.0,0.0,0.0,0,0,0,0,'HEP','O','2014-11-05',1.296,'',0,0,0,0.0,1.250,'HEP000',30.000,'',''),
	('',1014,'Limes-finger limes.','LIMES-FINGER LIMES.',1.0,'lb','LIMES-FINGER LIMES.USA','FRC',5447,'','',0.000,'2013-06-06',0.00,28.000,28.000,28.500,28.500,28.500,34.485,34.49,'SP50','','','Y',0.00,0,0.0,0.0,0.0,0,0,0,0,'USA','O','2013-06-06',28.500,'',0,0,0,0.0,28.000,'BAL000',28.000,'',''),
	('',1015,'Lettuce-oak leaf red or green, organic','LETTUCE-OAK LEAF, OR',20.0,'lb','LETTUCE-OAK LEAF, ORLAN','VEG',5448,'','',0.000,'2015-05-29',0.00,32.000,1.600,1.655,1.655,1.655,2.003,2.00,'SP110','','','Y',0.00,0,0.0,0.0,0.0,0,0,0,0,'LAN','O','2015-05-29',1.655,'',0,0,0,0.0,1.600,'LAN000',32.000,'','ORGANIC'),
	('',1016,'Squash-zucchini romanesco organic','SQUASH-ZUCCHINI ROMA',25.0,'lb','SQUASH-ZUCCHINI ROMALAN','VEG',5449,'','',0.000,'2015-07-08',0.00,30.000,1.200,1.244,1.244,1.244,1.505,1.51,'SP110','','','Y',111.00,0,3.6,0.1,3.7,0,1,0,0,'LAN','O','2015-07-07',1.244,'',0,1,0,0.0,1.200,'LAN000',30.000,'',''),
	('',1017,'Plums-burgundy, organic','PLUMS-BURGUNDY, ORGA',28.0,'lb','PLUMS-BURGUNDY, ORGAUSA','FRO',5450,'','',0.000,'2014-07-15',0.00,36.000,1.286,1.325,1.325,1.325,1.603,1.60,'SP110','','','Y',0.00,0,0.0,0.0,0.0,0,0,0,0,'USA','O','2014-07-15',1.325,'',0,0,0,0.0,1.286,'FOR000',36.000,'',''),
	('',1018,'Cucumber-melon tondo, organic','CUCUMBER-MELON TONDO',30.0,'lb','CUCUMBER-MELON TONDOHEP','VEG',5451,'','',0.000,'2014-09-11',0.00,30.000,1.000,1.037,1.037,1.037,1.255,1.26,'SP110','','','Y',0.00,0,0.0,0.0,0.0,0,0,0,0,'HEP','O','2014-09-11',1.037,'',0,0,0,0.0,1.000,'HEP000',30.000,'',''),
	('',1019,'Plums-early magic-minimally treated','PLUMS-EARLY MAGIC-MI',20.0,'lb','PLUMS-EARLY MAGIC-MIHEP','FRO',5452,'','',0.000,'2013-08-05',0.00,27.500,1.375,1.430,1.430,1.430,1.730,1.73,'SP110','','','Y',0.00,0,0.0,0.0,0.0,0,0,0,0,'HEP','M','2013-08-05',1.430,'',0,0,0,0.0,1.375,'HEP000',27.500,'',''),
	('',1020,'Squash-jester organic','SQUASH-JESTER ORGANI',35.0,'lb','SQUASH-JESTER ORGANIBLU','VEG',5453,'','',0.000,'2014-12-01',0.00,30.000,0.857,0.888,0.888,0.888,1.074,1.07,'SP110','','','Y',0.00,0,0.0,0.0,0.0,0,0,0,0,'BLU','O','2014-12-01',0.888,'',0,0,0,0.0,0.857,'BLU000',30.000,'',''),
	('',1021,'Squash-autumn crown organic','SQUASH-AUTUMN CROWN',35.0,'lb','SQUASH-AUTUMN CROWNBLU','VEG',5454,'','',0.000,'2015-02-02',0.00,35.000,1.000,1.031,1.031,1.031,1.248,1.25,'SP110','','','Y',0.00,0,0.0,0.0,0.0,0,0,0,0,'BLU','O','2015-02-02',1.031,'',0,0,0,0.0,1.000,'BLU000',35.000,'',''),
	('',1022,'Cauliflower-green organic','CAULIFLOWER-GREEN OR',20.0,'lb','CAULIFLOWER-GREEN ORLAN','VEG',5455,'','',0.000,'2014-11-03',0.00,34.000,1.700,1.755,1.755,1.755,2.124,2.12,'SP110','','','Y',0.00,0,0.0,0.0,0.0,0,0,0,0,'LAN','O','2014-11-03',1.755,'',0,0,0,0.0,1.700,'LAN000',34.000,'',''),
	('',1023,'Squash-honeynut organic','SQUASH-HONEYNUT ORGA',35.0,'lb','SQUASH-HONEYNUT ORGABLU','VEG',5456,'','',0.000,'2014-11-28',0.00,30.000,0.857,0.888,0.888,0.888,1.074,1.07,'SP110','','','Y',0.00,0,0.0,0.0,0.0,0,0,0,0,'BLU','O','2014-11-28',0.888,'',0,0,0,0.0,0.857,'BLU000',30.000,'',''),
	('',1024,'Tamarind','TAMARIND',40.0,'lb','TAMARINDMEX','FRO',5457,'','',0.000,'2013-10-22',0.00,50.000,1.250,1.353,1.353,1.353,1.637,1.64,'SP50','','','Y',0.00,0,0.0,0.0,0.0,0,0,0,0,'MEX','R','2013-10-22',1.353,'',0,0,0,0.0,1.340,'JED360',53.600,'',''),
	('',1025,'Echallions-organic','ECHALLIONS-ORGANIC',40.0,'lb','ECHALLIONS-ORGANICNY','VEG',5458,'','',0.000,'2014-12-01',0.00,150.000,3.750,3.778,3.778,3.778,4.571,4.57,'SP110','','','Y',0.00,0,0.0,0.0,0.0,0,0,0,0,'NY','O','2014-12-01',3.778,'',0,0,0,0.0,3.750,'SKY000',150.000,'',''),
	('',1026,'Onions-white, organic','ONIONS-WHITE, ORGANI',40.0,'lb','ONIONS-WHITE, ORGANIUSA','VEG',5459,'','',0.000,'2015-04-27',0.00,43.900,1.098,1.126,1.126,1.126,1.362,1.36,'SP110','','','Y',0.00,0,0.0,0.0,0.0,0,0,0,0,'USA','O','2015-04-27',1.126,'',0,0,0,0.0,1.098,'ALB000',43.900,'',''),
	('',1027,'Halos-mandarin 3# bags','HALOS-MANDARIN 3# BA',10.0,'ea','HALOS-MANDARIN 3# BAUSA','FRC',5460,'','',0.000,'2015-05-05',0.00,42.000,4.200,4.560,4.560,4.560,5.518,5.52,'','','','Y',0.00,0,0.0,0.0,0.0,0,0,0,0,'USA','RW','2015-05-05',4.560,'',0,0,0,0.0,4.560,'JED360',45.600,'',''),
	('',1028,'Bok Choy-baby, red organic','BOK CHOY-BABY, RED O',22.0,'lb','BOK CHOY-BABY, RED OUSA','VEG',5461,'','',0.000,'2015-05-27',0.00,39.000,1.773,1.823,1.823,1.823,2.206,2.21,'SP110','','','Y',0.00,0,0.0,0.0,0.0,0,0,0,0,'USA','O','2015-05-18',1.823,'',0,0,0,0.0,1.773,'FOR000',39.000,'',''),
	('',1029,'Tangerine-TDE shasta organic','TANGERINE-TDE SHASTA',20.0,'lb','TANGERINE-TDE SHASTAUSA','FRC',5462,'','',0.000,'2015-03-04',0.00,44.000,2.200,2.255,2.255,2.255,2.729,2.73,'SP110','','','Y',0.00,0,0.0,0.0,0.0,0,0,0,0,'USA','O','2015-03-04',2.255,'',0,0,0,0.0,2.200,'ALB000',44.000,'',''),
	('',1030,'Tangerine-pixie organic','TANGERINE-PIXIE ORGA',25.0,'lb','TANGERINE-PIXIE ORGACA','FRC',5463,'','',0.000,'2015-03-06',1.99,59.000,2.360,2.404,2.404,2.404,2.909,1.99,'SP110','','','Y',0.00,0,0.0,0.0,0.0,0,0,0,0,'CA','O','2015-03-06',2.404,'',0,0,0,0.0,2.360,'ANG000',59.000,'',''),
	('',1031,'Halos. loose','HALOS. LOOSE',30.0,'lb','HALOS. LOOSEUSA','FRC',5464,'','',0.000,'2015-05-05',0.00,42.000,1.400,1.523,1.523,1.523,1.843,1.84,'SP10','','','Y',0.00,0,0.0,0.0,0.0,0,0,0,0,'USA','RW','2015-05-05',1.523,'',0,0,0,0.0,1.520,'JED360',45.600,'',''),
	('',1032,'Tomatoes-ArtiSun cocktail 14oz cup','TOMATOES-ARTISUN COC',8.0,'ea','TOMATOES-ARTISUN COCUSA','VEG',5465,'','',0.000,'2015-02-11',0.00,29.500,3.688,3.751,3.751,3.751,4.539,4.54,'SP50','','','Y',0.00,0,0.0,0.0,0.0,0,0,0,0,'USA','R','2015-02-11',3.751,'',0,0,0,0.0,3.688,'ELI000',29.500,'',''),
	('',1033,'Basil-4 oz cups organic','BASIL-4 OZ CUPS ORGA',6.0,'ea','BASIL-4 OZ CUPS ORGAMA','VEG',5466,'','',0.000,'2015-06-12',0.00,19.500,3.250,3.433,3.433,3.433,4.154,4.15,'SP110','','','Y',0.00,0,0.0,0.0,0.0,0,0,0,0,'MA','O','2015-06-12',3.433,'',0,0,0,0.0,3.250,'ALB000',19.500,'','1 WIDE'),
	('',1034,'Mushroom-nebrodini organic','MUSHROOM-NEBRODINI O',3.0,'lb','MUSHROOM-NEBRODINI OUSA','VEG',5467,'','',0.000,'2015-07-07',0.00,33.000,11.000,11.367,11.367,11.367,13.754,13.75,'SP110','','','Y',264.00,0,6.0,2.0,8.0,0,1,0,0,'USA','R','2015-05-04',11.367,'',0,1,0,0.0,11.000,'IRW000',33.000,'','REMOVE FROM BAGS'),
	('',1035,'Greens-pea shoots baby organic','GREENS-PEA SHOOTS BA',4.0,'lb','GREENS-PEA SHOOTS BAHEP','VEG',5468,'','',0.000,'2015-06-18',0.00,14.000,3.500,3.775,3.775,3.775,4.568,4.57,'SP110','','','Y',0.00,0,0.0,0.0,0.0,0,0,0,0,'HEP','O','2015-06-18',3.775,'',0,0,0,0.0,3.500,'HEP000',14.000,'',''),
	('',1036,'Mangoes-Haitian.','MANGOES-HAITIAN.',12.0,'lb','MANGOES-HAITIAN.HAI','FRO',5469,'','',0.000,'2015-07-01',0.00,10.000,0.833,1.100,1.100,1.100,1.331,1.33,'SP50','','','Y',0.00,0,0.0,0.0,0.0,0,0,0,0,'HAI','R','2015-07-01',1.100,'',0,0,0,0.0,1.058,'JED270',12.700,'',''),
	('',1037,'Yu choi sum bunch organic','YU CHOI SUM BUNCH OR',24.0,'bu','YU CHOI SUM BUNCH ORHEP','VEG',5470,'','',0.000,'2014-05-08',0.00,30.000,1.250,1.296,1.296,1.296,1.568,1.57,'SP110','','','Y',0.00,0,0.0,0.0,0.0,0,0,0,0,'HEP','O','2014-05-08',1.296,'',0,0,0,0.0,1.250,'HEP000',30.000,'',''),
	('',1038,'Broccoleaf organic','BROCCOLEAF ORGANIC',16.0,'lb','BROCCOLEAF ORGANICHEP','VEG',5471,'','',0.000,'2015-06-18',0.00,27.000,1.688,1.757,1.757,1.757,2.126,2.13,'SP110','','','Y',0.00,0,0.0,0.0,0.0,0,0,0,0,'HEP','O','2015-06-18',1.757,'',0,0,0,0.0,1.688,'HEP000',27.000,'',''),
	('',1039,'Pomegranate arils cups organic','POMEGRANATE ARILS CU',16.0,'ea','POMEGRANATE ARILS CUPER','FRO',5472,'','',0.000,'2014-05-27',0.00,42.000,2.625,2.694,2.694,2.694,3.260,3.26,'SP110','','','Y',0.00,0,0.0,0.0,0.0,0,0,0,0,'PER','O','2014-05-27',2.694,'',0,0,0,0.0,2.625,'ALB000',42.000,'',''),
	('',1040,'Tomatoes-on vine. IPM','TOMATOES-ON VINE. IP',10.0,'lb','TOMATOES-ON VINE. IPSOR','VEG',5473,'','',0.000,'2015-07-08',0.00,20.000,2.000,2.050,2.050,2.050,2.481,2.48,'SP50','','','Y',562.00,0,28.1,0.0,28.1,0,1,0,0,'SOR','R','2015-07-06',2.050,'',0,1,0,0.0,2.000,'HEP000',20.000,'','2 BOXES HIGH'),
	('',1041,'Salad-baby tatsoi 5oz organic','SALAD-BABY TATSOI 5O',24.0,'ea','SALAD-BABY TATSOI 5OREM','VEG',5474,'','',0.000,'2015-07-06',0.00,66.000,2.750,2.796,2.796,2.796,3.383,3.38,'SP110','','','Y',264.00,0,3.0,1.0,4.0,0,1,0,0,'REM','O','2015-06-03',2.796,'',1,1,0,0.0,2.750,'REM000',66.000,'','2 WIDE'),
	('',1042,'Herbs- chives Korean local organic','HERBS- CHIVES KOREAN',24.0,'ea','HERBS- CHIVES KOREANNY','VEG',5475,'','',0.000,'2015-05-14',0.00,40.000,1.667,1.713,1.743,1.743,2.109,2.11,'SP110','UNIT03','','Y',0.00,0,0.0,0.0,0.0,0,0,0,0,'NY','O','2014-06-04',1.743,'',0,0,0,0.0,1.667,'FLO000',40.000,'',''),
	('',1043,'Onions-Egyptian walking organic','ONIONS-EGYPTIAN WALK',12.0,'bu','ONIONS-EGYPTIAN WALKLAN','VEG',5476,'','',0.000,'2014-06-09',0.00,20.000,1.667,1.667,1.667,1.667,2.017,2.02,'','','','Y',0.00,0,0.0,0.0,0.0,0,0,0,0,'LAN','O','2014-06-09',1.667,'',0,0,0,0.0,1.667,'LAN000',20.000,'',''),
	('',1044,'Kale-lacinato, loose organic','KALE-LACINATO, LOOSE',7.5,'lb','KALE-LACINATO, LOOSEHEP','VEG',5477,'','',0.000,'2015-02-24',0.00,17.000,2.267,2.414,2.414,2.414,2.921,2.92,'SP110','','','Y',0.00,0,0.0,0.0,0.0,0,0,0,0,'HEP','O','2014-05-30',2.414,'',0,0,0,0.0,2.267,'HEP000',17.000,'',''),
	('',1045,'Mibuna-organic','MIBUNA-ORGANIC',24.0,'bu','MIBUNA-ORGANICHEP','VEG',5478,'','',0.000,'2015-07-08',0.00,30.000,1.250,1.296,1.296,1.296,1.568,1.57,'SP110','','','Y',0.00,0,0.0,0.0,0.0,0,0,0,0,'HEP','O','2015-07-08',1.296,'',0,0,0,0.0,1.250,'HEP000',30.000,'',''),
	('',1046,'Herbs- epazote local organic','HERBS- EPAZOTE LOCAL',24.0,'ea','HERBS- EPAZOTE LOCALFRE','VEG',5479,'','',0.000,'2015-07-08',0.00,40.000,1.667,1.713,1.743,1.743,2.109,2.11,'SP110','UNIT03','','Y',40.00,0,0.5,0.5,1.0,0,1,0,0,'FRE','O','2015-06-23',1.743,'',0,1,0,0.0,1.667,'FRE000',40.000,'',''),
	('',1047,'Herbs-fenugreek organic local','HERBS-FENUGREEK ORGA',24.0,'ea','HERBS-FENUGREEK ORGAUSA','VEG',5480,'','',0.000,'2014-11-03',0.00,40.000,1.667,1.713,1.713,1.713,2.073,2.07,'SP110','','','Y',0.00,0,0.0,0.0,0.0,0,0,0,0,'USA','O','2014-11-03',1.713,'',0,0,0,0.0,1.667,'FRE000',40.000,'',''),
	('',1048,'Herbs- vietnamese cilantro local organic','HERBS- VIETNAMESE CI',24.0,'ea','HERBS- VIETNAMESE CIFRE','VEG',5481,'','',0.000,'2015-07-08',0.00,40.000,1.667,1.713,1.743,1.743,2.109,2.11,'SP110','UNIT03','','Y',40.00,0,0.5,0.5,1.0,0,1,1,0,'FRE','O','2015-06-23',1.743,'',0,1,0,0.0,1.667,'FRE000',40.000,'','ORGANIC'),
	('',1049,'Herbs-Mexican mint flower organic local','HERBS-MEXICAN MINT F',24.0,'ea','HERBS-MEXICAN MINT FHEP','VEG',5482,'','',0.000,'2014-08-06',0.00,40.000,1.667,1.713,1.713,1.713,2.073,2.07,'SP110','','','Y',0.00,0,0.0,0.0,0.0,0,0,0,0,'HEP','O','2014-08-06',1.713,'',0,0,0,0.0,1.667,'HEP000',40.000,'',''),
	('',1050,'Daikon-purple, organic','DAIKON-PURPLE, ORGAN',16.0,'lb','DAIKON-PURPLE, ORGANFRE','VEG',5483,'','',0.000,'2015-07-08',0.00,16.000,1.000,1.069,1.069,1.069,1.293,1.29,'SP110','','','Y',49.60,0,3.0,0.1,3.1,0,1,0,0,'FRE','O','2015-07-07',1.069,'',0,1,0,0.0,1.000,'FRE000',16.000,'',''),
	('',1051,'Herbs- lemon balm local organic','HERBS- LEMON BALM LO',24.0,'ea','HERBS- LEMON BALM LOWIN','VEG',5484,'','',0.000,'2015-07-08',0.00,40.000,1.667,1.713,1.743,1.743,2.109,2.11,'SP110','UNIT03','','Y',20.00,0,0.5,0.0,0.5,0,1,0,0,'WIN','O','2015-07-07',1.743,'',0,1,0,0.0,1.667,'WIN000',40.000,'',''),
	('',1052,'Herbs- stevia local organic','HERBS- STEVIA LOCAL',24.0,'ea','HERBS- STEVIA LOCALNY','VEG',5485,'','',0.000,'2015-07-06',0.00,46.000,1.917,1.963,1.993,1.993,2.412,2.41,'SP110','UNIT03','','Y',23.00,0,0.0,0.5,0.5,0,1,0,0,'NY','O','2015-06-16',1.993,'',0,1,0,0.0,1.917,'FRE000',46.000,'',''),
	('',1054,'Basil-lemon bag organic','BASIL-LEMON BAG ORGA',12.0,'ea','BASIL-LEMON BAG ORGALAN','VEG',5487,'','',0.000,'2015-06-26',0.00,30.000,2.500,2.592,2.612,2.612,3.161,3.16,'SP110','UNIT02','','Y',0.00,0,0.0,0.0,0.0,0,0,0,0,'LAN','O','2015-06-26',2.612,'',0,0,0,0.0,2.500,'LAN000',30.000,'','DISPLAY IN BAG'),
	('',1055,'Cockscomb-each stem, organic #7794','COCKSCOMB-EACH STEM,',10.0,'ea','COCKSCOMB-EACH STEM,HEP','FLO',5488,'','',0.000,'2014-10-13',0.00,12.500,1.250,1.260,1.260,1.260,1.525,1.53,'SP10','','','Y',0.00,0,0.0,0.0,0.0,0,0,0,0,'HEP','O','2014-10-13',1.260,'',0,0,0,0.0,1.250,'HEP000',12.500,'',''),
	('',1056,'Amaranth-globe bunched organic','AMARANTH-GLOBE BUNCH',1.0,'bu','AMARANTH-GLOBE BUNCHHEP','FLO',5489,'','',0.000,'2014-11-18',0.00,3.250,3.250,3.290,3.290,3.290,3.981,3.98,'SP04','','','Y',0.00,0,0.0,0.0,0.0,0,0,0,0,'HEP','O','2014-11-18',3.290,'',0,0,0,0.0,3.250,'HEP000',3.250,'',''),
	('',1057,'Squash-limon, organic','SQUASH-LIMON, ORGANI',25.0,'lb','SQUASH-LIMON, ORGANIBLU','VEG',5490,'','',0.000,'2014-08-19',0.00,25.000,1.000,1.044,1.044,1.044,1.263,1.26,'SP110','','','Y',0.00,0,0.0,0.0,0.0,0,0,0,0,'BLU','O','2014-08-18',1.044,'',0,0,0,0.0,1.000,'BLU000',25.000,'',''),
	('',1058,'Squash-avocado, organic','SQUASH-AVOCADO, ORGA',25.0,'lb','SQUASH-AVOCADO, ORGABLU','VEG',5491,'','',0.000,'2014-08-19',0.00,25.000,1.000,1.044,1.044,1.044,1.263,1.26,'SP110','','','Y',0.00,0,0.0,0.0,0.0,0,0,0,0,'BLU','O','2014-08-19',1.044,'',0,0,0,0.0,1.000,'BLM000',25.000,'',''),
	('',1059,'Echinacea blossoms-organic','ECHINACEA BLOSSOMS-O',50.0,'ea','ECHINACEA BLOSSOMS-ONY','VEG',5492,'','',0.000,'2014-08-12',0.00,20.000,0.400,0.422,0.422,0.422,0.511,0.51,'SP110','','','Y',0.00,0,0.0,0.0,0.0,0,0,0,0,'NY','O','2014-08-12',0.422,'',0,0,0,0.0,0.400,'WIN000',20.000,'','.51 CENTS EACH BLOSSOM'),
	('',1060,'Watermelon-mini yellow seedless organic','WATERMELON-MINI YELL',40.0,'lb','WATERMELON-MINI YELLFLO','FRO',5493,'','',0.000,'2014-08-25',0.00,30.000,0.750,0.778,0.778,0.778,0.941,0.94,'SP110','','','Y',0.00,0,0.0,0.0,0.0,0,0,0,0,'FLO','O','2014-08-25',0.778,'',0,0,0,0.0,0.750,'FLO000',30.000,'',''),
	('',1061,'Statice bunched organic','STATICE BUNCHED ORGA',1.0,'ea','STATICE BUNCHED ORGAHEP','FLO',5494,'','',0.000,'2014-09-18',0.00,3.250,3.250,3.290,3.290,3.290,3.981,3.98,'SP04','','','Y',0.00,0,0.0,0.0,0.0,0,0,0,0,'HEP','O','2014-09-18',3.290,'',0,0,0,0.0,3.250,'HEP000',3.250,'',''),
	('',1062,'Carrots- bunch yellow organic','CARROTS- BUNCH YELLO',24.0,'bu','CARROTS- BUNCH YELLONY','VEG',5495,'','',0.000,'2014-08-29',0.00,42.000,1.750,1.796,1.796,1.796,2.173,2.17,'SP110','','','Y',0.00,0,0.0,0.0,0.0,0,0,0,0,'NY','O','2014-08-29',1.796,'',0,0,0,0.0,1.750,'ANG000',42.000,'',''),
	('',1063,'Sprouts-radish or clover','SPROUTS-RADISH OR CL',12.0,'ea','SPROUTS-RADISH OR CLLOC','VEG',5496,'','',0.000,'2015-02-16',0.00,15.150,1.263,1.305,1.305,1.305,1.579,1.58,'SP50','','','Y',0.00,0,0.0,0.0,0.0,0,0,0,0,'LOC','R','2015-02-16',1.305,'',0,0,0,0.0,1.263,'ALB000',15.150,'','3 WIDE');

INSERT INTO `items` (`INVUPC`, `INVSKU`, `INVDESC`, `INVNAME`, `INVPACK`, `INVSIZE`, `INVKEY`, `INVCAT`, `JUNK_SEQ`, `INVOINFO`, `INVHEAL`, `INVPUOVER`, `INVDATE`, `INVPFOVER`, `INVPCAS`, `INVPUNI`, `INVPCLAS`, `INVPMUL`, `INVPADD`, `INVPTAX`, `INVPFIN`, `INVCLAS`, `INVCMUL`, `INVCADD`, `INVCTAX`, `INVTOTVAL`, `INVPLU`, `INVONNHB`, `INVONHG`, `INVVONH`, `INVPROM`, `INVACTV`, `INVSEL`, `INVORG`, `INVCCODE`, `INVWAX`, `INVADATE`, `INVPADD2`, `INVCADD2`, `INVFLAG1`, `INVFLAG2`, `INVFLAG3`, `INVLOSS`, `INVPVEN`, `INVVCODE`, `INVCASE_ADJ`, `INVMENU`, `INVLABELNOTES`)
VALUES
	('',1064,'Grapes-red seedless cup organic','GRAPES-RED SEEDLESS',8.0,'ea','GRAPES-RED SEEDLESSUSA','FRO',5497,'','',0.000,'2015-06-08',0.00,29.000,3.625,3.763,3.763,3.763,4.553,4.55,'SP110','','','Y',0.00,0,0.0,0.0,0.0,0,0,0,0,'USA','O','2015-06-08',3.763,'',0,0,0,0.0,3.625,'FOR000',29.000,'',''),
	('',1065,'Broccoli. rabe Chinese-organic','BROCCOLI. RABE CHINE',24.0,'bu','BROCCOLI. RABE CHINENY','VEG',5498,'','',0.000,'2015-06-03',0.00,38.000,1.583,1.629,1.629,1.629,1.971,1.97,'SP110','','','Y',0.00,0,0.0,0.0,0.0,0,0,0,0,'NY','O','2015-06-03',1.629,'',0,0,0,0.0,1.583,'STI000',38.000,'',''),
	('',1066,'Mustards-gai choi organic','MUSTARDS-GAI CHOI OR',24.0,'bu','MUSTARDS-GAI CHOI ORNY','VEG',5499,'','',0.000,'2014-09-29',0.00,36.000,1.500,1.546,1.546,1.546,1.871,1.87,'SP110','','','Y',0.00,0,0.0,0.0,0.0,0,0,0,0,'NY','O','2014-09-29',1.546,'',0,0,0,0.0,1.500,'STI000',36.000,'',''),
	('',1067,'Tomatoes-pomodoro sauce 5lb box organic','TOMATOES-POMODORO SA',1.0,'ea','TOMATOES-POMODORO SAHEP','VEG',5500,'','',0.000,'2014-10-22',0.00,5.000,5.000,5.220,5.220,5.220,6.316,6.32,'SP22','','','Y',0.00,0,0.0,0.0,0.0,0,0,0,0,'HEP','O','2014-10-22',5.220,'',0,0,0,0.0,5.000,'HEP000',5.000,'',''),
	('',1068,'Mushroom-chicken of the woods','MUSHROOM-CHICKEN OF',1.0,'lb','MUSHROOM-CHICKEN OFUSA','VEG',5501,'','',0.000,'2015-07-08',0.00,11.000,11.000,11.500,11.500,11.500,13.915,13.92,'SP50','','','Y',1.10,0,0.1,0.0,0.1,0,1,1,0,'USA','R','2015-07-08',11.500,'',0,1,0,0.0,11.000,'IRW000',11.000,'','1 BOX DO NOT STACK'),
	('',1069,'Spartan, minimally treated','SPARTAN, MINIMALLY T',38.0,'lb','SPARTAN, MINIMALLY THEP','FRA',5502,'','',0.000,'2014-10-28',0.00,35.000,0.921,0.950,0.950,0.950,1.150,1.15,'SP110','','','Y',0.00,0,0.0,0.0,0.0,0,0,0,0,'HEP','O','2014-10-28',0.950,'',0,0,0,0.0,0.921,'HEP000',35.000,'',''),
	('',1070,'Grapes-concord. 2lb cup','GRAPES-CONCORD. 2LB',6.0,'ea','GRAPES-CONCORD. 2LBNOS','FRO',5503,'','',0.000,'2014-10-06',0.00,17.000,2.833,2.833,2.833,2.833,3.428,3.43,'','','','Y',0.00,0,0.0,0.0,0.0,0,0,0,0,'NOS','R','2014-10-06',2.833,'',0,0,0,0.0,2.833,'HEP000',17.000,'',''),
	('',1071,'Micro greens cup pesticide free','MICRO GREENS CUP PES',12.0,'ea','MICRO GREENS CUP PESBLM','VEG',5505,'','',0.000,'2015-07-08',0.00,48.000,4.000,4.092,4.092,4.092,4.951,4.95,'SP110','','','Y',350.40,0,5.0,2.3,7.3,0,1,0,0,'BLM','O','2015-03-17',4.092,'',0,1,0,0.0,4.000,'BLM000',48.000,'',''),
	('',1072,'Squash-cinderella organic','SQUASH-CINDERELLA OR',35.0,'lb','SQUASH-CINDERELLA ORHEP','VEG',5506,'','',0.000,'2014-10-30',0.00,32.000,0.914,0.945,0.945,0.945,1.143,1.14,'SP110','','','Y',0.00,0,0.0,0.0,0.0,0,0,0,0,'HEP','O','2014-10-30',0.945,'',0,0,0,0.0,0.914,'HEP000',32.000,'',''),
	('',1073,'Feijoa-pineapple guava, organic','FEIJOA-PINEAPPLE GUA',5.0,'lb','FEIJOA-PINEAPPLE GUACA','FRO',5507,'','',0.000,'2014-12-18',0.00,48.250,9.650,9.870,9.870,9.870,11.943,11.94,'SP110','','','Y',0.00,0,0.0,0.0,0.0,0,0,0,0,'CA','O','2014-12-18',9.870,'',0,0,0,0.0,9.650,'ALB000',48.250,'','DISPLAY IN TRAY DO NOT MOUND'),
	('',1074,'Red delicious, minimally treated','RED DELICIOUS, MINIM',38.0,'lb','RED DELICIOUS, MINIMHEP','FRA',5508,'','',0.000,'2014-12-15',0.00,35.000,0.921,0.950,0.950,0.950,1.150,1.15,'SP110','','','Y',0.00,0,0.0,0.0,0.0,0,0,0,0,'HEP','M','2014-12-15',0.950,'',0,0,0,0.0,0.921,'HEP000',35.000,'',''),
	('',1075,'Sensopai organic','SENSOPAI ORGANIC',24.0,'bu','SENSOPAI ORGANICHEP','VEG',5509,'','',0.000,'2014-11-21',0.00,36.000,1.500,1.546,1.546,1.546,1.871,1.87,'SP110','','','Y',0.00,0,0.0,0.0,0.0,0,0,0,0,'HEP','O','2014-11-21',1.546,'',1,0,0,0.0,1.500,'HEP000',36.000,'',''),
	('',1076,'Brussels sprouts- purple baby','BRUSSELS SPROUTS- PU',10.0,'ea','BRUSSELS SPROUTS- PUHOL','VEG',5511,'','',0.000,'2015-02-08',0.00,20.500,2.050,2.160,2.160,2.160,2.614,2.61,'SP110','','','Y',0.00,0,0.0,0.0,0.0,0,0,0,0,'HOL','R','2015-02-08',2.160,'',0,0,0,0.0,2.050,'BAL000',20.500,'',''),
	('',1077,'Garlic-braid smoked french','GARLIC-BRAID SMOKED',20.0,'ea','GARLIC-BRAID SMOKEDFRA','VEG',5512,'','',0.000,'2015-01-28',0.00,125.000,6.250,6.305,6.305,6.305,7.629,7.63,'SP110','','','Y',0.00,0,0.0,0.0,0.0,0,0,0,0,'FRA','R','2015-01-28',6.305,'',0,0,0,0.0,6.250,'BAL000',125.000,'',''),
	('',1078,'Pears-abate fetel. 2 kilo box','PEARS-ABATE FETEL. 2',1.0,'ea','PEARS-ABATE FETEL. 2ITA','FRO',5513,'','',0.000,'2014-12-29',0.00,6.500,6.500,6.500,6.500,6.500,7.865,7.87,'','','','Y',0.00,0,0.0,0.0,0.0,0,0,0,0,'ITA','R','2014-12-29',6.500,'',0,0,0,0.0,6.500,'BAL000',6.500,'',''),
	('',1079,'Squash-koginut organic','SQUASH-KOGINUT ORGAN',35.0,'lb','SQUASH-KOGINUT ORGANUSA','VEG',5514,'','',0.000,'2014-12-22',0.00,30.000,0.857,0.888,0.888,0.888,1.074,1.07,'SP110','','','Y',0.00,0,0.0,0.0,0.0,0,0,0,0,'USA','O','2014-12-22',0.888,'',0,0,0,0.0,0.857,'BLU000',30.000,'',''),
	('',1080,'Pears-abate fetel.','PEARS-ABATE FETEL.',4.4,'lb','PEARS-ABATE FETEL.ITA','FRO',5515,'','',0.000,'2014-12-19',0.00,6.500,1.477,1.591,1.591,1.591,1.925,1.93,'SP50','','','Y',0.00,0,0.0,0.0,0.0,0,0,0,0,'ITA','O','2014-12-19',1.591,'',0,0,0,0.0,1.477,'BAL000',6.500,'',''),
	('',1081,'Carrots-baby rainbow organic 12oz bags','CARROTS-BABY RAINBOW',12.0,'ea','CARROTS-BABY RAINBOWUSA','VEG',5516,'','',0.000,'2015-05-21',0.00,18.000,1.500,1.592,1.592,1.592,1.926,1.93,'SP110','','','Y',0.00,0,0.0,0.0,0.0,0,0,0,0,'USA','O','2015-05-21',1.592,'',0,0,0,0.0,1.500,'ALB000',18.000,'','1 WIDE'),
	('',1082,'Jonagold, minimally treated','JONAGOLD, MINIMALLY',38.0,'lb','JONAGOLD, MINIMALLYHEP','FRA',5517,'','',0.000,'2015-01-02',0.00,35.000,0.921,0.950,0.950,0.950,1.150,1.15,'SP110','','','Y',0.00,0,0.0,0.0,0.0,0,0,0,0,'HEP','M','2015-01-02',0.950,'',0,0,0,0.0,0.921,'HEP000',35.000,'',''),
	('',1083,'Opal, organic','OPAL, ORGANIC',27.0,'lb','OPAL, ORGANICUSA','FRA',5518,'','',0.000,'2015-01-12',0.00,44.000,1.630,1.671,1.671,1.671,2.022,2.02,'SP110','','','Y',0.00,0,0.0,0.0,0.0,0,0,0,0,'USA','O','2015-01-12',1.671,'',0,0,0,0.0,1.630,'ALB000',44.000,'',''),
	('',1084,'Tomatoes-somerset pinks Backyard Farm','TOMATOES-SOMERSET PI',10.0,'ea','TOMATOES-SOMERSET PIME','VEG',5519,'','',0.000,'2015-01-09',0.00,30.000,3.000,3.410,3.410,3.410,4.126,4.13,'SP50','','','Y',0.00,0,0.0,0.0,0.0,0,0,0,0,'ME','R','2015-01-09',3.410,'',0,0,0,0.0,3.360,'JED360',33.600,'',''),
	('',1085,'Salad-butterhead cup pesticide free','SALAD-BUTTERHEAD CUP',8.0,'ea','SALAD-BUTTERHEAD CUPBK','VEG',5520,'','',0.000,'2015-07-08',0.00,23.000,2.875,2.938,2.938,2.938,3.555,3.56,'SP50','','','Y',209.30,0,9.1,0.0,9.1,0,1,0,0,'BK','P','2015-07-06',2.938,'',0,1,0,0.0,2.875,'GOT000',23.000,'','3 WIDE'),
	('',1086,'Salad-iceberg cup pesticide free','SALAD-ICEBERG CUP PE',8.0,'ea','SALAD-ICEBERG CUP PEBK','VEG',5521,'','',0.000,'2015-07-08',0.00,23.000,2.875,2.938,2.938,2.938,3.555,3.56,'SP50','','','Y',278.30,0,12.1,0.0,12.1,0,1,0,0,'BK','P','2015-07-06',2.938,'',0,1,0,0.0,2.875,'GOT000',23.000,'','3 WIDE'),
	('',1087,'Basil-pesticide free','BASIL-PESTICIDE FREE',12.0,'ea','BASIL-PESTICIDE FREEBK','VEG',5522,'','',0.000,'2015-07-08',0.00,34.000,2.833,2.875,2.875,2.875,3.479,3.48,'SP50','','','Y',272.00,0,6.0,2.0,8.0,0,1,0,0,'BK','P','2015-04-13',2.875,'',0,1,0,0.0,2.833,'GOT000',34.000,'','2 WIDE'),
	('',1088,'Arugula. cup','ARUGULA. CUP',12.0,'ea','ARUGULA. CUPUSA','VEG',5523,'','',0.000,'2015-05-13',0.00,19.500,1.625,1.667,1.667,1.667,2.017,2.02,'SP50','','','Y',0.00,0,0.0,0.0,0.0,0,0,0,0,'USA','P','2015-05-13',1.667,'',0,0,0,0.0,1.625,'BAL000',19.500,'',''),
	('',1089,'Strawberries- 1 lb box, organic','STRAWBERRIES- 1 LB B',8.0,'ea','STRAWBERRIES- 1 LB BCA','FRO',5524,'','',0.000,'2015-07-08',0.00,24.000,3.000,3.138,3.138,3.138,3.797,3.80,'SP110','','','Y',4416.00,0,181.0,3.0,184.0,0,1,0,0,'CA','O','2015-06-01',3.138,'',0,1,0,0.0,3.000,'FOR000',24.000,'','3 WIDE'),
	('',1090,'Herbs-thyme','HERBS-THYME',12.0,'ea','HERBS-THYMEREA','VEG',5525,'','',0.000,'2015-06-15',0.00,12.500,1.042,1.084,1.084,1.084,1.312,1.31,'SP50','','','Y',0.00,0,0.0,0.0,0.0,0,0,0,0,'REA','R','2015-06-15',1.084,'',0,0,0,0.0,1.042,'FOR000',12.500,'',''),
	('',1091,'Salad-lettuce medley cup pesticide free','SALAD-LETTUCE MEDLEY',8.0,'ea','SALAD-LETTUCE MEDLEYBK','VEG',5526,'','',0.000,'2015-07-08',0.00,23.000,2.875,2.938,2.938,2.938,3.555,3.56,'SP50','','','Y',94.30,0,4.0,0.1,4.1,0,1,0,0,'BK','P','2015-07-07',2.938,'',0,1,0,0.0,2.875,'GOT000',23.000,'','3 WIDE'),
	('',1092,'Herbs-tarragon','HERBS-TARRAGON',12.0,'ea','HERBS-TARRAGONREA','VEG',5527,'','',0.000,'2015-02-27',0.00,12.500,1.042,1.084,1.084,1.084,1.312,1.31,'SP50','','','Y',0.00,0,0.0,0.0,0.0,0,0,0,0,'REA','R','2015-02-27',1.084,'',0,0,0,0.0,1.042,'FOR000',12.500,'',''),
	('',1093,'Herbs-rosemary','HERBS-ROSEMARY',12.0,'ea','HERBS-ROSEMARYREA','VEG',5528,'','',0.000,'2015-07-06',0.00,12.500,1.042,1.084,1.084,1.084,1.312,1.31,'SP50','','','Y',17.50,0,1.0,0.4,1.4,0,1,0,0,'REA','R','2015-02-09',1.084,'',0,1,0,0.0,1.042,'FOR000',12.500,'',''),
	('',1094,'Herbs- mint organic','HERBS- MINT ORGANIC',12.0,'ea','HERBS- MINT ORGANICREA','VEG',5529,'','',0.000,'2015-04-30',0.00,21.000,1.750,1.842,1.842,1.842,2.229,2.23,'SP110','','','Y',0.00,0,0.0,0.0,0.0,0,0,0,0,'REA','O','2015-04-30',1.842,'',0,0,0,0.0,1.750,'FOR000',21.000,'',''),
	('',1095,'Herbs- bay leaves organic','HERBS- BAY LEAVES OR',12.0,'ea','HERBS- BAY LEAVES ORREA','VEG',5530,'','',0.000,'2015-07-06',0.00,21.000,1.750,1.842,1.842,1.842,2.229,2.23,'SP110','','','Y',21.00,0,0.5,0.5,1.0,0,1,0,0,'REA','O','2015-01-26',1.842,'',0,1,0,0.0,1.750,'FOR000',21.000,'',''),
	('',1096,'Herbs-sage','HERBS-SAGE',12.0,'ea','HERBS-SAGEREA','VEG',5531,'','',0.000,'2015-05-25',0.00,12.500,1.042,1.084,1.084,1.084,1.312,1.31,'SP50','','','Y',0.00,0,0.0,0.0,0.0,0,0,0,0,'REA','R','2015-05-25',1.084,'',0,0,0,0.0,1.042,'FOR000',12.500,'',''),
	('',1097,'Herbs- marjoram organic','HERBS- MARJORAM ORGA',12.0,'ea','HERBS- MARJORAM ORGAREA','VEG',5532,'','',0.000,'2015-07-08',0.00,21.000,1.750,1.842,1.842,1.842,2.229,2.23,'SP110','','','Y',27.30,0,0.5,0.8,1.3,0,1,0,0,'REA','O','2015-02-09',1.842,'',0,1,0,0.3,1.750,'ALB000',21.000,'',''),
	('',1098,'Herbs-chives','HERBS-CHIVES',12.0,'ea','HERBS-CHIVESREA','VEG',5533,'','',0.000,'2015-06-23',0.00,12.500,1.042,1.084,1.084,1.084,1.312,1.31,'SP50','','','Y',0.00,0,0.0,0.0,0.0,0,0,0,0,'REA','R','2015-06-23',1.084,'',0,0,0,0.0,1.042,'FOR000',12.500,'',''),
	('',1099,'Herbs-oregano','HERBS-OREGANO',12.0,'ea','HERBS-OREGANOREA','VEG',5534,'','',0.000,'2015-05-27',0.00,12.500,1.042,1.084,1.084,1.084,1.312,1.31,'SP50','','','Y',0.00,0,0.0,0.0,0.0,0,0,0,0,'REA','R','2015-05-27',1.084,'',0,0,0,0.0,1.042,'FOR000',12.500,'',''),
	('',1100,'Tomatoes-ruby on vine organic','TOMATOES-RUBY ON VIN',8.0,'ea','TOMATOES-RUBY ON VINMEX','VEG',5535,'','',0.000,'2015-03-10',0.00,21.000,2.625,2.763,2.763,2.763,3.343,3.34,'SP110','','','Y',0.00,0,0.0,0.0,0.0,0,0,0,0,'MEX','O','2015-03-10',2.763,'',0,0,0,0.0,2.625,'BAL000',21.000,'',''),
	('',1101,'Herbs- basil organic','HERBS- BASIL ORGANIC',12.0,'ea','HERBS- BASIL ORGANICREA','VEG',5536,'','',0.000,'2015-05-12',0.00,21.000,1.750,1.842,1.842,1.842,2.229,2.23,'SP110','','','Y',0.00,0,0.0,0.0,0.0,0,0,0,0,'REA','O','2015-05-12',1.842,'',0,0,0,0.0,1.750,'FOR000',21.000,'',''),
	('',1102,'Salad-tatsoi cup','SALAD-TATSOI CUP',12.0,'ea','SALAD-TATSOI CUPUSA','VEG',5537,'','',0.000,'2015-03-31',0.00,19.500,1.625,1.667,1.667,1.667,2.017,2.02,'SP50','','','Y',0.00,0,0.0,0.0,0.0,0,0,0,0,'USA','R','2015-03-31',1.667,'',0,0,0,0.0,1.625,'BAL000',19.500,'','3 WIDE'),
	('',1103,'Melogold-plu#3152','MELOGOLD-PLU#3152',34.0,'lb','MELOGOLD-PLU#3152USA','FRC',5538,'','',0.000,'2015-05-14',0.00,31.000,0.912,0.927,0.927,0.927,1.122,1.12,'SP50','','','Y',0.00,0,0.0,0.0,0.0,0,0,0,0,'USA','R','2015-05-14',0.927,'',0,0,0,0.0,0.912,'BAL000',31.000,'',''),
	('',1104,'Peppers-padron organic','PEPPERS-PADRON ORGAN',3.0,'lb','PEPPERS-PADRON ORGANLAN','VEG',5539,'','',0.000,'2015-07-08',0.00,18.000,6.000,6.367,6.367,6.367,7.704,7.70,'SP110','','','Y',0.00,0,0.0,0.0,0.0,0,0,0,0,'LAN','O','2015-07-08',6.367,'',0,0,0,0.0,6.000,'FOR000',18.000,'',''),
	('',1105,'Salad-butterleaves cup organic','SALAD-BUTTERLEAVES C',6.0,'ea','SALAD-BUTTERLEAVES CMEU','VEG',5540,'','',0.000,'2015-03-10',0.00,18.600,3.100,3.283,3.283,3.283,3.972,3.97,'SP110','','','Y',0.00,0,0.0,0.0,0.0,0,0,0,0,'MEU','O','2015-03-10',3.283,'',0,0,0,0.0,3.100,'ALB000',18.600,'',''),
	('',1106,'Salad-mizuna cup','SALAD-MIZUNA CUP',12.0,'ea','SALAD-MIZUNA CUPUSA','VEG',5541,'','',0.000,'2015-03-19',0.00,19.500,1.625,1.667,1.667,1.667,2.017,2.02,'SP50','','','Y',0.00,0,0.0,0.0,0.0,0,0,0,0,'USA','R','2015-03-19',1.667,'',0,0,0,0.0,1.625,'BAL000',19.500,'',''),
	('',1107,'Salad-red oak cup pesticide free','SALAD-RED OAK CUP',8.0,'ea','SALAD-RED OAK CUPBK','VEG',5542,'','',0.000,'2015-03-25',0.00,23.000,2.875,2.938,2.938,2.938,3.555,3.56,'SP50','','','Y',0.00,0,0.0,0.0,0.0,0,0,0,0,'BK','P','2015-03-25',2.938,'',0,0,0,0.0,2.875,'GOT000',23.000,'',''),
	('',1108,'Salad-tropicana green leaf cup','SALAD-TROPICANA GREE',8.0,'ea','SALAD-TROPICANA GREEBK','VEG',5543,'','',0.000,'2015-03-25',0.00,23.000,2.875,2.938,2.938,2.938,3.555,3.56,'SP50','','','Y',0.00,0,0.0,0.0,0.0,0,0,0,0,'BK','P','2015-03-25',2.938,'',0,0,0,0.0,2.875,'GOT000',23.000,'',''),
	('',1109,'Watercress. cup','WATERCRESS. CUP',12.0,'ea','WATERCRESS. CUPUSA','VEG',5544,'','',0.000,'2015-04-21',0.00,19.500,1.625,1.667,1.667,1.667,2.017,2.02,'SP50','','','Y',0.00,0,0.0,0.0,0.0,0,0,0,0,'USA','O','2015-04-21',1.667,'',0,0,0,0.0,1.625,'BAL000',19.500,'',''),
	('',1110,'Guava.','GUAVA.',10.0,'lb','GUAVA.HON','FRO',5545,'','',0.000,'2015-04-27',0.00,30.000,3.000,3.050,3.050,3.050,3.691,3.69,'SP50','','','Y',0.00,0,0.0,0.0,0.0,0,0,0,0,'HON','R','2015-04-27',3.050,'',0,0,0,0.0,3.000,'BAL000',30.000,'',''),
	('',1111,'Herbs- dill organic','HERBS- DILL ORGANIC',12.0,'ea','HERBS- DILL ORGANICUSA','VEG',5546,'','',0.000,'2015-04-10',0.00,21.000,1.750,1.842,1.842,1.842,2.229,2.23,'SP110','','','Y',0.00,0,0.0,0.0,0.0,0,0,0,0,'USA','O','2015-04-10',1.842,'',0,0,0,0.0,1.750,'FOR000',21.000,'',''),
	('',1112,'Watermelon-mini red w/seeds organic','WATERMELON-MINI RED',8.0,'ea','WATERMELON-MINI REDMEX','FRO',5547,'','',0.000,'2015-04-24',0.00,27.000,3.375,3.513,3.513,3.513,4.251,4.25,'SP110','','','Y',0.00,0,0.0,0.0,0.0,0,0,0,0,'MEX','O','2015-04-24',3.513,'',0,0,0,0.0,3.375,'BAL000',27.000,'',''),
	('',1113,'Greens-braising mix organic','GREENS-BRAISING MIX',4.0,'lb','GREENS-BRAISING MIXHEP','VEG',5548,'','',0.000,'2015-05-21',0.00,26.000,6.500,6.775,6.775,6.775,8.198,8.20,'SP110','','','Y',0.00,0,0.0,0.0,0.0,0,0,0,0,'HEP','O','2015-05-21',6.775,'',0,0,0,0.0,6.500,'HEP000',26.000,'',''),
	('',1114,'Greens-mustard, garlic baby organic','GREENS-MUSTARD, GARL',3.0,'lb','GREENS-MUSTARD, GARLLAN','VEG',5549,'','',0.000,'2015-05-04',0.00,25.000,8.333,8.700,8.700,8.700,10.527,10.53,'SP110','','','Y',0.00,0,0.0,0.0,0.0,0,0,0,0,'LAN','O','2015-05-04',8.700,'',0,0,0,0.0,8.333,'LAN000',25.000,'',''),
	('',1115,'Herbs- chives local organic','HERBS- CHIVES LOCAL',24.0,'ea','HERBS- CHIVES LOCALLOC','VEG',5550,'','',0.000,'2015-07-08',0.00,40.000,1.667,1.713,1.743,1.743,2.109,2.11,'SP110','UNIT03','','Y',272.00,0,1.5,5.3,6.8,0,1,0,0,'LOC','O','2015-06-17',1.743,'',0,1,0,0.0,1.667,'HEP000',40.000,'',''),
	('',1116,'Greens-kale lacinato baby organic','GREENS-KALE LACINATO',4.0,'lb','GREENS-KALE LACINATOHEP','VEG',5551,'','',0.000,'2015-05-27',0.00,26.000,6.500,6.775,6.775,6.775,8.198,8.20,'SP110','','','Y',0.00,0,0.0,0.0,0.0,0,0,0,0,'HEP','O','2015-05-27',6.775,'',0,0,0,0.0,6.500,'HEP000',26.000,'','ORGANIC'),
	('',1117,'Fennel-baby red bands organic','FENNEL-BABY RED BAND',12.0,'ea','FENNEL-BABY RED BANDLAN','VEG',5552,'','',0.000,'2015-06-08',0.00,30.000,2.500,2.592,2.592,2.592,3.136,3.14,'SP110','','','Y',0.00,0,0.0,0.0,0.0,0,0,0,0,'LAN','O','2015-05-06',2.592,'',0,0,0,0.0,2.500,'LAN000',30.000,'',''),
	('',1118,'Garlic greens-loose, IPM','GARLIC GREENS-LOOSE',3.0,'lb','GARLIC GREENS-LOOSEPA','VEG',5553,'','',0.000,'2015-05-11',0.00,24.000,8.000,8.367,8.367,8.367,10.124,10.12,'SP110','','','Y',0.00,0,0.0,0.0,0.0,0,0,0,0,'PA','O','2015-05-11',8.367,'',0,0,0,0.0,8.000,'IRW000',24.000,'',''),
	('',1119,'Tomato-potted 4 pack, organic','TOMATO-POTTED 4 PACK',12.0,'ea','TOMATO-POTTED 4 PACKHEP','PLA',5554,'','',0.000,'2015-05-11',0.00,52.800,4.400,4.492,4.502,4.502,5.447,5.45,'SP110','UNIT01','','Y',0.00,0,0.0,0.0,0.0,0,0,0,0,'HEP','O','2015-05-11',4.502,'',0,0,0,0.0,4.400,'HEP000',52.800,'',''),
	('',1120,'Herbs- oregano local organic','HERBS- OREGANO LOCAL',24.0,'ea','HERBS- OREGANO LOCALLOC','VEG',5555,'','',0.000,'2015-07-08',0.00,40.000,1.667,1.713,1.743,1.743,2.109,2.11,'SP110','UNIT03','','Y',132.00,0,2.5,0.8,3.3,0,1,0,0,'LOC','O','2015-05-14',1.743,'',0,1,0,0.0,1.667,'HEP000',40.000,'',''),
	('',1121,'Herbs- sage local organic','HERBS- SAGE LOCAL OR',24.0,'ea','HERBS- SAGE LOCAL ORLOC','VEG',5556,'','',0.000,'2015-07-08',0.00,40.000,1.667,1.713,1.743,1.743,2.109,2.11,'SP110','UNIT03','','Y',164.00,0,2.0,2.1,4.1,0,1,0,0,'LOC','O','2015-05-12',1.743,'',0,1,0,0.0,1.667,'HEP000',40.000,'',''),
	('',1122,'Herbs- thyme local organic','HERBS- THYME LOCAL O',24.0,'ea','HERBS- THYME LOCAL OLOC','VEG',5557,'','',0.000,'2015-07-08',0.00,40.000,1.667,1.713,1.743,1.743,2.109,2.11,'SP110','UNIT03','','Y',184.00,0,2.0,2.6,4.6,0,1,0,0,'LOC','O','2015-05-26',1.743,'',0,1,0,0.0,1.667,'HEP000',40.000,'',''),
	('',1123,'Pepper-Hepworth 4\" pot, organic','PEPPER-HEPWORTH 4\" P',24.0,'ea','PEPPER-HEPWORTH 4\" PHEP','PLA',5558,'','',0.000,'2015-06-05',0.00,54.000,2.250,2.296,2.306,2.306,2.790,2.79,'SP110','UNIT01','','Y',0.00,0,0.0,0.0,0.0,0,0,0,0,'HEP','O','2015-06-05',2.306,'',0,0,0,0.0,2.250,'HEP000',54.000,'',''),
	('',1124,'Eggplant-Hepworth 4\" pot, organic','EGGPLANT-HEPWORTH 4\"',24.0,'ea','EGGPLANT-HEPWORTH 4\"HEP','PLA',5559,'','',0.000,'2015-06-05',0.00,54.000,2.250,2.296,2.306,2.306,2.790,2.79,'SP110','UNIT01','','Y',0.00,0,0.0,0.0,0.0,0,0,0,0,'HEP','O','2015-06-05',2.306,'',1,0,0,0.0,2.250,'HEP000',54.000,'',''),
	('',1125,'Tomatoes-. IPM','TOMATOES-. IPM',10.0,'lb','TOMATOES-. IPMSOR','VEG',5560,'','',0.000,'2015-07-08',0.00,25.000,2.500,2.610,2.610,2.610,3.158,3.16,'SP110','','','Y',1375.00,0,45.0,10.0,55.0,0,1,0,0,'SOR','O','2015-05-26',2.610,'',0,1,0,0.0,2.500,'HEP000',25.000,'','2 BOXES HIGH'),
	('',1126,'Greens-braising bunch organic','GREENS-BRAISING BUNC',12.0,'ea','GREENS-BRAISING BUNCNY','VEG',5561,'','',0.000,'2015-06-04',0.00,24.000,2.000,2.092,2.092,2.092,2.531,2.53,'SP110','','','Y',0.00,0,0.0,0.0,0.0,0,0,0,0,'NY','O','2015-06-04',2.092,'',0,0,0,0.0,2.000,'HEP000',24.000,'',''),
	('',1127,'Asparagus-loose, not certified organic','ASPARAGUS-LOOSE, NOT',25.0,'lb','ASPARAGUS-LOOSE, NOTHEP','VEG',5562,'','',0.000,'2015-05-27',0.00,75.000,3.000,3.044,3.044,3.044,3.683,3.68,'SP110','','','Y',0.00,0,0.0,0.0,0.0,0,0,0,0,'HEP','O','2015-05-27',3.044,'',0,0,0,0.0,3.000,'HEP000',75.000,'',''),
	('',1128,'Herbs- lemon thyme local organic','HERBS- LEMON THYME L',24.0,'ea','HERBS- LEMON THYME LNY','VEG',5563,'','',0.000,'2015-07-07',0.00,40.000,1.667,1.713,1.743,1.743,2.109,2.11,'SP110','UNIT03','','Y',0.00,0,0.0,0.0,0.0,0,0,0,0,'NY','O','2015-07-05',1.743,'',0,0,0,0.0,1.667,'FRE000',40.000,'',''),
	('',1129,'Chives-local clamshell organic','CHIVES-LOCAL CLAMSHE',12.0,'ea','CHIVES-LOCAL CLAMSHENY','VEG',5564,'','',0.000,'2015-07-02',0.00,22.200,1.850,1.942,1.942,1.942,2.350,2.35,'SP110','','','Y',0.00,0,0.0,0.0,0.0,0,0,0,0,'NY','O','2015-07-02',1.942,'',0,0,0,0.0,1.850,'FRE000',22.200,'',''),
	('',1130,'Blueberries-pint organic','BLUEBERRIES-PINT ORG',12.0,'ea','BLUEBERRIES-PINT ORGNC','FRO',5565,'','',0.000,'2015-06-17',0.00,36.000,3.000,3.092,3.092,3.092,3.741,3.74,'SP110','','','Y',0.00,0,0.0,0.0,0.0,0,0,0,0,'NC','O','2015-06-17',3.092,'',0,0,0,0.0,3.000,'FOR000',36.000,'','2 WIDE'),
	('',1131,'Onions-mini purplette organic','ONIONS-MINI PURPLETT',12.0,'ea','ONIONS-MINI PURPLETTLAN','VEG',5566,'','',0.000,'2015-07-08',0.00,30.000,2.500,2.592,2.592,2.592,3.136,3.14,'SP110','','','Y',150.00,0,3.0,2.0,5.0,0,1,0,0,'LAN','O','2015-06-16',2.592,'',0,1,0,0.0,2.500,'LAN000',30.000,'',''),
	('',1132,'Coconut-young Thai organic','COCONUT-YOUNG THAI O',9.0,'ea','COCONUT-YOUNG THAI OTHA','FRO',5567,'','',0.000,'2015-06-15',0.00,27.000,3.000,3.122,3.122,3.122,3.778,3.78,'SP110','','','Y',0.00,0,0.0,0.0,0.0,0,0,0,0,'THA','O','2015-06-15',3.122,'',0,0,0,0.0,3.000,'FOR000',27.000,'','3 WIDE'),
	('',1133,'Herbs-Hepworth 4\" pot, organic','HERBS-HEPWORTH 4\" PO',24.0,'ea','HERBS-HEPWORTH 4\" POHEP','PLA',5568,'','',0.000,'2015-07-06',0.00,36.000,1.500,1.546,1.556,1.556,1.883,1.88,'SP110','UNIT01','','Y',165.60,0,0.0,4.6,4.6,0,1,0,0,'HEP','O','2015-06-15',1.556,'',0,1,0,0.0,1.500,'HEP000',36.000,'',''),
	('',1134,'Lettuce-flashy troutback romaine organic','LETTUCE-FLASHY TROUT',20.0,'lb','LETTUCE-FLASHY TROUTNY','VEG',5569,'','',0.000,'2015-06-25',0.00,35.000,1.750,1.805,1.805,1.805,2.184,2.18,'SP110','','','Y',0.00,0,0.0,0.0,0.0,0,0,0,0,'NY','O','2015-06-24',1.805,'',0,0,0,0.0,1.750,'WIN000',35.000,'',''),
	('',1135,'Sorrel-bunch organic','SORREL-BUNCH ORGANIC',12.0,'ea','SORREL-BUNCH ORGANICHEP','VEG',5570,'','',0.000,'2015-07-05',0.00,24.000,2.000,2.092,2.092,2.092,2.531,2.53,'SP110','','','Y',24.00,0,0.0,1.0,1.0,0,1,0,0,'HEP','O','2015-06-16',2.092,'',0,1,0,0.0,2.000,'HEP000',24.000,'',''),
	('',1136,'Peas-snow gold organic','PEAS-SNOW GOLD ORGAN',10.0,'lb','PEAS-SNOW GOLD ORGANLAN','VEG',5571,'','',0.000,'2015-06-17',0.00,32.000,3.200,3.310,3.310,3.310,4.005,4.01,'SP110','','','Y',0.00,0,0.0,0.0,0.0,0,0,0,0,'LAN','O','2015-06-17',3.310,'',0,0,0,0.0,3.200,'LAN000',32.000,'',''),
	('',1137,'Apricots-cotton candy quart cup, organic','APRICOTS-COTTON CAND',16.0,'ea','APRICOTS-COTTON CANDUSA','FRO',5572,'','',0.000,'2015-06-17',0.00,56.000,3.500,3.569,3.569,3.569,4.318,4.32,'SP110','','','Y',0.00,0,0.0,0.0,0.0,0,0,0,0,'USA','O','2015-06-17',3.569,'',0,0,0,0.0,3.500,'BAL000',56.000,'',''),
	('',1138,'Cucumber-little potato, organic','CUCUMBER-LITTLE POTA',10.0,'lb','CUCUMBER-LITTLE POTALAN','VEG',5573,'','',0.000,'2015-07-08',0.00,25.000,2.500,2.610,2.610,2.610,3.158,3.16,'SP110','','','Y',62.50,0,2.0,0.5,2.5,0,1,0,0,'LAN','O','2015-06-18',2.610,'',0,1,0,0.0,2.500,'LAN000',25.000,'',''),
	('',1139,'Salad-broccoli slaw, organic','SALAD-BROCCOLI SLAW,',6.0,'ea','SALAD-BROCCOLI SLAW,USA','VEG',5574,'check date! be careful rotating','',0.000,'2015-07-07',0.00,17.600,2.933,3.116,3.116,3.116,3.770,3.77,'SP110','','','Y',142.56,0,8.0,0.1,8.1,0,1,0,0,'USA','O','2015-06-19',3.116,'',0,1,0,0.0,2.933,'ALB000',17.600,'',''),
	('',1140,'Herbs- tarragon local organic','HERBS- TARRAGON LOCA',24.0,'ea','HERBS- TARRAGON LOCALAN','VEG',5575,'','',0.000,'2015-07-06',0.00,48.000,2.000,2.046,2.076,2.076,2.512,2.51,'SP110','UNIT03','','Y',72.00,0,0.0,1.5,1.5,0,1,0,0,'LAN','O','2015-06-23',2.076,'',0,1,0,0.0,2.000,'LAN000',48.000,'',''),
	('',1141,'Garlic-spring with stalks loose organic','GARLIC-SPRING WITH S',50.0,'ea','GARLIC-SPRING WITH SLOC','VEG',5576,'','',0.000,'2015-07-07',0.00,50.000,1.000,1.022,1.022,1.022,1.237,1.24,'SP110','','','Y',250.00,0,4.0,1.0,5.0,0,1,0,0,'LOC','O','2015-06-26',1.022,'',0,1,0,0.0,1.000,'WIN000',50.000,'',''),
	('',1143,'Diva Organic','DIVA ORGANIC',38.0,'lb','DIVA ORGANICNZ','FRA',5578,'','',0.000,'2015-07-02',0.00,88.000,2.316,2.345,2.345,2.345,2.837,2.84,'SP110','','','Y',0.00,0,0.0,0.0,0.0,0,0,0,0,'NZ','O','2015-07-02',2.345,'',0,0,0,0.0,2.316,'FOR000',88.000,'',''),
	('',1144,'Edible blossoms-cup organic','EDIBLE BLOSSOMS-CUP',12.0,'ea','EDIBLE BLOSSOMS-CUPFRE','VEG',5579,'','',0.000,'2015-07-08',0.00,48.000,4.000,4.092,4.092,4.092,4.951,4.95,'SP110','','','Y',52.80,0,1.0,0.1,1.1,0,1,0,0,'FRE','O','2015-07-07',4.092,'',0,1,0,0.0,4.000,'FRE000',48.000,'',''),
	('',1145,'Herbs- rosemary local organic','HERBS- ROSEMARY LOCA',24.0,'ea','HERBS- ROSEMARY LOCALAN','VEG',5580,'','',0.000,'2015-07-08',0.00,40.000,1.667,1.713,1.743,1.743,2.109,2.11,'SP110','UNIT03','','Y',44.00,0,1.0,0.1,1.1,0,1,0,0,'LAN','O','2015-07-07',1.743,'',0,1,0,0.0,1.667,'LAN000',40.000,'',''),
	('',1146,'Raspberries-local IPM','RASPBERRIES-LOCAL IP',12.0,'ea','RASPBERRIES-LOCAL IPHEP','FRO',5581,'','',0.000,'2015-07-08',0.00,38.000,3.167,3.259,3.259,3.259,3.943,3.94,'SP110','','','Y',1143.80,0,30.0,0.1,30.1,0,1,0,0,'HEP','O','2015-07-06',3.259,'',0,1,0,0.0,3.167,'HEP000',38.000,'','DISPLAY IN BOX'),
	('',1147,'Plums-santa rosa cup, organic','PLUMS-SANTA ROSA CUP',16.0,'ea','PLUMS-SANTA ROSA CUPUSA','FRO',5582,'','',0.000,'2015-07-06',0.00,58.000,3.625,3.694,3.694,3.694,4.470,4.47,'SP110','','','Y',1566.00,0,26.0,1.0,27.0,0,1,0,0,'USA','O','2015-07-02',3.694,'',0,1,0,0.0,3.625,'BAL000',58.000,'',''),
	('',1148,'Tomato grape red organic','TOMATO GRAPE RED ORG',12.0,'ea','TOMATO GRAPE RED ORGLAN','VEG',5583,'','',0.000,'2015-07-06',0.00,34.000,2.833,2.925,2.925,2.925,3.539,3.54,'SP110','','','Y',0.00,0,0.0,0.0,0.0,0,0,0,0,'LAN','O','2015-07-06',2.925,'',0,0,0,0.0,2.833,'LAN000',34.000,'',''),
	('',1149,'Oranges-valencia, Sunkist or PLU 3108','ORANGES-VALENCIA, SU',40.0,'lb','ORANGES-VALENCIA, SUUSA','FRC',5584,'','',0.000,'2015-07-06',0.00,26.000,0.650,0.753,0.753,0.753,0.911,0.91,'SP50','','','Y',399.60,0,12.0,1.5,13.5,0,1,0,0,'USA','RW','2015-07-06',0.753,'',0,1,0,0.0,0.740,'JED360',29.600,'',''),
	('',1150,'Mixed bouquet bunched organic','MIXED BOUQUET BUNCHE',6.0,'ea','MIXED BOUQUET BUNCHEOLD','FLO',5585,'','',0.000,'2015-07-08',0.00,40.000,6.667,6.684,6.684,6.684,8.088,8.09,'SP10','','','Y',0.00,0,0.0,0.0,0.0,0,0,1,0,'OLD','O','2015-07-08',6.684,'',0,1,0,0.0,6.667,'ANG000',40.000,'',''),
	('',1151,'Field bouquet bunched organic','FIELD BOUQUET BUNCHE',8.0,'ea','FIELD BOUQUET BUNCHEOLD','FLO',5586,'','',0.000,'2015-07-08',0.00,45.000,5.625,5.638,5.638,5.638,6.822,6.82,'SP10','','','Y',4.50,0,0.1,0.0,0.1,0,1,1,0,'OLD','O','2015-07-08',5.638,'',0,1,0,0.0,5.625,'ANG000',45.000,'',''),
	('',1152,'Cucumber-Persian loose organic','CUCUMBER-PERSIAN LOO',20.0,'lb','CUCUMBER-PERSIAN LOOHEP','VEG',5587,'','',0.000,'2015-07-08',0.00,30.000,1.500,1.555,1.555,1.555,1.882,1.88,'SP110','','','Y',600.00,0,20.0,0.0,20.0,0,1,0,0,'HEP','O','2015-07-08',1.555,'',0,1,0,0.0,1.500,'HEP000',30.000,'',''),
	('',1153,'Blueberries-NY open pint IPM','BLUEBERRIES-NY OPEN',12.0,'ea','BLUEBERRIES-NY OPENHEP','FRO',5588,'','',0.000,'2015-07-08',0.00,50.000,4.167,4.259,4.259,4.259,5.153,5.15,'SP110','','','Y',1800.00,0,36.0,0.0,36.0,0,1,0,0,'HEP','I','2015-07-08',4.259,'',0,1,0,0.0,4.167,'HEP000',50.000,'',''),
	('',1154,'Dragon Fruit.','DRAGON FRUIT.',10.0,'ea','DRAGON FRUIT.USA','FRO',5589,'','',0.000,'2015-07-08',0.00,49.000,4.900,5.010,5.010,5.010,6.062,6.06,'SP110','','','Y',4.90,0,0.0,0.1,0.1,0,1,1,0,'USA','R','2015-07-08',5.010,'',0,1,0,0.0,4.900,'BAL000',49.000,'','');

/*!40000 ALTER TABLE `items` ENABLE KEYS */;
UNLOCK TABLES;


# Dump of table suppliers
# ------------------------------------------------------------

DROP TABLE IF EXISTS `suppliers`;

CREATE TABLE `suppliers` (
  `VENCODE` char(6) NOT NULL,
  `VENNAME` varchar(30) DEFAULT NULL,
  `VENADDR` varchar(30) DEFAULT NULL,
  `VENCITY` varchar(20) DEFAULT NULL,
  `VENSTAT` char(2) DEFAULT NULL,
  `VENZIP` varchar(10) DEFAULT NULL,
  `VENTEL1` varchar(12) DEFAULT NULL,
  `VENTEL2` varchar(12) DEFAULT NULL,
  `VENFAX` varchar(12) DEFAULT NULL,
  `VENREP` varchar(30) DEFAULT NULL,
  `VENCUSN` varchar(8) DEFAULT NULL,
  `VENPOYN` tinyint(1) DEFAULT NULL,
  `VENPODT` date DEFAULT NULL,
  `JUNK_SEQ` int(11) DEFAULT NULL,
  `VENINS1` varchar(40) DEFAULT NULL,
  `VENINS2` varchar(40) DEFAULT NULL,
  `VENINS3` varchar(40) DEFAULT NULL,
  `VENINS4` varchar(40) DEFAULT NULL,
  `VENINS5` varchar(40) DEFAULT NULL,
  `VENWKA` tinyint(1) DEFAULT NULL,
  `VENWKB` tinyint(1) DEFAULT NULL,
  `VENWKC` tinyint(1) DEFAULT NULL,
  `VENWKD` tinyint(1) DEFAULT NULL,
  `VENNOTE` varchar(80) DEFAULT NULL,
  `VENPTYP` tinyint(1) DEFAULT NULL,
  `VENOFDP` tinyint(1) DEFAULT NULL,
  `VENTEXT1` varchar(6) DEFAULT NULL,
  `VENTEXT2` varchar(6) DEFAULT NULL,
  `VENFAC1_VAL` decimal(8,4) DEFAULT NULL,
  `VENFAC2_VAL` decimal(8,4) DEFAULT NULL,
  `VENFAC3_VAL` decimal(8,4) DEFAULT NULL,
  `VENFAC4_VAL` decimal(8,4) DEFAULT NULL,
  `VENFACT1_TFLG` tinyint(1) DEFAULT NULL,
  `VENFACT2_TFLG` tinyint(1) DEFAULT NULL,
  `VENFACT3_TFLG` tinyint(1) DEFAULT NULL,
  `VENFACT4_TFLG` tinyint(1) DEFAULT NULL,
  `VENFACT1_SZFLG` tinyint(1) DEFAULT NULL,
  `VENFACT2_SZFLG` tinyint(1) DEFAULT NULL,
  `VENFACT3_SZFLG` tinyint(1) DEFAULT NULL,
  `VENFACT4_SZFLG` tinyint(1) DEFAULT NULL,
  PRIMARY KEY (`VENCODE`),
  KEY `VENCODE_IDX` (`VENCODE`),
  KEY `VENPOYN_IDX` (`VENPOYN`)
) ENGINE=InnoDB DEFAULT CHARSET=utf8 COMMENT='fi_ven - Produce vendor table';

LOCK TABLES `suppliers` WRITE;
/*!40000 ALTER TABLE `suppliers` DISABLE KEYS */;

INSERT INTO `suppliers` (`VENCODE`, `VENNAME`, `VENADDR`, `VENCITY`, `VENSTAT`, `VENZIP`, `VENTEL1`, `VENTEL2`, `VENFAX`, `VENREP`, `VENCUSN`, `VENPOYN`, `VENPODT`, `JUNK_SEQ`, `VENINS1`, `VENINS2`, `VENINS3`, `VENINS4`, `VENINS5`, `VENWKA`, `VENWKB`, `VENWKC`, `VENWKD`, `VENNOTE`, `VENPTYP`, `VENOFDP`, `VENTEXT1`, `VENTEXT2`, `VENFAC1_VAL`, `VENFAC2_VAL`, `VENFAC3_VAL`, `VENFAC4_VAL`, `VENFACT1_TFLG`, `VENFACT2_TFLG`, `VENFACT3_TFLG`, `VENFACT4_TFLG`, `VENFACT1_SZFLG`, `VENFACT2_SZFLG`, `VENFACT3_SZFLG`, `VENFACT4_SZFLG`)
VALUES
	('ALB000','Albert\'s Organica','PO Box 877','Swedesboro','NJ','08085','800-899-5944','','866-851-9168','Joan','',0,'2014-12-03',14,'','','','','',1,1,1,1,'',0,1,'63117','',0.0000,0.0000,0.0000,0.0000,0,0,0,0,0,0,0,0),
	('ANG000','Angello\'s Distributing','PO Box 1086','Philmont','NY','12565','518-537-7900','','518-537-7901','Mike','',0,'2014-12-03',17,'','','','','',1,1,1,1,'',0,1,'','',0.0000,0.0000,0.0000,0.0000,0,0,0,0,0,0,0,0),
	('BAL000','Baldor','155 Food Center Drive','Bronx','NY','10474','718-860-9100','347-219-9058','718-328-9944','Omar','',0,'2014-12-03',43,'','','','','',1,1,1,1,'',0,1,'4624','',0.0000,0.0000,0.0000,0.0000,0,0,0,0,0,0,0,0),
	('BKG000','Brooklyn Grange','Navy Yard','Brooklyn','NY','11215','999-999-9999','','','Alia','',0,'2014-11-11',68,'','','','','',1,1,1,1,'',0,1,'','',0.0000,0.0000,0.0000,0.0000,0,0,0,0,0,0,0,0),
	('BLM000','Blue Moon Acres, NJ','nj','nj','NY','12345','718-999-9999','','','Ashley','',0,'2013-05-22',52,'','','','','',1,1,1,1,'',0,1,'','',0.0000,0.0000,0.0000,0.0000,0,0,0,0,0,0,0,0),
	('BLU000','Blue Heron Farm','oi','tr','NY','11111','607-582-6336','','','Robin','',0,'1996-12-06',20,'','','','','',1,1,1,1,'',0,1,'','',0.0000,0.0000,0.0000,0.0000,0,0,0,0,0,0,0,0),
	('CAP000','Capital Specialties Mushrooms','Union St','Brooklyn','NY','11215','610-842-7486','','','Bobby','',0,'2010-03-12',51,'','','','','',1,1,1,1,'',0,1,'','',0.0000,0.0000,0.0000,0.0000,0,0,0,0,0,0,0,0),
	('DAR000','D\"Artagnan','280 Wilson Avenue','Newark','NJ','07105','800-327-8246','','','','',0,'2014-12-03',13,'','','','','',1,1,1,1,'',0,1,'','',0.0000,0.0000,0.0000,0.0000,0,0,0,0,0,0,0,0),
	('EAR000','Early Morning Farm','9658 State Route 90','Genoa','NY','13071','315-364-6941','','','Anton','',0,'2014-12-03',57,'','','','','',1,1,1,1,'',0,1,'','',0.0000,0.0000,0.0000,0.0000,0,0,0,0,0,0,0,0),
	('ELI000','Eli and Ali LLC','321','Brooklyn','NY','11299','222-222-2222','','','Jeff','',0,'2014-09-25',67,'','','','','',1,1,1,1,'',0,1,'','',0.0000,0.0000,0.0000,0.0000,0,0,0,0,0,0,0,0),
	('FAR000','Farmshed Harvest','333 Your Stret','Farmer','NY','11111','315-999-9999','','','Neil Miller','',0,'2013-10-10',63,'','','','','',1,1,1,1,'',0,1,'','',0.0000,0.0000,0.0000,0.0000,0,0,0,0,0,0,0,0),
	('FLN000','Flora Nurseries','444 4th St.','Four','NY','12345','999-999-9999','','','Allison Bennett','',0,'2013-01-30',62,'','','','','',1,1,1,1,'',0,1,'','',0.0000,0.0000,0.0000,0.0000,0,0,0,0,0,0,0,0),
	('FLO000','Finger Lakes Organic Growers','123 rd','upstate','NY','12345','607-321-4567','','','Janet','',0,'2011-04-22',53,'','','','','',1,1,1,1,'',0,1,'','',0.0000,0.0000,0.0000,0.0000,0,0,0,0,0,0,0,0),
	('FOR000','Four Seasons Produce','1975 North Reading Road','Denver','PA','17517','800-422-8384','717-336-2800','717-336-5791','Joshua','',0,'1999-06-11',36,'','','','','',1,1,1,1,'',0,1,'','',0.0000,0.0000,0.0000,0.0000,0,0,0,0,0,0,0,0),
	('FRE000','Fresh Meadow Organic Farm','PO Box 326','Albertson','NY','11507','845-800-8135','','','Bradley','',0,'2014-12-03',49,'','','','','',1,1,1,1,'',0,1,'','',0.0000,0.0000,0.0000,0.0000,0,0,0,0,0,0,0,0),
	('GDW000','Goodwater Farms','P.O. Box 3172','Sag Harbor','NY','11963','631-907-4345','','','Brendan','',0,'2015-01-29',70,'','','','','',1,1,1,1,'',0,1,'','',0.0000,0.0000,0.0000,0.0000,0,0,0,0,0,0,0,0),
	('GOT000','Gotham Greens','810 Humboldt Street','Brooklyn','NY','11222','917-301-1149','','','Nicole sales@gothamgreens.com','',0,'2015-01-13',69,'','','','','',1,1,1,1,'',0,1,'','',0.0000,0.0000,0.0000,0.0000,0,0,0,0,0,0,0,0),
	('GRI000','Grindstone Farm','fifjefnm','vmdkcmksl','NY','57574','315-298-4139','','','Dick','',0,'2014-10-17',39,'','','','','',1,1,1,1,'',0,1,'','',0.0000,0.0000,0.0000,0.0000,0,0,0,0,0,0,0,0),
	('HEP000','Hepworth','dummy address','Brooklyn','NY','11215','999-999-9999','','','','',0,'1994-12-13',8,'','','','','',1,1,1,1,'',0,1,'','',0.0000,0.0000,0.0000,0.0000,0,0,0,0,0,0,0,0),
	('IRW000','R.L. Irwin Mushrooms','P.O. Box 407','Kennett Square','PA','19348','610-444-3800','','','Brett Irwin','Z',0,'2014-05-05',64,'','','','','',1,1,1,1,'',0,1,'','',0.0000,0.0000,0.0000,0.0000,0,0,0,0,0,0,0,0),
	('JED090','Jedda produce','9 Donna Place','East Islip','NY','11730','516-422-2021','','','j','99990',0,'2007-12-06',38,'','','','','',1,1,1,1,'',0,1,'','',0.9000,0.0000,0.0000,0.0000,0,0,0,0,0,0,0,0),
	('JED180','Jedda','9778','tre','UY','76787','516-422-2021','','','j','',0,'2000-05-04',16,'','','','','',1,1,1,1,'',0,1,'','',1.8000,0.0000,0.0000,0.0000,0,0,0,0,0,0,0,0),
	('JED270','Jedda produce','9999','jhgfd','YT','09876','516-422-2021','','','j','',0,'2000-05-04',15,'','','','','',1,1,1,1,'',0,1,'','',2.7000,0.0000,0.0000,0.0000,0,0,0,0,0,0,0,0),
	('JED360','Jedda','dummy address','NY','NY','10025','999-999-9999','','','','',0,'2000-05-04',5,'','','','','',1,1,1,1,'',0,1,'','',3.6000,0.0000,0.0000,0.0000,0,0,0,0,0,0,0,0),
	('KEN000','Kent Family Growers','1301 County Route 31','Lisbon, NY 13658','NY','13658','315-322-4155','','','Megan Kent','',0,'2015-02-12',71,'','','','','',1,1,1,1,'',0,1,'','',0.0000,0.0000,0.0000,0.0000,0,0,0,0,0,0,0,0),
	('LAN000','Lancaster Farm Fresh Coop','48 Eagle Dr','Quarryville','PA','17540','717-786-5424','','800-996-0383','Casey Spacht','',0,'2008-08-13',42,'','','','','',1,1,1,1,'',0,1,'','',0.0000,0.0000,0.0000,0.0000,0,0,0,0,0,0,0,0),
	('MIG000','Migliorelli Farm','somewhere rd','Tivoli','NY','12345','845-757-3276','','845-757-3278','Ken','',0,'2007-08-20',34,'','','','','',1,1,1,1,'',0,0,'','',0.0000,0.0000,0.0000,0.0000,0,0,0,0,0,0,0,0),
	('OLD000','Old Friends Farm','.','.','MA','11122','718-999-9999','','','','',0,'2011-10-14',54,'','','','','',1,1,1,1,'',0,1,'','',0.0000,0.0000,0.0000,0.0000,0,0,0,0,0,0,0,0),
	('PAI000','Painters and Poets','-','-','NY','12345','718-999-9999','','','','',0,'1994-12-18',28,'','','','','',1,1,1,1,'',0,1,'','',0.0000,0.0000,0.0000,0.0000,0,0,0,0,0,0,0,0),
	('PER000','Perfect Foods','862 Pulaski Highway','Goshen','NY','10924','800-933-3288','','','Harley, Susan, Charlene','',0,'2014-12-03',18,'','','','','',1,1,1,1,'',0,1,'','',0.0000,0.0000,0.0000,0.0000,0,0,0,0,0,0,0,0),
	('PYR000','Pyramid Organic','111 2 St','abc','CA','90000','999-999-9999','','','Ron P','2',0,'2013-01-03',60,'','','','','',1,1,1,1,'',0,1,'','',0.0000,0.0000,0.0000,0.0000,0,0,0,0,0,0,0,0),
	('REG000','Regional Access','1 street','Brooklyn','NY','11215','607-319-5150','','607-319-5156','jay','',0,'2008-09-12',47,'','','','','',1,1,1,1,'',0,1,'','',0.0000,0.0000,0.0000,0.0000,0,0,0,0,0,0,0,0),
	('REM000','Remembrance Farm','123 Sesame St','Brooklyn','NY','11201','718-555-5555','','','','',0,'2012-05-09',45,'','','','','',1,1,1,1,'',0,1,'','',0.0000,0.0000,0.0000,0.0000,0,0,0,0,0,0,0,0),
	('RIB000','Ribbon Road Farm LLC','8438 Lyons Road','Sherman','NY','14781','716-326-6150','','','Al','',0,'2014-12-03',58,'','','','','',1,1,1,1,'',0,1,'','',0.0000,0.0000,0.0000,0.0000,0,0,0,0,0,0,0,0),
	('RVF000','Rose Valley Farm','PO Box149','Rose','NY','14542','845-999-9999','','','Janet Cawley','',0,'2015-05-11',72,'','','','','',1,1,1,1,'',0,1,'','',0.0000,0.0000,0.0000,0.0000,0,0,0,0,0,0,0,0),
	('SKY000','Skymeadow Garlic Farms','555','here','NY','44444','444-444-4444','','','','',0,'2012-11-02',59,'','','','','',1,1,1,1,'',0,1,'','',0.0000,0.0000,0.0000,0.0000,0,0,0,0,0,0,0,0),
	('STI000','Stick and Stone Farm','1605 Trumansburg Rd','Ithaca','NY','14850','607-216-2495','','','Lucy and Chaw','',0,'2014-12-03',56,'','','','','',1,1,1,1,'',0,1,'','',0.0000,0.0000,0.0000,0.0000,0,0,0,0,0,0,0,0),
	('STN000','Stone Ridge Orchards','300 Springtown Road','New Paltz','NY','12561','845-249-3440','','','','',0,'2007-09-12',46,'','','','','',1,1,1,1,'',0,1,'','',0.0000,0.0000,0.0000,0.0000,0,0,0,0,0,0,0,0),
	('STP000','Still Point Community Farm LLC','333 Third St','Amenia','NY','22222','999-999-9999','','','','',0,'2013-01-07',61,'','','','','',1,1,1,1,'',0,1,'','',0.0000,0.0000,0.0000,0.0000,0,0,0,0,0,0,0,0),
	('SUN125','Sundance Natural Foods','PO Box 5358','Oceanside','CA','92052','760-945-9898','','','Lorena','',0,'2014-12-03',55,'','','','','',1,1,1,1,'',0,1,'0','',1.2500,0.0000,0.0000,0.0000,0,0,0,0,0,0,0,0),
	('SUN250','Sundance Natural Foods','PO Box 5358','Oceanside','CA','92052','760-945-9898','','','','',0,'2014-12-03',29,'','','','','',1,1,1,1,'',0,1,'','',2.5000,0.0000,0.0000,0.0000,0,0,0,0,0,0,0,0),
	('SUN900','Sundance','PO Box 5358','Oceanside','CA','92052','760-945-9898','','','','',0,'2014-12-03',31,'','','','','',1,1,1,1,'',0,1,'','',9.0000,0.0000,0.0000,0.0000,0,0,0,0,0,0,0,0),
	('TSK000','Three Square Kitchen','***','Oswego','NY','99999','999-999-9999','','','','',0,'2014-07-15',65,'','','','','',1,1,1,1,'',0,1,'','',0.0000,0.0000,0.0000,0.0000,0,0,0,0,0,0,0,0),
	('WIN000','Windy Ridge Farm','111 Two Rd','Three City','NY','10000','222-222-2222','','','','',0,'2014-07-31',66,'','','','','',1,1,1,1,'',0,1,'','',0.0000,0.0000,0.0000,0.0000,0,0,0,0,0,0,0,0);

/*!40000 ALTER TABLE `suppliers` ENABLE KEYS */;
UNLOCK TABLES;



/*!40111 SET SQL_NOTES=@OLD_SQL_NOTES */;
/*!40101 SET SQL_MODE=@OLD_SQL_MODE */;
/*!40014 SET FOREIGN_KEY_CHECKS=@OLD_FOREIGN_KEY_CHECKS */;
/*!40101 SET CHARACTER_SET_CLIENT=@OLD_CHARACTER_SET_CLIENT */;
/*!40101 SET CHARACTER_SET_RESULTS=@OLD_CHARACTER_SET_RESULTS */;
/*!40101 SET COLLATION_CONNECTION=@OLD_COLLATION_CONNECTION */;
